./cases/scip-nlw/JuniperLib/RSyn0805M03M.stdout:DATA, RSyn0805M03M.jl, 541, 222, 0, 1285, Max, 3068.932067093068, NaN, Optimal, 14.168267011642456
./cases/scip-nlw/JuniperLib/csched1.stdout:DATA, csched1.jl, 77, 63, 0, 23, Min, -30170.92754877217, NaN, UserLimit, 607.2556619644165
./cases/scip-nlw/JuniperLib/crudeoil_li11.stdout:DATA, crudeoil_li11.jl, 1178, 180, 0, 3506, Max, 4638.717159695145, NaN, UserLimit, 629.0678951740265
./cases/scip-nlw/JuniperLib/nuclear49a.stdout:DATA, nuclear49a.jl, 3342, 2450, 0, 1432, Min, NaN, NaN, UserLimit, 602.5800020694733
./cases/scip-nlw/JuniperLib/RSyn0805H.stdout:DATA, RSyn0805H.jl, 309, 37, 0, 430, Max, 1296.120762579162, NaN, UserLimit, 0.4741659164428711
./cases/scip-nlw/JuniperLib/sfacloc2_4_80.stdout:DATA, sfacloc2_4_80.jl, 401, 122, 0, 2372, Min, 9.953071412666667, NaN, Optimal, 68.2852098941803
./cases/scip-nlw/JuniperLib/graphpart_2g-0088-0088.stdout:DATA, graphpart_2g-0088-0088.jl, 193, 192, 0, 65, Min, -5.935341000000002e6, NaN, UserLimit, 610.604434967041
./cases/scip-nlw/JuniperLib/FLay06M.stdout:DATA, FLay06M.jl, 87, 60, 0, 94, Min, 66.93277039933795, NaN, UserLimit, 733.9555330276489
./cases/scip-nlw/JuniperLib/gastrans582_freezing27.stdout:DATA, gastrans582_freezing27.jl, 2187, 0, 250, 3733, Min, NaN, NaN, UserLimit, 615.7895259857178
./cases/scip-nlw/JuniperLib/Syn20M04M.stdout:DATA, Syn20M04M.jl, 421, 160, 0, 1053, Max, 3532.7450055719905, NaN, UserLimit, 1.6362409591674805
./cases/scip-nlw/JuniperLib/SLay09M.stdout:DATA, SLay09M.jl, 235, 144, 0, 325, Min, 107805.75293226793, NaN, Optimal, 1.9762210845947266
./cases/scip-nlw/JuniperLib/nvs05.stdout:DATA, nvs05.jl, 9, 0, 2, 10, Min, NaN, NaN, UserLimit, 615.3253970146179
./cases/scip-nlw/JuniperLib/edgecross10-040.stdout:DATA, edgecross10-040.jl, 91, 90, 0, 481, Min, 142.0, NaN, Optimal, 8.391315221786499
./cases/scip-nlw/JuniperLib/CLay0303H.stdout:DATA, CLay0303H.jl, 100, 21, 0, 151, Min, 26669.133695477496, NaN, Optimal, 2.731076955795288
./cases/scip-nlw/JuniperLib/unitcommit1.stdout:DATA, unitcommit1.jl, 961, 720, 0, 5330, Min, 578176.6088948045, NaN, UserLimit, 7.980905055999756
./cases/scip-nlw/JuniperLib/cvxnonsep_psig30r.stdout:DATA, cvxnonsep_psig30r.jl, 63, 0, 15, 33, Min, 78.99881308276152, NaN, UserLimit, 0.4602231979370117
./cases/scip-nlw/JuniperLib/RSyn0830M03H.stdout:DATA, RSyn0830M03H.jl, 1759, 372, 0, 2935, Max, 1543.0612969688068, NaN, UserLimit, 10.181570053100586
./cases/scip-nlw/JuniperLib/uselinear.stdout:DATA, uselinear.jl, 6793, 58, 0, 7031, Min, NaN, NaN, UserLimit, 617.7957580089569
./cases/scip-nlw/JuniperLib/sssd12-05.stdout:DATA, sssd12-05.jl, 96, 75, 0, 53, Min, 281589.57527653186, NaN, UserLimit, 760.2243778705597
./cases/scip-nlw/JuniperLib/sssd20-04.stdout:DATA, sssd20-04.jl, 109, 92, 0, 53, Min, 348258.01784235827, NaN, UserLimit, 731.0636360645294
./cases/scip-nlw/JuniperLib/gastrans582_freezing30_95.stdout:DATA, gastrans582_freezing30_95.jl, 2187, 0, 250, 3733, Min, NaN, NaN, UserLimit, 615.3037540912628
./cases/scip-nlw/JuniperLib/edgecross14-039.stdout:DATA, edgecross14-039.jl, 183, 80, 0, 1457, Min, 129.99999999998073, NaN, UserLimit, 610.937625169754
./cases/scip-nlw/JuniperLib/squfl025-040persp.stdout:DATA, squfl025-040persp.jl, 2026, 25, 0, 2041, Min, 197.33157290147932, NaN, Optimal, 73.304270029068
./cases/scip-nlw/JuniperLib/st_testph4.stdout:DATA, st_testph4.jl, 4, 0, 3, 11, Min, -80.50000000025003, NaN, Optimal, 0.22890114784240723
./cases/scip-nlw/JuniperLib/waterno2_09.stdout:DATA, waterno2_09.jl, 1495, 81, 0, 1853, Min, 1103.9090240034523, NaN, UserLimit, 626.2564208507538
./cases/scip-nlw/JuniperLib/BatchS151208M.stdout:DATA, BatchS151208M.jl, 446, 203, 0, 1782, Min, 1.543472397622422e6, NaN, Optimal, 19.574607849121094
./cases/scip-nlw/JuniperLib/cvxnonsep_nsig30r.stdout:DATA, cvxnonsep_nsig30r.jl, 61, 0, 15, 32, Min, 156.4257977679902, NaN, UserLimit, 0.6009979248046875
./cases/scip-nlw/JuniperLib/ortez.stdout:DATA, ortez.jl, 88, 18, 0, 75, Min, -9532.039352180991, NaN, Optimal, 0.5040569305419922
./cases/scip-nlw/JuniperLib/fo7.stdout:DATA, fo7.jl, 115, 42, 0, 212, Min, 20.72982384068922, NaN, Optimal, 68.88695812225342
./cases/scip-nlw/JuniperLib/RSyn0830M02H.stdout:DATA, RSyn0830M02H.jl, 1173, 248, 0, 1795, Max, 730.5085771022163, NaN, UserLimit, 6.768038034439087
./cases/scip-nlw/JuniperLib/hvb11.stdout:DATA, hvb11.jl, 9818, 9537, 0, 10252, Min, 46962.0, NaN, UserLimit, 644.6908609867096
./cases/scip-nlw/JuniperLib/st_miqp5.stdout:DATA, st_miqp5.jl, 8, 0, 2, 14, Min, -333.8888905289831, NaN, UserLimit, 0.22925281524658203
./cases/scip-nlw/JuniperLib/sssd22-08persp.stdout:DATA, sssd22-08persp.jl, 233, 200, 0, 87, Min, 515310.07530879567, NaN, UserLimit, 719.7657289505005
./cases/scip-nlw/JuniperLib/graphpart_2g-0055-0062.stdout:DATA, graphpart_2g-0055-0062.jl, 76, 75, 0, 26, Min, -1.4843480000000002e6, NaN, Optimal, 2.204745054244995
./cases/scip-nlw/JuniperLib/cvxnonsep_normcon40r.stdout:DATA, cvxnonsep_normcon40r.jl, 81, 0, 20, 42, Min, -32.62967050076305, NaN, UserLimit, 0.8330538272857666
./cases/scip-nlw/JuniperLib/Syn20M03M.stdout:DATA, Syn20M03M.jl, 316, 120, 0, 700, Max, 2646.951345020586, NaN, UserLimit, 1.6538498401641846
./cases/scip-nlw/JuniperLib/netmod_dol2.stdout:DATA, netmod_dol2.jl, 1999, 462, 0, 3081, Min, -0.5600083705816903, NaN, Optimal, 48.1958110332489
./cases/scip-nlw/JuniperLib/crudeoil_li03.stdout:DATA, crudeoil_li03.jl, 965, 132, 0, 2443, Max, 3191.30557977347, NaN, UserLimit, 627.2847199440002
./cases/scip-nlw/JuniperLib/crudeoil_lee1_10.stdout:DATA, crudeoil_lee1_10.jl, 1071, 80, 0, 2656, Max, 79.75000000000969, NaN, Optimal, 19.11962890625
./cases/scip-nlw/JuniperLib/FLay06H.stdout:DATA, FLay06H.jl, 567, 60, 0, 694, Min, 66.93279479883859, NaN, UserLimit, 660.9953830242157
./cases/scip-nlw/JuniperLib/waterno2_03.stdout:DATA, waterno2_03.jl, 499, 27, 0, 617, Min, 115.00451672384374, NaN, UserLimit, 672.2440268993378
./cases/scip-nlw/JuniperLib/hydroenergy1.stdout:DATA, hydroenergy1.jl, 289, 96, 0, 429, Max, 209721.0066410181, NaN, UserLimit, 700.8402619361877
./cases/scip-nlw/JuniperLib/tln7.stdout:DATA, tln7.jl, 64, 7, 56, 43, Min, 15.8, NaN, UserLimit, 630.4610521793365
./cases/scip-nlw/JuniperLib/crudeoil_lee2_09.stdout:DATA, crudeoil_lee2_09.jl, 2080, 126, 0, 4828, Max, 101.17456625902264, NaN, UserLimit, 63.27875113487244
./cases/scip-nlw/JuniperLib/graphpart_3g-0244-0244.stdout:DATA, graphpart_3g-0244-0244.jl, 97, 96, 0, 33, Min, -2.7253835472814436e6, NaN, Optimal, 7.707945108413696
./cases/scip-nlw/JuniperLib/kport20.stdout:DATA, kport20.jl, 102, 2, 38, 28, Min, 31.809298190743583, NaN, UserLimit, 577.4805178642273
./cases/scip-nlw/JuniperLib/fac3.stdout:DATA, fac3.jl, 67, 12, 0, 34, Min, 3.1982309847999666e7, NaN, Optimal, 1.8261730670928955
./cases/scip-nlw/JuniperLib/RSyn0815M02M.stdout:DATA, RSyn0815M02M.jl, 471, 188, 0, 982, Max, 1774.3977231389263, NaN, Optimal, 12.394903898239136
./cases/scip-nlw/JuniperLib/graphpart_3g-0344-0344.stdout:DATA, graphpart_3g-0344-0344.jl, 145, 144, 0, 49, Min, -5.301516e6, NaN, Optimal, 239.18620610237122
./cases/scip-nlw/JuniperLib/gastrans040.stdout:DATA, gastrans040.jl, 280, 0, 48, 554, Min, NaN, NaN, UserLimit, 629.0424230098724
./cases/scip-nlw/JuniperLib/hda.stdout:DATA, hda.jl, 723, 13, 0, 719, Min, NaN, NaN, UserLimit, 606.966649055481
./cases/scip-nlw/JuniperLib/enpro56pb.stdout:DATA, enpro56pb.jl, 128, 73, 0, 192, Min, 263428.3009726013, NaN, Optimal, 2.39241099357605
./cases/scip-nlw/JuniperLib/st_testgr3.stdout:DATA, st_testgr3.jl, 21, 0, 20, 21, Min, -20.589999999999996, NaN, Optimal, 0.4334530830383301
./cases/scip-nlw/JuniperLib/nuclear14.stdout:DATA, nuclear14.jl, 1563, 576, 0, 1227, Min, -1.11738658161976, NaN, UserLimit, 636.7737700939178
./cases/scip-nlw/JuniperLib/waternd1.stdout:DATA, waternd1.jl, 75, 20, 0, 84, Min, 606763.1674870395, NaN, Optimal, 11.829713821411133
./cases/scip-nlw/JuniperLib/edgecross10-080.stdout:DATA, edgecross10-080.jl, 91, 74, 0, 481, Min, 1037.0, NaN, Optimal, 221.21833395957947
./cases/scip-nlw/JuniperLib/sssd18-06persp.stdout:DATA, sssd18-06persp.jl, 151, 126, 0, 67, Min, 399614.03232456185, NaN, UserLimit, 673.4461138248444
./cases/scip-nlw/JuniperLib/sfacloc2_4_95.stdout:DATA, sfacloc2_4_95.jl, 341, 69, 0, 446, Min, 14.299162620402125, NaN, Optimal, 9.30999493598938
./cases/scip-nlw/JuniperLib/tspn08.stdout:DATA, tspn08.jl, 45, 28, 0, 19, Min, 290.56685392220083, NaN, UserLimit, 655.5370349884033
./cases/scip-nlw/JuniperLib/SLay07M.stdout:DATA, SLay07M.jl, 141, 84, 0, 190, Min, 64748.825292074005, NaN, Optimal, 1.5678138732910156
./cases/scip-nlw/JuniperLib/squfl025-025.stdout:DATA, squfl025-025.jl, 651, 25, 0, 651, Min, 168.80722467715876, NaN, Optimal, 105.07948112487793
./cases/scip-nlw/JuniperLib/crudeoil_lee2_06.stdout:DATA, crudeoil_lee2_06.jl, 1387, 84, 0, 3118, Max, 101.17456625902167, NaN, UserLimit, 13.072783946990967
./cases/scip-nlw/JuniperLib/sepasequ_complex.stdout:DATA, sepasequ_complex.jl, 498, 50, 0, 1311, Min, 412.91598295010107, NaN, UserLimit, 628.6898288726807
./cases/scip-nlw/JuniperLib/gasprod_sarawak01.stdout:DATA, gasprod_sarawak01.jl, 132, 38, 0, 213, Min, -32445.40830720512, NaN, Optimal, 1.5416569709777832
./cases/scip-nlw/JuniperLib/squfl020-050persp.stdout:DATA, squfl020-050persp.jl, 2021, 20, 0, 2051, Min, 230.19908937850923, NaN, UserLimit, 43.48873496055603
./cases/scip-nlw/JuniperLib/sssd20-08persp.stdout:DATA, sssd20-08persp.jl, 217, 184, 0, 85, Min, 472716.274181862, NaN, UserLimit, 672.5480408668518
./cases/scip-nlw/JuniperLib/crudeoil_pooling_ct2.stdout:DATA, crudeoil_pooling_ct2.jl, 404, 108, 0, 733, Max, 10246.219956249093, NaN, UserLimit, 672.125195980072
./cases/scip-nlw/JuniperLib/RSyn0805M03H.stdout:DATA, RSyn0805M03H.jl, 1051, 222, 0, 1699, Max, 3068.9343511750876, NaN, UserLimit, 2.6116480827331543
./cases/scip-nlw/JuniperLib/cvxnonsep_normcon30r.stdout:DATA, cvxnonsep_normcon30r.jl, 61, 0, 15, 32, Min, -34.24396718881981, NaN, UserLimit, 0.5966830253601074
./cases/scip-nlw/JuniperLib/portfol_buyin.stdout:DATA, portfol_buyin.jl, 18, 8, 0, 20, Min, 0.029420876762304482, NaN, Optimal, 0.4295527935028076
./cases/scip-nlw/JuniperLib/multiplants_stg1a.stdout:DATA, multiplants_stg1a.jl, 424, 216, 0, 250, Max, NaN, NaN, UserLimit, 607.3066258430481
./cases/scip-nlw/JuniperLib/squfl030-150persp.stdout:DATA, squfl030-150persp.jl, 9031, 30, 0, 9151, Min, 4021.7447038543078, NaN, UserLimit, 605.7363529205322
./cases/scip-nlw/JuniperLib/ex1244.stdout:DATA, ex1244.jl, 96, 23, 0, 130, Min, 82042.90521881344, NaN, UserLimit, 765.5097751617432
./cases/scip-nlw/JuniperLib/nvs24.stdout:DATA, nvs24.jl, 11, 0, 10, 11, Min, -1033.2, NaN, Optimal, 0.8195509910583496
./cases/scip-nlw/JuniperLib/supplychainr1_020306.stdout:DATA, supplychainr1_020306.jl, 94, 27, 0, 115, Min, 437551.18297195935, NaN, Optimal, 2.0996670722961426
./cases/scip-nlw/JuniperLib/sssd18-08.stdout:DATA, sssd18-08.jl, 201, 168, 0, 83, Min, 837743.7722008233, NaN, UserLimit, 680.4023969173431
./cases/scip-nlw/JuniperLib/RSyn0815M04H.stdout:DATA, RSyn0815M04H.jl, 1797, 376, 0, 3191, Max, 3410.8572333063953, NaN, Optimal, 8.078407049179077
./cases/scip-nlw/JuniperLib/transswitch0014r.stdout:DATA, transswitch0014r.jl, 139, 20, 0, 198, Min, 8141.822419147149, NaN, UserLimit, 628.9214339256287
./cases/scip-nlw/JuniperLib/ndcc14.stdout:DATA, ndcc14.jl, 865, 54, 0, 306, Min, 122.487503028, NaN, UserLimit, 614.3295409679413
./cases/scip-nlw/JuniperLib/chp_partload.stdout:DATA, chp_partload.jl, 2249, 45, 0, 2517, Min, NaN, NaN, UserLimit, 608.3945100307465
./cases/scip-nlw/JuniperLib/graphpart_clique-50.stdout:DATA, graphpart_clique-50.jl, 151, 150, 0, 51, Min, 2312.0, NaN, UserLimit, 625.5724520683289
./cases/scip-nlw/JuniperLib/tspn05.stdout:DATA, tspn05.jl, 21, 10, 0, 11, Min, 191.25520780053225, NaN, UserLimit, 72.49549198150635
./cases/scip-nlw/JuniperLib/multiplants_stg6.stdout:DATA, multiplants_stg6.jl, 694, 384, 0, 388, Max, NaN, NaN, UserLimit, 612.1910841464996
./cases/scip-nlw/JuniperLib/RSyn0840M03H.stdout:DATA, RSyn0840M03H.jl, 2041, 432, 0, 3448, Max, 2742.647544843701, NaN, Optimal, 11.471407890319824
./cases/scip-nlw/JuniperLib/procurement1mot.stdout:DATA, procurement1mot.jl, 785, 60, 0, 750, Max, 283.6221057105099, NaN, UserLimit, 672.238450050354
./cases/scip-nlw/JuniperLib/enpro48pb.stdout:DATA, enpro48pb.jl, 154, 92, 0, 215, Min, 187277.25940609354, NaN, Optimal, 3.6703670024871826
./cases/scip-nlw/JuniperLib/multiplants_stg1.stdout:DATA, multiplants_stg1.jl, 415, 198, 0, 262, Max, 0, NaN, Infeasible, 202.10393285751343
./cases/scip-nlw/JuniperLib/fo8_ar2_1.stdout:DATA, fo8_ar2_1.jl, 145, 0, 56, 348, Min, 30.34060350303008, NaN, Optimal, 179.39393019676208
./cases/scip-nlw/JuniperLib/Syn15M03M.stdout:DATA, Syn15M03M.jl, 256, 90, 0, 538, Max, 3850.1824184256434, NaN, UserLimit, 0.5912790298461914
./cases/scip-nlw/JuniperLib/graphpart_3g-0334-0334.stdout:DATA, graphpart_3g-0334-0334.jl, 109, 108, 0, 37, Min, -3.410696e6, NaN, Optimal, 98.75456118583679
./cases/scip-nlw/JuniperLib/Syn40M.stdout:DATA, Syn40M.jl, 131, 40, 0, 227, Max, 67.71349708225387, NaN, UserLimit, 1.3082737922668457
./cases/scip-nlw/JuniperLib/multiplants_mtg5.stdout:DATA, multiplants_mtg5.jl, 191, 78, 0, 309, Max, 5877.601265330933, NaN, UserLimit, 676.4457700252533
./cases/scip-nlw/JuniperLib/sssd15-04.stdout:DATA, sssd15-04.jl, 89, 72, 0, 48, Min, 205160.99211664542, NaN, UserLimit, 693.4590120315552
./cases/scip-nlw/JuniperLib/genpooling_meyer04.stdout:DATA, genpooling_meyer04.jl, 119, 55, 0, 142, Min, 1.4149959143668592e6, NaN, UserLimit, 673.1736381053925
./cases/scip-nlw/JuniperLib/fo9.stdout:DATA, fo9.jl, 183, 72, 0, 344, Min, 23.464284254772547, NaN, UserLimit, 703.6921820640564
./cases/scip-nlw/JuniperLib/graphpart_3g-0444-0444.stdout:DATA, graphpart_3g-0444-0444.jl, 193, 192, 0, 65, Min, -7.593956e6, NaN, UserLimit, 609.6705138683319
./cases/scip-nlw/JuniperLib/cvxnonsep_psig40r.stdout:DATA, cvxnonsep_psig40r.jl, 83, 0, 20, 43, Min, 86.54505159226271, NaN, UserLimit, 0.7211098670959473
./cases/scip-nlw/JuniperLib/tspn15.stdout:DATA, tspn15.jl, 136, 105, 0, 35, Min, 327.13906209450687, NaN, UserLimit, 628.6923189163208
./cases/scip-nlw/JuniperLib/heatexch_gen3.stdout:DATA, heatexch_gen3.jl, 581, 60, 0, 511, Min, NaN, NaN, UserLimit, 630.8071839809418
./cases/scip-nlw/JuniperLib/product.stdout:DATA, product.jl, 1554, 107, 0, 1926, Min, NaN, NaN, UserLimit, 626.1266140937805
./cases/scip-nlw/JuniperLib/sssd25-04persp.stdout:DATA, sssd25-04persp.jl, 129, 112, 0, 58, Min, 300654.6916670563, NaN, UserLimit, 681.0678288936615
./cases/scip-nlw/JuniperLib/hydroenergy3.stdout:DATA, hydroenergy3.jl, 1009, 336, 0, 1499, Max, 744818.4239188047, NaN, UserLimit, 629.3438699245453
./cases/scip-nlw/JuniperLib/space25.stdout:DATA, space25.jl, 894, 750, 0, 236, Min, NaN, NaN, UserLimit, 605.4164910316467
./cases/scip-nlw/JuniperLib/Syn10M02M.stdout:DATA, Syn10M02M.jl, 111, 40, 0, 199, Max, 2310.300846070514, NaN, UserLimit, 0.5471830368041992
./cases/scip-nlw/JuniperLib/crudeoil_lee4_08.stdout:DATA, crudeoil_lee4_08.jl, 3129, 152, 0, 6858, Max, 132.5476009066667, NaN, Optimal, 101.81570506095886
./cases/scip-nlw/JuniperLib/SLay09H.stdout:DATA, SLay09H.jl, 811, 144, 0, 1045, Min, 107805.75168832371, NaN, Optimal, 24.189679861068726
./cases/scip-nlw/JuniperLib/ex1265a.stdout:DATA, ex1265a.jl, 36, 5, 30, 45, Min, 10.3, NaN, Optimal, 0.33093714714050293
./cases/scip-nlw/JuniperLib/supplychainr1_053050.stdout:DATA, supplychainr1_053050.jl, 5151, 1680, 0, 6581, Min, 4.321652747635965e6, NaN, UserLimit, 607.2008998394012
./cases/scip-nlw/JuniperLib/crudeoil_pooling_ct4.stdout:DATA, crudeoil_pooling_ct4.jl, 534, 138, 0, 925, Max, 13252.37999999681, NaN, UserLimit, 640.5485498905182
./cases/scip-nlw/JuniperLib/edgecross10-050.stdout:DATA, edgecross10-050.jl, 91, 90, 0, 481, Min, 276.0, NaN, Optimal, 24.19345998764038
./cases/scip-nlw/JuniperLib/crudeoil_lee1_07.stdout:DATA, crudeoil_lee1_07.jl, 750, 56, 0, 1777, Max, 79.75000000000001, NaN, Optimal, 5.41746187210083
./cases/scip-nlw/JuniperLib/spectra2.stdout:DATA, spectra2.jl, 70, 30, 0, 73, Min, 13.978304743065395, NaN, Optimal, 2.479130983352661
./cases/scip-nlw/JuniperLib/sfacloc1_2_95.stdout:DATA, sfacloc1_2_95.jl, 172, 9, 0, 209, Min, 18.850082699275642, NaN, UserLimit, 707.9110720157623
./cases/scip-nlw/JuniperLib/nous2.stdout:DATA, nous2.jl, 51, 2, 0, 44, Min, 0.625967342426007, NaN, UserLimit, 46.48728704452515
./cases/scip-nlw/JuniperLib/o7_2.stdout:DATA, o7_2.jl, 115, 42, 0, 212, Min, 116.9459302391749, NaN, UserLimit, 713.557168006897
./cases/scip-nlw/JuniperLib/edgecross10-060.stdout:DATA, edgecross10-060.jl, 91, 44, 0, 481, Min, 458.99999999999994, NaN, Optimal, 359.6659700870514
./cases/scip-nlw/JuniperLib/super3t.stdout:DATA, super3t.jl, 1056, 44, 0, 1343, Min, -0.5787634208750859, NaN, UserLimit, 612.2725210189819
./cases/scip-nlw/JuniperLib/fin2bb.stdout:DATA, fin2bb.jl, 589, 175, 0, 619, Min, 0.0, NaN, Optimal, 9.13891887664795
./cases/scip-nlw/JuniperLib/lop97icx.stdout:DATA, lop97icx.jl, 987, 0, 899, 88, Min, 4180.256652798626, NaN, UserLimit, 642.3622479438782
./cases/scip-nlw/JuniperLib/graphpart_2pm-0055-0055.stdout:DATA, graphpart_2pm-0055-0055.jl, 76, 75, 0, 26, Min, -20.0, NaN, Optimal, 1.8615450859069824
./cases/scip-nlw/JuniperLib/fo8_ar3_1.stdout:DATA, fo8_ar3_1.jl, 145, 0, 56, 348, Min, 23.910050427726908, NaN, Optimal, 24.369380950927734
./cases/scip-nlw/JuniperLib/Syn05M02H.stdout:DATA, Syn05M02H.jl, 105, 20, 0, 152, Max, 3032.735882482534, NaN, UserLimit, 0.276486873626709
./cases/scip-nlw/JuniperLib/edgecross10-010.stdout:DATA, edgecross10-010.jl, 91, 90, 0, 481, Min, 1.0, NaN, Optimal, 0.26836585998535156
./cases/scip-nlw/JuniperLib/edgecross10-030.stdout:DATA, edgecross10-030.jl, 91, 90, 0, 481, Min, 52.0, NaN, Optimal, 1.7563297748565674
./cases/scip-nlw/JuniperLib/graphpart_2g-0044-1601.stdout:DATA, graphpart_2g-0044-1601.jl, 49, 48, 0, 17, Min, -954077.0, NaN, Optimal, 0.5325720310211182
./cases/scip-nlw/JuniperLib/4stufen.stdout:DATA, 4stufen.jl, 150, 48, 0, 99, Min, 121889.76605283291, NaN, UserLimit, 611.5907921791077
./cases/scip-nlw/JuniperLib/squfl010-040persp.stdout:DATA, squfl010-040persp.jl, 811, 10, 0, 841, Min, 240.59852613842332, NaN, UserLimit, 2.8476388454437256
./cases/scip-nlw/JuniperLib/portfol_shortfall200_05.stdout:DATA, portfol_shortfall200_05.jl, 805, 201, 0, 608, Min, -1.1145245423992927, NaN, UserLimit, 607.8456330299377
./cases/scip-nlw/JuniperLib/squfl025-040.stdout:DATA, squfl025-040.jl, 1026, 25, 0, 1041, Min, 256.48787137747894, NaN, UserLimit, 608.1788930892944
./cases/scip-nlw/JuniperLib/csched1a.stdout:DATA, csched1a.jl, 29, 15, 0, 23, Min, -30429.483292924295, NaN, UserLimit, 0.6290509700775146
./cases/scip-nlw/JuniperLib/crudeoil_lee2_10.stdout:DATA, crudeoil_lee2_10.jl, 2311, 140, 0, 5432, Max, 101.17456625902732, NaN, Optimal, 88.69506692886353
./cases/scip-nlw/JuniperLib/RSyn0805M02H.stdout:DATA, RSyn0805M02H.jl, 701, 148, 0, 1046, Max, 2238.397435674733, NaN, UserLimit, 1.5902421474456787
./cases/scip-nlw/JuniperLib/o7_ar4_1.stdout:DATA, o7_ar4_1.jl, 113, 0, 42, 270, Min, 131.65313776551363, NaN, Optimal, 703.7490458488464
./cases/scip-nlw/JuniperLib/squfl025-025persp.stdout:DATA, squfl025-025persp.jl, 1276, 25, 0, 1276, Min, 168.8064170459621, NaN, Optimal, 29.00172185897827
./cases/scip-nlw/JuniperLib/gastrans582_cold17.stdout:DATA, gastrans582_cold17.jl, 2187, 0, 250, 3733, Min, NaN, NaN, UserLimit, 621.6975309848785
./cases/scip-nlw/JuniperLib/graphpart_3pm-0244-0244.stdout:DATA, graphpart_3pm-0244-0244.jl, 97, 96, 0, 33, Min, -28.0, NaN, Optimal, 36.25832200050354
./cases/scip-nlw/JuniperLib/tls5.stdout:DATA, tls5.jl, 162, 131, 5, 91, Min, 10.899999999999999, NaN, UserLimit, 636.5215430259705
./cases/scip-nlw/JuniperLib/telecomsp_metro.stdout:DATA, telecomsp_metro.jl, 4285, 4200, 0, 5079, Min, 1.46192e7, NaN, UserLimit, 604.5797159671783
./cases/scip-nlw/JuniperLib/Syn30M03M.stdout:DATA, Syn30M03M.jl, 481, 180, 0, 1042, Max, 654.1556347281276, NaN, Optimal, 3.0604159832000732
./cases/scip-nlw/JuniperLib/ndcc16.stdout:DATA, ndcc16.jl, 1081, 60, 0, 378, Min, 119.18890522399998, NaN, UserLimit, 615.1796569824219
./cases/scip-nlw/JuniperLib/graphpart_3pm-0234-0234.stdout:DATA, graphpart_3pm-0234-0234.jl, 73, 72, 0, 25, Min, -20.0, NaN, Optimal, 4.908550977706909
./cases/scip-nlw/JuniperLib/crudeoil_lee2_07.stdout:DATA, crudeoil_lee2_07.jl, 1618, 98, 0, 3671, Max, 101.17456625904926, NaN, Optimal, 32.80150604248047
./cases/scip-nlw/JuniperLib/heatexch_spec1.stdout:DATA, heatexch_spec1.jl, 57, 12, 0, 65, Min, 154997.3348659934, NaN, UserLimit, 742.9535939693451
./cases/scip-nlw/JuniperLib/RSyn0830M03M.stdout:DATA, RSyn0830M03M.jl, 931, 372, 0, 2152, Max, 1543.060485799963, NaN, Optimal, 48.4342520236969
./cases/scip-nlw/JuniperLib/gastrans582_mild11.stdout:DATA, gastrans582_mild11.jl, 2187, 0, 250, 3733, Min, 0.0, NaN, Optimal, 22.13250994682312
./cases/scip-nlw/JuniperLib/RSyn0805M.stdout:DATA, RSyn0805M.jl, 171, 69, 0, 287, Max, 1296.120675833558, NaN, Optimal, 1.5030810832977295
./cases/scip-nlw/JuniperLib/Syn40M04M.stdout:DATA, Syn40M04M.jl, 841, 320, 0, 2105, Max, 901.7538905593757, NaN, Optimal, 5.319801092147827
./cases/scip-nlw/JuniperLib/m7_ar4_1.stdout:DATA, m7_ar4_1.jl, 113, 0, 42, 270, Min, 106.75687691365584, NaN, Optimal, 2.5153040885925293
./cases/scip-nlw/JuniperLib/RSyn0820M02M.stdout:DATA, RSyn0820M02M.jl, 511, 208, 0, 1075, Max, 1092.0916826236148, NaN, Optimal, 7.894992828369141
./cases/scip-nlw/JuniperLib/multiplants_mtg6.stdout:DATA, multiplants_mtg6.jl, 350, 176, 0, 481, Max, 5253.530242461657, NaN, UserLimit, 637.7983601093292
./cases/scip-nlw/JuniperLib/FLay04M.stdout:DATA, FLay04M.jl, 43, 24, 0, 43, Min, 54.4058536348312, NaN, UserLimit, 2.6735360622406006
./cases/scip-nlw/JuniperLib/RSyn0805M04H.stdout:DATA, RSyn0805M04H.jl, 1401, 296, 0, 2439, Max, 7174.223079552692, NaN, UserLimit, 2.28641414642334
./cases/scip-nlw/JuniperLib/tls7.stdout:DATA, tls7.jl, 346, 289, 7, 155, Min, 20.4, NaN, UserLimit, 630.2516219615936
./cases/scip-nlw/JuniperLib/CLay0303M.stdout:DATA, CLay0303M.jl, 34, 21, 0, 67, Min, 26669.10957217224, NaN, Optimal, 1.2142090797424316
./cases/scip-nlw/JuniperLib/watercontamination0202r.stdout:DATA, watercontamination0202r.jl, 196, 7, 0, 284, Min, 97.90443617698583, NaN, Optimal, 319.7944128513336
./cases/scip-nlw/JuniperLib/graphpart_2pm-0088-0888.stdout:DATA, graphpart_2pm-0088-0888.jl, 193, 192, 0, 65, Min, -55.0, NaN, Optimal, 10.056467056274414
./cases/scip-nlw/JuniperLib/edgecross24-057.stdout:DATA, edgecross24-057.jl, 553, 552, 0, 8097, Min, 190.0, NaN, UserLimit, 609.3025150299072
./cases/scip-nlw/JuniperLib/multiplants_mtg2.stdout:DATA, multiplants_mtg2.jl, 230, 112, 0, 307, Max, 5144.261816597378, NaN, UserLimit, 612.6377379894257
./cases/scip-nlw/JuniperLib/synthes2.stdout:DATA, synthes2.jl, 12, 5, 0, 15, Min, 73.03530691905502, NaN, UserLimit, 0.5579302310943604
./cases/scip-nlw/JuniperLib/ex1223.stdout:DATA, ex1223.jl, 12, 4, 0, 14, Min, 4.579582400541849, NaN, UserLimit, 0.27916502952575684
./cases/scip-nlw/JuniperLib/portfol_card.stdout:DATA, portfol_card.jl, 18, 8, 0, 21, Min, 0.032209133672103235, NaN, Optimal, 0.3996260166168213
./cases/scip-nlw/JuniperLib/cvxnonsep_psig20r.stdout:DATA, cvxnonsep_psig20r.jl, 43, 0, 10, 23, Min, 95.8973247736822, NaN, Optimal, 0.7348668575286865
./cases/scip-nlw/JuniperLib/squfl015-060persp.stdout:DATA, squfl015-060persp.jl, 1816, 15, 0, 1861, Min, 366.6193602317767, NaN, Optimal, 12.510101079940796
./cases/scip-nlw/JuniperLib/Syn05M03M.stdout:DATA, Syn05M03M.jl, 91, 30, 0, 175, Max, 4027.3719775546692, NaN, UserLimit, 0.36527013778686523
./cases/scip-nlw/JuniperLib/RSyn0815M03M.stdout:DATA, RSyn0815M03M.jl, 706, 282, 0, 1648, Max, 2827.9264080291578, NaN, Optimal, 28.32926917076111
./cases/scip-nlw/JuniperLib/CLay0203M.stdout:DATA, CLay0203M.jl, 31, 18, 0, 55, Min, 41573.26250707424, NaN, Optimal, 0.8256669044494629
./cases/scip-nlw/JuniperLib/edgecross10-020.stdout:DATA, edgecross10-020.jl, 91, 90, 0, 481, Min, 11.0, NaN, Optimal, 1.0174360275268555
./cases/scip-nlw/JuniperLib/graphpart_2g-0077-0077.stdout:DATA, graphpart_2g-0077-0077.jl, 148, 147, 0, 50, Min, -3.282435e6, NaN, Optimal, 124.69490313529968
./cases/scip-nlw/JuniperLib/nuclear104.stdout:DATA, nuclear104.jl, 23814, 10816, 0, 14246, Min, NaN, NaN, UserLimit, 608.3669619560242
./cases/scip-nlw/JuniperLib/hydroenergy2.stdout:DATA, hydroenergy2.jl, 577, 192, 0, 857, Max, 371764.77559317264, NaN, UserLimit, 656.1278460025787
./cases/scip-nlw/JuniperLib/heatexch_gen2.stdout:DATA, heatexch_gen2.jl, 149, 16, 0, 167, Min, NaN, NaN, UserLimit, 733.4861769676208
./cases/scip-nlw/JuniperLib/waterno2_24.stdout:DATA, waterno2_24.jl, 3985, 216, 0, 4943, Min, 7997.370695674017, NaN, UserLimit, 614.7874610424042
./cases/scip-nlw/JuniperLib/FLay02H.stdout:DATA, FLay02H.jl, 47, 4, 0, 52, Min, 37.94733125597044, NaN, UserLimit, 0.7366158962249756
./cases/scip-nlw/JuniperLib/batch_nc.stdout:DATA, batch_nc.jl, 35, 12, 0, 68, Min, 285506.4816844968, NaN, Optimal, 1.6832809448242188
./cases/scip-nlw/JuniperLib/sssd18-08persp.stdout:DATA, sssd18-08persp.jl, 201, 168, 0, 83, Min, 838651.3181061462, NaN, UserLimit, 725.8078100681305
./cases/scip-nlw/JuniperLib/crudeoil_lee3_06.stdout:DATA, crudeoil_lee3_06.jl, 1537, 84, 0, 3360, Max, 85.44891307718854, NaN, UserLimit, 64.94702506065369
./cases/scip-nlw/JuniperLib/genpooling_lee2.stdout:DATA, genpooling_lee2.jl, 54, 9, 0, 93, Min, -3849.2654297240424, NaN, Optimal, 110.12095189094543
./cases/scip-nlw/JuniperLib/sepasequ_convent.stdout:DATA, sepasequ_convent.jl, 642, 20, 0, 1129, Min, 482.49967353777265, NaN, UserLimit, 72.2620918750763
./cases/scip-nlw/JuniperLib/squfl020-150persp.stdout:DATA, squfl020-150persp.jl, 6021, 20, 0, 6151, Min, 557.8353874487043, NaN, UserLimit, 605.0222499370575
./cases/scip-nlw/JuniperLib/crossdock_15x8.stdout:DATA, crossdock_15x8.jl, 241, 240, 0, 47, Min, 16330.0, NaN, UserLimit, 619.0548191070557
./cases/scip-nlw/JuniperLib/edgecross10-090.stdout:DATA, edgecross10-090.jl, 91, 90, 0, 481, Min, 1387.0, NaN, Optimal, 2.148353099822998
./cases/scip-nlw/JuniperLib/fo9_ar3_1.stdout:DATA, fo9_ar3_1.jl, 181, 0, 72, 436, Min, 24.81547431858572, NaN, Optimal, 136.6864309310913
./cases/scip-nlw/JuniperLib/gastrans.stdout:DATA, gastrans.jl, 107, 21, 0, 150, Min, 89.08584000012407, NaN, Optimal, 0.2730422019958496
./cases/scip-nlw/JuniperLib/crudeoil_pooling_dt2.stdout:DATA, crudeoil_pooling_dt2.jl, 4963, 1270, 0, 8179, Max, NaN, NaN, UserLimit, 606.2569010257721
./cases/scip-nlw/JuniperLib/BatchS101006M.stdout:DATA, BatchS101006M.jl, 279, 129, 0, 1020, Min, 769440.4203717007, NaN, Optimal, 5.981453895568848
./cases/scip-nlw/JuniperLib/transswitch0057r.stdout:DATA, transswitch0057r.jl, 519, 78, 0, 726, Min, NaN, NaN, UserLimit, 621.3902108669281
./cases/scip-nlw/JuniperLib/gastrans582_freezing27_95.stdout:DATA, gastrans582_freezing27_95.jl, 2187, 0, 250, 3733, Min, NaN, NaN, UserLimit, 617.3349530696869
./cases/scip-nlw/JuniperLib/du-opt.stdout:DATA, du-opt.jl, 21, 0, 13, 10, Min, 3.5563394867702782, NaN, Optimal, 1.5416550636291504
./cases/scip-nlw/JuniperLib/RSyn0840H.stdout:DATA, RSyn0840H.jl, 569, 72, 0, 838, Max, 325.55491206148577, NaN, UserLimit, 0.9900569915771484
./cases/scip-nlw/JuniperLib/chp_shorttermplan2a.stdout:DATA, chp_shorttermplan2a.jl, 1585, 240, 0, 3897, Min, 245800.4120546446, NaN, UserLimit, 23.310704946517944
./cases/scip-nlw/JuniperLib/Syn20M04H.stdout:DATA, Syn20M04H.jl, 765, 160, 0, 1453, Max, 3532.7449643918644, NaN, UserLimit, 1.388714075088501
./cases/scip-nlw/JuniperLib/lop97ic.stdout:DATA, lop97ic.jl, 1754, 0, 1662, 92, Min, 4759.335884799345, NaN, UserLimit, 608.721666097641
./cases/scip-nlw/JuniperLib/multiplants_stg1b.stdout:DATA, multiplants_stg1b.jl, 476, 243, 0, 280, Max, 0, NaN, Infeasible, 5.4400248527526855
./cases/scip-nlw/JuniperLib/RSyn0810M02M.stdout:DATA, RSyn0810M02M.jl, 411, 168, 0, 867, Max, 1741.3875920107462, NaN, Optimal, 14.827429056167603
./cases/scip-nlw/JuniperLib/ex1265.stdout:DATA, ex1265.jl, 131, 100, 0, 75, Min, 10.3, NaN, Optimal, 0.758202075958252
./cases/scip-nlw/JuniperLib/tspn10.stdout:DATA, tspn10.jl, 66, 45, 0, 22, Min, 225.47373586274446, NaN, UserLimit, 644.9369430541992
./cases/scip-nlw/JuniperLib/graphpart_3pm-0334-0334.stdout:DATA, graphpart_3pm-0334-0334.jl, 109, 108, 0, 37, Min, -36.0, NaN, Optimal, 76.32605719566345
./cases/scip-nlw/JuniperLib/sssd25-04.stdout:DATA, sssd25-04.jl, 129, 112, 0, 58, Min, 300662.4965030906, NaN, UserLimit, 708.3361160755157
./cases/scip-nlw/JuniperLib/crudeoil_lee3_05.stdout:DATA, crudeoil_lee3_05.jl, 1281, 70, 0, 2787, Max, 85.4460675623086, NaN, UserLimit, 26.98535990715027
./cases/scip-nlw/JuniperLib/edgecross10-070.stdout:DATA, edgecross10-070.jl, 91, 90, 0, 481, Min, 717.0, NaN, Optimal, 133.44769406318665
./cases/scip-nlw/JuniperLib/ex1252a.stdout:DATA, ex1252a.jl, 25, 3, 6, 35, Min, 128893.7408890549, NaN, UserLimit, 10.311532020568848
./cases/scip-nlw/JuniperLib/sssd15-08persp.stdout:DATA, sssd15-08persp.jl, 177, 144, 0, 80, Min, 572443.2817307789, NaN, UserLimit, 719.6967339515686
./cases/scip-nlw/JuniperLib/chp_shorttermplan2d.stdout:DATA, chp_shorttermplan2d.jl, 3121, 528, 0, 6839, Min, NaN, NaN, UserLimit, 616.9078209400177
./cases/scip-nlw/JuniperLib/graphpart_3g-0234-0234.stdout:DATA, graphpart_3g-0234-0234.jl, 73, 72, 0, 25, Min, -1.952753e6, NaN, Optimal, 2.7372078895568848
./cases/scip-nlw/JuniperLib/nuclearve.stdout:DATA, nuclearve.jl, 352, 168, 0, 318, Min, -1.0328091661324925, NaN, UserLimit, 631.9081039428711
./cases/scip-nlw/JuniperLib/crudeoil_lee1_05.stdout:DATA, crudeoil_lee1_05.jl, 536, 40, 0, 1241, Max, 79.74578104440815, NaN, UserLimit, 1.3680980205535889
./cases/scip-nlw/JuniperLib/Syn20M03H.stdout:DATA, Syn20M03H.jl, 574, 120, 0, 1000, Max, 2646.951849922931, NaN, UserLimit, 1.0626730918884277
./cases/scip-nlw/JuniperLib/Syn20M02M.stdout:DATA, Syn20M02M.jl, 211, 80, 0, 407, Max, 1752.133501741127, NaN, UserLimit, 1.0413289070129395
./cases/scip-nlw/JuniperLib/sssd15-08.stdout:DATA, sssd15-08.jl, 177, 144, 0, 80, Min, 564435.2557512632, NaN, UserLimit, 692.6062960624695
./cases/scip-nlw/JuniperLib/ndcc15persp.stdout:DATA, ndcc15persp.jl, 721, 40, 0, 347, Min, 95.006119328, NaN, UserLimit, 630.6518471240997
./cases/scip-nlw/JuniperLib/o7_ar25_1.stdout:DATA, o7_ar25_1.jl, 113, 0, 42, 270, Min, 140.41193977852927, NaN, Optimal, 362.55174589157104
./cases/scip-nlw/JuniperLib/routingdelay_bigm.stdout:DATA, routingdelay_bigm.jl, 1124, 396, 0, 2978, Min, 146.62556999942493, NaN, Optimal, 105.09362006187439
./cases/scip-nlw/JuniperLib/graphpart_2g-1010-0824.stdout:DATA, graphpart_2g-1010-0824.jl, 301, 300, 0, 101, Min, -6.875951000000001e6, NaN, UserLimit, 607.5215110778809
./cases/scip-nlw/JuniperLib/case_1scv2.stdout:DATA, case_1scv2.jl, 1557, 50, 0, 1266, Max, NaN, NaN, UserLimit, 614.553985118866
./cases/scip-nlw/JuniperLib/nuclear49.stdout:DATA, nuclear49.jl, 5736, 2401, 0, 3874, Min, NaN, NaN, UserLimit, 629.2307391166687
./cases/scip-nlw/JuniperLib/gastrans582_cold17_95.stdout:DATA, gastrans582_cold17_95.jl, 2187, 0, 250, 3733, Min, NaN, NaN, UserLimit, 614.5065579414368
./cases/scip-nlw/JuniperLib/graphpart_clique-30.stdout:DATA, graphpart_clique-30.jl, 91, 90, 0, 31, Min, 495.0, NaN, Optimal, 137.1376051902771
./cases/scip-nlw/JuniperLib/waternd2.stdout:DATA, waternd2.jl, 233, 72, 0, 250, Min, 1.2437926712830383e6, NaN, UserLimit, 625.990895986557
./cases/scip-nlw/JuniperLib/RSyn0820M02H.stdout:DATA, RSyn0820M02H.jl, 979, 208, 0, 1501, Max, 1092.0920617880838, NaN, UserLimit, 2.9425549507141113
./cases/scip-nlw/JuniperLib/crudeoil_li05.stdout:DATA, crudeoil_li05.jl, 941, 132, 0, 1917, Max, 3080.19707018453, NaN, UserLimit, 635.6925389766693
./cases/scip-nlw/JuniperLib/no7_ar4_1.stdout:DATA, no7_ar4_1.jl, 113, 0, 42, 270, Min, 98.51840148904392, NaN, Optimal, 153.2303810119629
./cases/scip-nlw/JuniperLib/crudeoil_pooling_ct3.stdout:DATA, crudeoil_pooling_ct3.jl, 730, 128, 0, 1199, Min, 299749.70384468517, NaN, UserLimit, 630.4997370243073
./cases/scip-nlw/JuniperLib/Syn40M03M.stdout:DATA, Syn40M03M.jl, 631, 240, 0, 1399, Max, 395.1495258924393, NaN, Optimal, 3.9910049438476562
./cases/scip-nlw/JuniperLib/SLay10M.stdout:DATA, SLay10M.jl, 291, 180, 0, 406, Min, 129579.8837535092, NaN, Optimal, 6.603506088256836
./cases/scip-nlw/JuniperLib/RSyn0830M02M.stdout:DATA, RSyn0830M02M.jl, 621, 248, 0, 1273, Max, 730.5081652071627, NaN, Optimal, 15.310258865356445
./cases/scip-nlw/JuniperLib/meanvarx.stdout:DATA, meanvarx.jl, 36, 14, 0, 45, Min, 14.369730563787684, NaN, UserLimit, 0.23941993713378906
./cases/scip-nlw/JuniperLib/RSyn0815M.stdout:DATA, RSyn0815M.jl, 206, 79, 0, 348, Max, 1269.9258191303577, NaN, UserLimit, 1.3623828887939453
./cases/scip-nlw/JuniperLib/fo7_ar4_1.stdout:DATA, fo7_ar4_1.jl, 113, 0, 42, 270, Min, 20.729821498666553, NaN, Optimal, 39.27551484107971
./cases/scip-nlw/JuniperLib/edgecross14-176.stdout:DATA, edgecross14-176.jl, 183, 182, 0, 1457, Min, 5875.0, NaN, UserLimit, 628.0980820655823
./cases/scip-nlw/JuniperLib/sssd15-06persp.stdout:DATA, sssd15-06persp.jl, 133, 108, 0, 64, Min, 540758.739393489, NaN, UserLimit, 691.0067100524902
./cases/scip-nlw/JuniperLib/transswitch0300r.stdout:DATA, transswitch0300r.jl, 2779, 408, 0, 3926, Min, NaN, NaN, UserLimit, 609.7541649341583
./cases/scip-nlw/JuniperLib/wager.stdout:DATA, wager.jl, 157, 30, 54, 143, Min, 0, NaN, Infeasible, 0.2311718463897705
./cases/scip-nlw/JuniperLib/Syn20M02H.stdout:DATA, Syn20M02H.jl, 383, 80, 0, 607, Max, 1752.134104883962, NaN, UserLimit, 0.8325839042663574
./cases/scip-nlw/JuniperLib/ghg_2veh.stdout:DATA, ghg_2veh.jl, 58, 18, 0, 63, Min, NaN, NaN, Error, 642.4827589988708
./cases/scip-nlw/JuniperLib/crudeoil_li02.stdout:DATA, crudeoil_li02.jl, 1298, 240, 0, 5005, Max, 1.0156483083333534e8, NaN, UserLimit, 660.2252509593964
./cases/scip-nlw/JuniperLib/RSyn0820M04H.stdout:DATA, RSyn0820M04H.jl, 1957, 416, 0, 3529, Max, 2450.7741353104398, NaN, Optimal, 7.958738088607788
./cases/scip-nlw/JuniperLib/graphpart_3pm-0344-0344.stdout:DATA, graphpart_3pm-0344-0344.jl, 145, 144, 0, 49, Min, -48.0, NaN, UserLimit, 650.7526891231537
./cases/scip-nlw/JuniperLib/fo7_ar25_1.stdout:DATA, fo7_ar25_1.jl, 113, 0, 42, 270, Min, 23.093565964234166, NaN, Optimal, 51.15851378440857
./cases/scip-nlw/JuniperLib/Syn10M.stdout:DATA, Syn10M.jl, 36, 10, 0, 55, Max, 1267.353550001686, NaN, Optimal, 0.2542760372161865
./cases/scip-nlw/JuniperLib/tanksize.stdout:DATA, tanksize.jl, 47, 9, 0, 74, Min, 1.2686437217295548, NaN, Optimal, 2.661201000213623
./cases/scip-nlw/JuniperLib/bchoco08.stdout:DATA, bchoco08.jl, 169, 9, 0, 191, Max, NaN, NaN, UserLimit, 625.5126600265503
./cases/scip-nlw/JuniperLib/graphpart_3pm-0444-0444.stdout:DATA, graphpart_3pm-0444-0444.jl, 193, 192, 0, 65, Min, -65.0, NaN, UserLimit, 642.8320741653442
./cases/scip-nlw/JuniperLib/Syn15M02M.stdout:DATA, Syn15M02M.jl, 171, 60, 0, 314, Max, 2832.748932410967, NaN, UserLimit, 0.517876148223877
./cases/scip-nlw/JuniperLib/sfacloc1_4_80.stdout:DATA, sfacloc1_4_80.jl, 356, 62, 0, 2235, Min, 8.361676194711503, NaN, UserLimit, 647.5973200798035
./cases/scip-nlw/JuniperLib/nvs22.stdout:DATA, nvs22.jl, 9, 0, 4, 10, Min, 6.05822, NaN, Optimal, 0.28315091133117676
./cases/scip-nlw/JuniperLib/CLay0204H.stdout:DATA, CLay0204H.jl, 165, 32, 0, 235, Min, 6544.9996042502025, NaN, Optimal, 13.560848951339722
./cases/scip-nlw/JuniperLib/squfl020-150.stdout:DATA, squfl020-150.jl, 3021, 20, 0, 3151, Min, 5634.941702585355, NaN, UserLimit, 602.5285470485687
./cases/scip-nlw/JuniperLib/squfl020-040.stdout:DATA, squfl020-040.jl, 821, 20, 0, 841, Min, 209.25489000114612, NaN, Optimal, 464.10782980918884
./cases/scip-nlw/JuniperLib/supplychainr1_030510.stdout:DATA, supplychainr1_030510.jl, 231, 70, 0, 281, Min, 860440.157809981, NaN, Optimal, 0.4055929183959961
./cases/scip-nlw/JuniperLib/multiplants_mtg1c.stdout:DATA, multiplants_mtg1c.jl, 245, 120, 0, 319, Max, 661.1609175090728, NaN, UserLimit, 656.3596231937408
./cases/scip-nlw/JuniperLib/o7_ar3_1.stdout:DATA, o7_ar3_1.jl, 113, 0, 42, 270, Min, 137.9318340577887, NaN, Optimal, 683.2308647632599
./cases/scip-nlw/JuniperLib/feedtray.stdout:DATA, feedtray.jl, 98, 7, 0, 92, Min, NaN, NaN, UserLimit, 626.7722880840302
./cases/scip-nlw/JuniperLib/Syn30M02M.stdout:DATA, Syn30M02M.jl, 321, 120, 0, 605, Max, 399.68404157014515, NaN, Optimal, 2.0077550411224365
./cases/scip-nlw/JuniperLib/minlphix.stdout:DATA, minlphix.jl, 85, 20, 0, 93, Min, -1.2757142832740738e21, NaN, Optimal, 12.143964767456055
./cases/scip-nlw/JuniperLib/no7_ar25_1.stdout:DATA, no7_ar25_1.jl, 113, 0, 42, 270, Min, 107.81529269522797, NaN, Optimal, 49.401968002319336
./cases/scip-nlw/JuniperLib/util.stdout:DATA, util.jl, 146, 28, 0, 168, Min, 999.6212717414859, NaN, UserLimit, 0.37117505073547363
./cases/scip-nlw/JuniperLib/gastrans582_cold13.stdout:DATA, gastrans582_cold13.jl, 2187, 0, 250, 3733, Min, NaN, NaN, UserLimit, 615.4020519256592
./cases/scip-nlw/JuniperLib/crudeoil_pooling_dt4.stdout:DATA, crudeoil_pooling_dt4.jl, 5063, 1326, 0, 7699, Max, 13255.799999965524, NaN, UserLimit, 607.8523199558258
./cases/scip-nlw/JuniperLib/csched2.stdout:DATA, csched2.jl, 401, 308, 0, 138, Min, -154984.96140002634, NaN, UserLimit, 610.4800999164581
./cases/scip-nlw/JuniperLib/nuclear14a.stdout:DATA, nuclear14a.jl, 993, 600, 0, 634, Min, NaN, NaN, UserLimit, 605.089849948883
./cases/scip-nlw/JuniperLib/ex1225.stdout:DATA, ex1225.jl, 9, 6, 0, 11, Min, 31.0, NaN, Optimal, 0.22044110298156738
./cases/scip-nlw/JuniperLib/edgecross14-058.stdout:DATA, edgecross14-058.jl, 183, 182, 0, 1457, Min, 353.0, NaN, Optimal, 448.9951751232147
./cases/scip-nlw/JuniperLib/watertreatnd_conc.stdout:DATA, watertreatnd_conc.jl, 361, 5, 0, 320, Min, 348336.76136830077, NaN, UserLimit, 24.49094009399414
./cases/scip-nlw/JuniperLib/synheat.stdout:DATA, synheat.jl, 57, 12, 0, 65, Min, 154997.3348659934, NaN, UserLimit, 709.1179320812225
./cases/scip-nlw/JuniperLib/nuclear25.stdout:DATA, nuclear25.jl, 1679, 625, 0, 1304, Min, -1.1085131427802393, NaN, UserLimit, 626.7349750995636
./cases/scip-nlw/JuniperLib/crudeoil_lee3_10.stdout:DATA, crudeoil_lee3_10.jl, 2561, 140, 0, 5822, Max, 85.44891307855488, NaN, UserLimit, 289.4431200027466
./cases/scip-nlw/JuniperLib/heatexch_spec2.stdout:DATA, heatexch_spec2.jl, 77, 16, 0, 91, Min, NaN, NaN, UserLimit, 608.9341650009155
./cases/scip-nlw/JuniperLib/CLay0304H.stdout:DATA, CLay0304H.jl, 177, 36, 0, 259, Min, 40262.42370599467, NaN, Optimal, 10.133612871170044
./cases/scip-nlw/JuniperLib/wastepaper3.stdout:DATA, wastepaper3.jl, 53, 27, 0, 31, Min, 0.018917977153761357, NaN, Optimal, 7.454750061035156
./cases/scip-nlw/JuniperLib/gastrans582_freezing30.stdout:DATA, gastrans582_freezing30.jl, 2187, 0, 250, 3733, Min, NaN, NaN, UserLimit, 616.80166888237
./cases/scip-nlw/JuniperLib/RSyn0840M.stdout:DATA, RSyn0840M.jl, 281, 104, 0, 485, Max, 325.554680628122, NaN, Optimal, 1.3637669086456299
./cases/scip-nlw/JuniperLib/portfol_shortfall050_68.stdout:DATA, portfol_shortfall050_68.jl, 205, 51, 0, 158, Min, -1.0972038199082301, NaN, UserLimit, 9.189298868179321
./cases/scip-nlw/JuniperLib/Syn40H.stdout:DATA, Syn40H.jl, 303, 40, 0, 467, Max, 67.71371776089639, NaN, Optimal, 1.3371648788452148
./cases/scip-nlw/JuniperLib/watercontamination0303r.stdout:DATA, watercontamination0303r.jl, 385, 14, 0, 557, Min, 800.0530069230416, NaN, UserLimit, 603.478119134903
./cases/scip-nlw/JuniperLib/sfacloc2_3_80.stdout:DATA, sfacloc2_3_80.jl, 324, 107, 0, 2269, Min, 11.05851805953333, NaN, Optimal, 44.93175983428955
./cases/scip-nlw/JuniperLib/nuclear10b.stdout:DATA, nuclear10b.jl, 23827, 10920, 0, 24972, Min, -1.1424127372182353, NaN, UserLimit, 603.6565291881561
./cases/scip-nlw/JuniperLib/gasnet_al1.stdout:DATA, gasnet_al1.jl, 725, 136, 0, 831, Min, 7776.774465818911, NaN, UserLimit, 642.9710919857025
./cases/scip-nlw/JuniperLib/cvxnonsep_nsig20r.stdout:DATA, cvxnonsep_nsig20r.jl, 41, 0, 10, 22, Min, 80.94902424584606, NaN, UserLimit, 0.4543309211730957
./cases/scip-nlw/JuniperLib/space960.stdout:DATA, space960.jl, 5538, 0, 960, 6498, Min, NaN, NaN, UserLimit, 602.8111209869385
./cases/scip-nlw/JuniperLib/crudeoil_pooling_ct1.stdout:DATA, crudeoil_pooling_ct1.jl, 311, 80, 0, 566, Min, 211300.92950015693, NaN, UserLimit, 638.6725008487701
./cases/scip-nlw/JuniperLib/gastrans582_warm15_95.stdout:DATA, gastrans582_warm15_95.jl, 2187, 0, 250, 3733, Min, NaN, NaN, UserLimit, 615.3512668609619
./cases/scip-nlw/JuniperLib/SLay06H.stdout:DATA, SLay06H.jl, 343, 60, 0, 436, Min, 32757.020181767744, NaN, UserLimit, 2.6744790077209473
./cases/scip-nlw/JuniperLib/ibs2.stdout:DATA, ibs2.jl, 3011, 1500, 0, 1822, Min, 4.454597506359116, NaN, UserLimit, 613.9718501567841
./cases/scip-nlw/JuniperLib/nuclear25b.stdout:DATA, nuclear25b.jl, 1684, 650, 0, 1910, Min, -1.0659728630854626, NaN, UserLimit, 605.2250211238861
./cases/scip-nlw/JuniperLib/RSyn0840M02M.stdout:DATA, RSyn0840M02M.jl, 721, 288, 0, 1481, Max, 734.9854513067444, NaN, Optimal, 18.582832098007202
./cases/scip-nlw/JuniperLib/genpooling_meyer15.stdout:DATA, genpooling_meyer15.jl, 735, 352, 0, 769, Min, 1.903537292425234e6, NaN, UserLimit, 636.5945489406586
./cases/scip-nlw/JuniperLib/Syn30M04M.stdout:DATA, Syn30M04M.jl, 641, 240, 0, 1569, Max, 865.7244341136792, NaN, Optimal, 3.082453966140747
./cases/scip-nlw/JuniperLib/st_test8.stdout:DATA, st_test8.jl, 25, 0, 24, 21, Min, -29605.000000000036, NaN, Optimal, 0.28932881355285645
./cases/scip-nlw/JuniperLib/RSyn0810M04H.stdout:DATA, RSyn0810M04H.jl, 1581, 336, 0, 2785, Max, 6581.938366096117, NaN, UserLimit, 3.177888870239258
./cases/scip-nlw/JuniperLib/gastrans582_warm15.stdout:DATA, gastrans582_warm15.jl, 2187, 0, 250, 3733, Min, 0.0, NaN, Optimal, 91.6684501171112
./cases/scip-nlw/JuniperLib/graphpart_2pm-0066-0066.stdout:DATA, graphpart_2pm-0066-0066.jl, 109, 108, 0, 37, Min, -29.0, NaN, Optimal, 3.4989709854125977
./cases/scip-nlw/JuniperLib/sfacloc1_2_90.stdout:DATA, sfacloc1_2_90.jl, 200, 30, 0, 349, Min, 17.905039594456408, NaN, UserLimit, 654.7554018497467
./cases/scip-nlw/JuniperLib/CLay0204M.stdout:DATA, CLay0204M.jl, 53, 32, 0, 91, Min, 6544.999604250196, NaN, Optimal, 1.9505581855773926
./cases/scip-nlw/JuniperLib/heatexch_spec3.stdout:DATA, heatexch_spec3.jl, 261, 60, 0, 251, Min, NaN, NaN, UserLimit, 643.8675100803375
./cases/scip-nlw/JuniperLib/FLay03H.stdout:DATA, FLay03H.jl, 123, 12, 0, 145, Min, 48.989793040340594, NaN, Optimal, 1.346972942352295
./cases/scip-nlw/JuniperLib/squfl020-050.stdout:DATA, squfl020-050.jl, 1021, 20, 0, 1051, Min, 240.85965975369388, NaN, UserLimit, 606.8616161346436
./cases/scip-nlw/JuniperLib/RSyn0820H.stdout:DATA, RSyn0820H.jl, 418, 52, 0, 605, Max, 1150.3021342643367, NaN, UserLimit, 1.9142160415649414
./cases/scip-nlw/JuniperLib/sssd15-04persp.stdout:DATA, sssd15-04persp.jl, 89, 72, 0, 48, Min, 205615.03202139417, NaN, UserLimit, 722.4254138469696
./cases/scip-nlw/JuniperLib/eg_disc_s.stdout:DATA, eg_disc_s.jl, 8, 0, 4, 28, Min, NaN, NaN, UserLimit, 635.4756989479065
./cases/scip-nlw/JuniperLib/edgecross20-040.stdout:DATA, edgecross20-040.jl, 381, 380, 0, 4561, Min, 57.0, NaN, UserLimit, 615.5301761627197
./cases/scip-nlw/JuniperLib/sssd20-04persp.stdout:DATA, sssd20-04persp.jl, 109, 92, 0, 53, Min, 347814.8749753566, NaN, UserLimit, 677.8304278850555
./cases/scip-nlw/JuniperLib/Syn10M04H.stdout:DATA, Syn10M04H.jl, 389, 80, 0, 709, Max, 4557.064053353328, NaN, UserLimit, 0.5939731597900391
./cases/scip-nlw/JuniperLib/RSyn0830H.stdout:DATA, RSyn0830H.jl, 495, 62, 0, 717, Max, 510.0723393360096, NaN, Optimal, 2.9695730209350586
./cases/scip-nlw/JuniperLib/sfacloc1_3_80.stdout:DATA, sfacloc1_3_80.jl, 294, 62, 0, 2162, Min, 8.532742615192626, NaN, UserLimit, 651.3496689796448
./cases/scip-nlw/JuniperLib/fo9_ar25_1.stdout:DATA, fo9_ar25_1.jl, 181, 0, 72, 436, Min, 32.18643061836376, NaN, UserLimit, 695.2759039402008
./cases/scip-nlw/JuniperLib/ravem.stdout:DATA, ravem.jl, 113, 54, 0, 187, Min, 269590.219315306, NaN, Optimal, 3.0200910568237305
./cases/scip-nlw/JuniperLib/fo8_ar4_1.stdout:DATA, fo8_ar4_1.jl, 145, 0, 56, 348, Min, 22.381894113381186, NaN, Optimal, 81.76049399375916
./cases/scip-nlw/JuniperLib/gams01.stdout:DATA, gams01.jl, 146, 110, 0, 1269, Min, 22908.496660044846, NaN, UserLimit, 621.0265898704529
./cases/scip-nlw/JuniperLib/crudeoil_li06.stdout:DATA, crudeoil_li06.jl, 965, 132, 0, 2437, Max, 3355.0, NaN, Optimal, 194.2696990966797
./cases/scip-nlw/JuniperLib/Syn20M.stdout:DATA, Syn20M.jl, 66, 20, 0, 114, Max, 924.2635076610004, NaN, UserLimit, 0.6758720874786377
./cases/scip-nlw/JuniperLib/gasprod_sarawak16.stdout:DATA, gasprod_sarawak16.jl, 1527, 38, 0, 2253, Min, -32237.065843346263, NaN, UserLimit, 652.7863640785217
./cases/scip-nlw/JuniperLib/routingdelay_proj.stdout:DATA, routingdelay_proj.jl, 1124, 396, 0, 2978, Min, NaN, NaN, UserLimit, 612.5166218280792
./cases/scip-nlw/JuniperLib/waterno2_12.stdout:DATA, waterno2_12.jl, 1993, 108, 0, 2471, Min, 2579.8139503483453, NaN, UserLimit, 622.3783209323883
./cases/scip-nlw/JuniperLib/sfacloc2_4_90.stdout:DATA, sfacloc2_4_90.jl, 369, 90, 0, 600, Min, 13.411503349266663, NaN, Optimal, 18.654879093170166
./cases/scip-nlw/JuniperLib/Syn15M04H.stdout:DATA, Syn15M04H.jl, 605, 120, 0, 1115, Max, 4937.478933793204, NaN, UserLimit, 0.7215878963470459
./cases/scip-nlw/JuniperLib/ex4.stdout:DATA, ex4.jl, 37, 25, 0, 31, Min, -8.06413625823339, NaN, Optimal, 2.6909871101379395
./cases/scip-nlw/JuniperLib/gasnet_al2.stdout:DATA, gasnet_al2.jl, 725, 136, 0, 831, Min, NaN, NaN, UserLimit, 644.2586019039154
./cases/scip-nlw/JuniperLib/fac1.stdout:DATA, fac1.jl, 23, 6, 0, 19, Min, 1.60912612350169e8, NaN, Optimal, 0.22244811058044434
./cases/scip-nlw/JuniperLib/sssd20-08.stdout:DATA, sssd20-08.jl, 217, 184, 0, 85, Min, 471533.99591095967, NaN, UserLimit, 667.8851201534271
./cases/scip-nlw/JuniperLib/graphpart_2g-0099-9211.stdout:DATA, graphpart_2g-0099-9211.jl, 244, 243, 0, 82, Min, -4.7616e6, NaN, UserLimit, 613.2094700336456
./cases/scip-nlw/JuniperLib/gasnet_al4.stdout:DATA, gasnet_al4.jl, 725, 136, 0, 831, Min, NaN, NaN, UserLimit, 644.6081488132477
./cases/scip-nlw/JuniperLib/cvxnonsep_nsig40r.stdout:DATA, cvxnonsep_nsig40r.jl, 81, 0, 20, 42, Min, 133.96024096471697, NaN, UserLimit, 0.5745868682861328
./cases/scip-nlw/JuniperLib/crudeoil_pooling_dt1.stdout:DATA, crudeoil_pooling_dt1.jl, 3713, 916, 0, 5779, Min, 429474.2609220826, NaN, UserLimit, 605.5618450641632
./cases/scip-nlw/JuniperLib/sssd15-06.stdout:DATA, sssd15-06.jl, 133, 108, 0, 64, Min, 542452.2057460318, NaN, UserLimit, 686.9338221549988
./cases/scip-nlw/JuniperLib/squfl010-025.stdout:DATA, squfl010-025.jl, 261, 10, 0, 276, Min, 214.11095244320407, NaN, Optimal, 43.85283088684082
./cases/scip-nlw/JuniperLib/o7_ar2_1.stdout:DATA, o7_ar2_1.jl, 113, 0, 42, 270, Min, 140.4119439605995, NaN, Optimal, 89.17936992645264
./cases/scip-nlw/JuniperLib/squfl025-030persp.stdout:DATA, squfl025-030persp.jl, 1526, 25, 0, 1531, Min, 205.50068573619353, NaN, UserLimit, 47.955435037612915
./cases/scip-nlw/JuniperLib/sssd22-08.stdout:DATA, sssd22-08.jl, 233, 200, 0, 87, Min, 510661.55526395305, NaN, UserLimit, 669.8076159954071
./cases/scip-nlw/JuniperLib/squfl040-080.stdout:DATA, squfl040-080.jl, 3241, 40, 0, 3281, Min, 414.21277050892036, NaN, UserLimit, 603.0793690681458
./cases/scip-nlw/JuniperLib/primary.stdout:DATA, primary.jl, 82, 8, 52, 164, Min, NaN, NaN, UserLimit, 652.2803211212158
./cases/scip-nlw/JuniperLib/waste.stdout:DATA, waste.jl, 2485, 400, 0, 1992, Min, 618.2582862858557, NaN, UserLimit, 657.239933013916
./cases/scip-nlw/JuniperLib/transswitch0030r.stdout:DATA, transswitch0030r.jl, 278, 41, 0, 392, Min, 576.8933822832332, NaN, UserLimit, 611.741072177887
./cases/scip-nlw/JuniperLib/RSyn0840M02H.stdout:DATA, RSyn0840M02H.jl, 1361, 288, 0, 2107, Max, 734.9854816376238, NaN, Optimal, 7.5803539752960205
./cases/scip-nlw/JuniperLib/supplychainp1_022020.stdout:DATA, supplychainp1_022020.jl, 2941, 460, 0, 5301, Min, 1.7769771152717157e6, NaN, UserLimit, 617.3131990432739
./cases/scip-nlw/JuniperLib/portfol_classical200_2.stdout:DATA, portfol_classical200_2.jl, 601, 200, 0, 404, Min, -0.10807141248807603, NaN, UserLimit, 609.6086919307709
./cases/scip-nlw/JuniperLib/ndcc15.stdout:DATA, ndcc15.jl, 681, 40, 0, 307, Min, 98.516987487, NaN, UserLimit, 622.5461890697479
./cases/scip-nlw/JuniperLib/crudeoil_lee3_08.stdout:DATA, crudeoil_lee3_08.jl, 2049, 112, 0, 4557, Max, 85.44891036922616, NaN, UserLimit, 154.2514350414276
./cases/scip-nlw/JuniperLib/nuclearvb.stdout:DATA, nuclearvb.jl, 352, 168, 0, 318, Min, -1.0200759840155336, NaN, UserLimit, 687.1820719242096
./cases/scip-nlw/JuniperLib/SLay10H.stdout:DATA, SLay10H.jl, 1011, 180, 0, 1306, Min, 129579.88158851027, NaN, Optimal, 71.24494504928589
./cases/scip-nlw/JuniperLib/telecomsp_pacbell.stdout:DATA, telecomsp_pacbell.jl, 3571, 3528, 0, 2941, Min, 313630.0, NaN, UserLimit, 603.2784359455109
./cases/scip-nlw/JuniperLib/portfol_robust200_03.stdout:DATA, portfol_robust200_03.jl, 804, 201, 0, 607, Min, -0.12776268913865071, NaN, UserLimit, 605.7872459888458
./cases/scip-nlw/JuniperLib/space25a.stdout:DATA, space25a.jl, 384, 240, 0, 202, Min, NaN, NaN, UserLimit, 605.6865229606628
./cases/scip-nlw/JuniperLib/lip.stdout:DATA, lip.jl, 61, 52, 0, 84, Max, 5.685067877001677e6, NaN, Optimal, 0.37410902976989746
./cases/scip-nlw/JuniperLib/kport40.stdout:DATA, kport40.jl, 268, 3, 111, 49, Min, 38.72345743152114, NaN, UserLimit, 646.0831289291382
./cases/scip-nlw/JuniperLib/RSyn0820M03M.stdout:DATA, RSyn0820M03M.jl, 766, 312, 0, 1810, Max, 2028.8125111025126, NaN, Optimal, 36.633633852005005
./cases/scip-nlw/JuniperLib/gastrans582_cool12_95.stdout:DATA, gastrans582_cool12_95.jl, 2187, 0, 250, 3733, Min, NaN, NaN, UserLimit, 616.2583799362183
./cases/scip-nlw/JuniperLib/ex1266a.stdout:DATA, ex1266a.jl, 49, 6, 42, 54, Min, 16.3, NaN, Optimal, 0.22375202178955078
./cases/scip-nlw/JuniperLib/st_test5.stdout:DATA, st_test5.jl, 11, 0, 10, 12, Min, -110.0, NaN, Optimal, 0.21330785751342773
./cases/scip-nlw/JuniperLib/RSyn0810M.stdout:DATA, RSyn0810M.jl, 186, 74, 0, 313, Max, 1721.4477110736757, NaN, Optimal, 0.8959131240844727
./cases/scip-nlw/JuniperLib/portfol_classical050_1.stdout:DATA, portfol_classical050_1.jl, 151, 50, 0, 104, Min, -0.09476032481020831, NaN, Optimal, 7.4909138679504395
./cases/scip-nlw/JuniperLib/sssd25-08.stdout:DATA, sssd25-08.jl, 257, 224, 0, 90, Min, 473228.4298075176, NaN, UserLimit, 663.7792310714722
./cases/scip-nlw/JuniperLib/watercontamination0202.stdout:DATA, watercontamination0202.jl, 106705, 0, 0, 0, Min, 0.0, NaN, Optimal, 0.7851028442382812
./cases/scip-nlw/JuniperLib/gams02.stdout:DATA, gams02.jl, 12689, 96, 0, 14609, Min, NaN, NaN, UserLimit, 609.3733642101288
./cases/scip-nlw/JuniperLib/wastepaper5.stdout:DATA, wastepaper5.jl, 105, 65, 0, 47, Min, 0.0009394800847633276, NaN, UserLimit, 722.1690459251404
./cases/scip-nlw/JuniperLib/crudeoil_lee4_05.stdout:DATA, crudeoil_lee4_05.jl, 1956, 95, 0, 4242, Max, 132.54760090632857, NaN, Optimal, 7.580497980117798
./cases/scip-nlw/JuniperLib/transswitch2383wpr.stdout:DATA, transswitch2383wpr.jl, 19851, 2886, 0, 28158, Min, NaN, NaN, UserLimit, 611.5708739757538
./cases/scip-nlw/JuniperLib/crudeoil_li21.stdout:DATA, crudeoil_li21.jl, 1349, 216, 0, 4682, Max, 4735.32888574011, NaN, UserLimit, 618.9416809082031
./cases/scip-nlw/JuniperLib/sfacloc1_4_90.stdout:DATA, sfacloc1_4_90.jl, 324, 30, 0, 495, Min, 10.623842428559325, NaN, UserLimit, 655.2357151508331
./cases/scip-nlw/JuniperLib/portfol_roundlot.stdout:DATA, portfol_roundlot.jl, 18, 0, 8, 12, Min, 0, NaN, Infeasible, 0.22124290466308594
./cases/scip-nlw/JuniperLib/tltr.stdout:DATA, tltr.jl, 49, 12, 36, 55, Min, 48.06666666666666, NaN, Optimal, 0.32483792304992676
./cases/scip-nlw/JuniperLib/graphpart_3pm-0333-0333.stdout:DATA, graphpart_3pm-0333-0333.jl, 82, 81, 0, 28, Min, -26.0, NaN, Optimal, 16.50270700454712
./cases/scip-nlw/JuniperLib/crudeoil_pooling_dt3.stdout:DATA, crudeoil_pooling_dt3.jl, 9434, 1638, 0, 13835, Min, 1.1542702593537497e6, NaN, UserLimit, 607.1189811229706
./cases/scip-nlw/JuniperLib/waterno2_06.stdout:DATA, waterno2_06.jl, 997, 54, 0, 1235, Min, 301.1965805876755, NaN, UserLimit, 638.3752019405365
./cases/scip-nlw/JuniperLib/faclay20h.stdout:DATA, faclay20h.jl, 191, 190, 0, 2281, Min, 16488.0, NaN, UserLimit, 608.6802132129669
./cases/scip-nlw/JuniperLib/Syn30M04H.stdout:DATA, Syn30M04H.jl, 1153, 240, 0, 2161, Max, 865.7245815888709, NaN, Optimal, 4.885692119598389
./cases/scip-nlw/JuniperLib/tls12.stdout:DATA, tls12.jl, 813, 656, 12, 385, Min, NaN, NaN, UserLimit, 617.7025611400604
./cases/scip-nlw/JuniperLib/Syn10H.stdout:DATA, Syn10H.jl, 78, 10, 0, 113, Max, 1267.3535513667719, NaN, UserLimit, 0.2823469638824463
./cases/scip-nlw/JuniperLib/RSyn0840M03M.stdout:DATA, RSyn0840M03M.jl, 1081, 432, 0, 2509, Max, 2742.6466690569464, NaN, Optimal, 17.963006019592285
./cases/scip-nlw/JuniperLib/SLay08M.stdout:DATA, SLay08M.jl, 185, 112, 0, 253, Min, 84960.21241923203, NaN, Optimal, 2.716287851333618
./cases/scip-nlw/JuniperLib/Syn15M03H.stdout:DATA, Syn15M03H.jl, 454, 90, 0, 769, Max, 3850.177951722809, NaN, UserLimit, 0.43405580520629883
./cases/scip-nlw/JuniperLib/pooling_epa2.stdout:DATA, pooling_epa2.jl, 332, 45, 0, 525, Min, NaN, NaN, UserLimit, 645.846449136734
./cases/scip-nlw/JuniperLib/RSyn0815M02H.stdout:DATA, RSyn0815M02H.jl, 899, 188, 0, 1362, Max, 1774.3989781190435, NaN, UserLimit, 2.1986300945281982
./cases/scip-nlw/JuniperLib/supplychainp1_020306.stdout:DATA, supplychainp1_020306.jl, 151, 27, 0, 256, Min, 437551.6764061647, NaN, Optimal, 1.215069055557251
./cases/scip-nlw/JuniperLib/portfol_robust100_09.stdout:DATA, portfol_robust100_09.jl, 404, 101, 0, 307, Min, -0.10500481969721578, NaN, Optimal, 21.47530508041382
./cases/scip-nlw/JuniperLib/Syn05M04H.stdout:DATA, Syn05M04H.jl, 209, 40, 0, 363, Max, 5510.388448087438, NaN, UserLimit, 0.28335118293762207
./cases/scip-nlw/JuniperLib/no7_ar2_1.stdout:DATA, no7_ar2_1.jl, 113, 0, 42, 270, Min, 107.8152998070248, NaN, Optimal, 33.20598912239075
./cases/scip-nlw/JuniperLib/netmod_kar1.stdout:DATA, netmod_kar1.jl, 457, 136, 0, 667, Min, -0.4197896133912438, NaN, Optimal, 9.759643077850342
./cases/scip-nlw/JuniperLib/Syn15M04M.stdout:DATA, Syn15M04M.jl, 341, 120, 0, 807, Max, 4937.478257878802, NaN, UserLimit, 1.1713361740112305
./cases/scip-nlw/JuniperLib/graphpart_clique-20.stdout:DATA, graphpart_clique-20.jl, 61, 60, 0, 21, Min, 147.0, NaN, Optimal, 13.564172983169556
./cases/scip-nlw/JuniperLib/multiplants_stg5.stdout:DATA, multiplants_stg5.jl, 451, 216, 0, 299, Max, NaN, NaN, UserLimit, 608.7042210102081
./cases/scip-nlw/JuniperLib/Syn15H.stdout:DATA, Syn15H.jl, 122, 15, 0, 182, Max, 853.2848130354803, NaN, UserLimit, 0.29852294921875
./cases/scip-nlw/JuniperLib/Syn20H.stdout:DATA, Syn20H.jl, 152, 20, 0, 234, Max, 924.2638771049892, NaN, UserLimit, 0.5092270374298096
./cases/scip-nlw/JuniperLib/waterno2_02.stdout:DATA, waterno2_02.jl, 333, 18, 0, 411, Min, 39.57118040949867, NaN, Optimal, 1.5990791320800781
./cases/scip-nlw/JuniperLib/BatchS121208M.stdout:DATA, BatchS121208M.jl, 407, 203, 0, 1512, Min, 1.2411255139234215e6, NaN, Optimal, 14.19499683380127
./cases/scip-nlw/JuniperLib/beuster.stdout:DATA, beuster.jl, 158, 52, 0, 115, Min, 124227.06555609044, NaN, UserLimit, 604.8967680931091
./cases/scip-nlw/JuniperLib/procurement2mot.stdout:DATA, procurement2mot.jl, 797, 60, 0, 762, Max, 212.07080604447935, NaN, Optimal, 1.3508760929107666
./cases/scip-nlw/JuniperLib/product2.stdout:DATA, product2.jl, 2843, 128, 0, 3126, Min, -2102.389310197959, NaN, UserLimit, 4.5849199295043945
./cases/scip-nlw/JuniperLib/o7_ar5_1.stdout:DATA, o7_ar5_1.jl, 113, 0, 42, 270, Min, 116.94584522993904, NaN, Optimal, 518.6452579498291
./cases/scip-nlw/JuniperLib/enpro48.stdout:DATA, enpro48.jl, 154, 92, 0, 215, Min, 187277.25942100876, NaN, Optimal, 2.733995199203491
./cases/scip-nlw/JuniperLib/waterz.stdout:DATA, waterz.jl, 196, 126, 0, 138, Min, 923.7512756262415, NaN, UserLimit, 700.0356879234314
./cases/scip-nlw/JuniperLib/m7.stdout:DATA, m7.jl, 115, 42, 0, 212, Min, 106.75687691365584, NaN, Optimal, 2.7006638050079346
./cases/scip-nlw/JuniperLib/RSyn0815M03H.stdout:DATA, RSyn0815M03H.jl, 1348, 282, 0, 2218, Max, 2827.9281370427325, NaN, UserLimit, 5.333492994308472
./cases/scip-nlw/JuniperLib/no7_ar3_1.stdout:DATA, no7_ar3_1.jl, 113, 0, 42, 270, Min, 107.81527944372836, NaN, Optimal, 139.6764907836914
./cases/scip-nlw/JuniperLib/CLay0205H.stdout:DATA, CLay0205H.jl, 261, 50, 0, 366, Min, 8092.499514375435, NaN, Optimal, 70.59698009490967
./cases/scip-nlw/JuniperLib/edgecross14-078.stdout:DATA, edgecross14-078.jl, 183, 155, 0, 1457, Min, 725.0, NaN, UserLimit, 609.5452129840851
./cases/scip-nlw/JuniperLib/squfl015-080persp.stdout:DATA, squfl015-080persp.jl, 2416, 15, 0, 2481, Min, 402.4844334815983, NaN, UserLimit, 612.9932091236115
./cases/scip-nlw/JuniperLib/gasnet_al5.stdout:DATA, gasnet_al5.jl, 725, 136, 0, 831, Min, NaN, NaN, UserLimit, 643.2315189838409
./cases/scip-nlw/JuniperLib/transswitch2736spr.stdout:DATA, transswitch2736spr.jl, 23411, 3494, 0, 32846, Min, NaN, NaN, UserLimit, 611.6084702014923
./cases/scip-nlw/JuniperLib/RSyn0840M04H.stdout:DATA, RSyn0840M04H.jl, 2721, 576, 0, 4981, Max, 2564.5042435297883, NaN, UserLimit, 14.902827978134155
./cases/scip-nlw/JuniperLib/CLay0205M.stdout:DATA, CLay0205M.jl, 81, 50, 0, 136, Min, 8092.499999999991, NaN, Optimal, 10.27648115158081
./cases/scip-nlw/JuniperLib/nuclear14b.stdout:DATA, nuclear14b.jl, 1569, 600, 0, 1786, Min, -1.1093131151742588, NaN, UserLimit, 605.8510980606079
./cases/scip-nlw/JuniperLib/m7_ar5_1.stdout:DATA, m7_ar5_1.jl, 113, 0, 42, 270, Min, 106.46000518400251, NaN, Optimal, 7.460495948791504
./cases/scip-nlw/JuniperLib/Syn10M04M.stdout:DATA, Syn10M04M.jl, 221, 80, 0, 517, Max, 4557.063588394074, NaN, Optimal, 3.1635639667510986
./cases/scip-nlw/JuniperLib/BatchS201210M.stdout:DATA, BatchS201210M.jl, 559, 251, 0, 2328, Min, 2.295348848450977e6, NaN, Optimal, 19.20789384841919
./cases/scip-nlw/JuniperLib/ravempb.stdout:DATA, ravempb.jl, 113, 54, 0, 187, Min, 269590.21931530524, NaN, Optimal, 2.825303077697754
./cases/scip-nlw/JuniperLib/fo7_ar2_1.stdout:DATA, fo7_ar2_1.jl, 113, 0, 42, 270, Min, 24.839846908104224, NaN, Optimal, 31.22165012359619
./cases/scip-nlw/JuniperLib/graphpart_2pm-0044-0044.stdout:DATA, graphpart_2pm-0044-0044.jl, 49, 48, 0, 17, Min, -13.0, NaN, Optimal, 0.5411028861999512
./cases/scip-nlw/JuniperLib/tloss.stdout:DATA, tloss.jl, 49, 6, 42, 54, Min, 16.3, NaN, Optimal, 0.23096394538879395
./cases/scip-nlw/JuniperLib/Syn30H.stdout:DATA, Syn30H.jl, 229, 30, 0, 346, Max, 138.16013288257892, NaN, UserLimit, 0.9063880443572998
./cases/scip-nlw/JuniperLib/ghg_3veh.stdout:DATA, ghg_3veh.jl, 97, 36, 0, 120, Min, 7.8040164291156096, NaN, UserLimit, 629.0150501728058
./cases/scip-nlw/JuniperLib/tls6.stdout:DATA, tls6.jl, 216, 173, 6, 121, Min, 16.1, NaN, UserLimit, 626.4030361175537
./cases/scip-nlw/JuniperLib/crudeoil_lee1_09.stdout:DATA, crudeoil_lee1_09.jl, 964, 72, 0, 2353, Max, 79.74999999997, NaN, Optimal, 16.102866888046265
./cases/scip-nlw/JuniperLib/RSyn0810M03H.stdout:DATA, RSyn0810M03H.jl, 1186, 252, 0, 1936, Max, 2722.45069127652, NaN, UserLimit, 6.722684144973755
./cases/scip-nlw/JuniperLib/risk2bpb.stdout:DATA, risk2bpb.jl, 464, 14, 0, 581, Min, -55.876139395001964, NaN, Optimal, 0.46423888206481934
./cases/scip-nlw/JuniperLib/water4.stdout:DATA, water4.jl, 196, 126, 0, 138, Min, 907.0169549647017, NaN, UserLimit, 669.7985320091248
./cases/scip-nlw/JuniperLib/bchoco06.stdout:DATA, bchoco06.jl, 119, 7, 0, 135, Max, 0.9573018313599214, NaN, UserLimit, 673.3406269550323
./cases/scip-nlw/JuniperLib/RSyn0810M04M.stdout:DATA, RSyn0810M04M.jl, 821, 336, 0, 2141, Max, 6581.935497273057, NaN, Optimal, 22.661684036254883
./cases/scip-nlw/JuniperLib/crudeoil_lee4_06.stdout:DATA, crudeoil_lee4_06.jl, 2347, 114, 0, 5094, Max, 132.54759864000002, NaN, UserLimit, 27.428836822509766
./cases/scip-nlw/JuniperLib/RSyn0820M04M.stdout:DATA, RSyn0820M04M.jl, 1021, 416, 0, 2677, Max, 2450.7734024379993, NaN, Optimal, 69.58353900909424
./cases/scip-nlw/JuniperLib/fuel.stdout:DATA, fuel.jl, 16, 3, 0, 16, Min, 8566.118007308367, NaN, UserLimit, 3.0656509399414062
./cases/scip-nlw/JuniperLib/sssd16-07persp.stdout:DATA, sssd16-07persp.jl, 162, 133, 0, 73, Min, 419092.6400351833, NaN, UserLimit, 690.7955830097198
./cases/scip-nlw/JuniperLib/pooling_epa1.stdout:DATA, pooling_epa1.jl, 215, 30, 0, 341, Min, NaN, NaN, UserLimit, 648.0847060680389
./cases/scip-nlw/JuniperLib/johnall.stdout:DATA, johnall.jl, 195, 190, 0, 193, Min, -224.73016255170924, NaN, UserLimit, 26.343109130859375
./cases/scip-nlw/JuniperLib/gastrans582_warm31_95.stdout:DATA, gastrans582_warm31_95.jl, 2187, 0, 250, 3733, Min, NaN, NaN, UserLimit, 617.1915709972382
./cases/scip-nlw/JuniperLib/ndcc13.stdout:DATA, ndcc13.jl, 631, 42, 0, 255, Min, 94.55847135100001, NaN, UserLimit, 630.8008689880371
./cases/scip-nlw/JuniperLib/synthes3.stdout:DATA, synthes3.jl, 18, 8, 0, 24, Min, 68.00974009161156, NaN, UserLimit, 0.5421938896179199
./cases/scip-nlw/JuniperLib/RSyn0820M.stdout:DATA, RSyn0820M.jl, 216, 84, 0, 372, Max, 1150.301911051498, NaN, Optimal, 1.777467966079712
./cases/scip-nlw/JuniperLib/graphpart_clique-70.stdout:DATA, graphpart_clique-70.jl, 211, 210, 0, 71, Min, 7409.0, NaN, UserLimit, 623.4239151477814
./cases/scip-nlw/JuniperLib/crudeoil_li01.stdout:DATA, crudeoil_li01.jl, 345, 48, 0, 696, Max, 5120.851273967355, NaN, UserLimit, 675.2550971508026
./cases/scip-nlw/JuniperLib/eg_all_s.stdout:DATA, eg_all_s.jl, 8, 0, 7, 28, Min, 100000.00000000001, NaN, UserLimit, 635.5452830791473
./cases/scip-nlw/JuniperLib/gastrans582_cool12.stdout:DATA, gastrans582_cool12.jl, 2187, 0, 250, 3733, Min, NaN, NaN, UserLimit, 615.5369579792023
./cases/scip-nlw/JuniperLib/sfacloc1_3_90.stdout:DATA, sfacloc1_3_90.jl, 262, 30, 0, 422, Min, 11.675021740962919, NaN, UserLimit, 667.3485789299011
./cases/scip-nlw/JuniperLib/squfl030-150.stdout:DATA, squfl030-150.jl, 4531, 30, 0, 4651, Min, 464.479068123179, NaN, UserLimit, 602.1425290107727
./cases/scip-nlw/JuniperLib/squfl015-060.stdout:DATA, squfl015-060.jl, 916, 15, 0, 961, Min, 375.5908779188604, NaN, UserLimit, 608.2951469421387
./cases/scip-nlw/JuniperLib/squfl040-080persp.stdout:DATA, squfl040-080persp.jl, 6441, 40, 0, 6481, Min, 263.89249084124094, NaN, UserLimit, 606.6843919754028
./cases/scip-nlw/JuniperLib/batch.stdout:DATA, batch.jl, 47, 24, 0, 74, Min, 285506.508244043, NaN, Optimal, 0.6707539558410645
./cases/scip-nlw/JuniperLib/ex1264a.stdout:DATA, ex1264a.jl, 25, 4, 20, 36, Min, 8.6, NaN, Optimal, 0.4954359531402588
./cases/scip-nlw/JuniperLib/hybriddynamic_fixed.stdout:DATA, hybriddynamic_fixed.jl, 72, 10, 0, 80, Min, 1.473777776777782, NaN, Optimal, 0.1945939064025879
./cases/scip-nlw/JuniperLib/m7_ar3_1.stdout:DATA, m7_ar3_1.jl, 113, 0, 42, 270, Min, 143.58497339896374, NaN, Optimal, 6.081422805786133
./cases/scip-nlw/JuniperLib/csched2a.stdout:DATA, csched2a.jl, 233, 140, 0, 138, Min, -159186.38692373896, NaN, UserLimit, 611.05610704422
./cases/scip-nlw/JuniperLib/saa_2.stdout:DATA, saa_2.jl, 4408, 400, 0, 6206, Min, NaN, NaN, UserLimit, 601.4759299755096
./cases/scip-nlw/JuniperLib/super1.stdout:DATA, super1.jl, 1308, 44, 0, 1659, Min, 0, NaN, Infeasible, 0.2831411361694336
./cases/scip-nlw/JuniperLib/qapw.stdout:DATA, qapw.jl, 451, 225, 0, 256, Min, 395678.0, NaN, UserLimit, 611.884171962738
./cases/scip-nlw/JuniperLib/squfl025-030.stdout:DATA, squfl025-030.jl, 776, 25, 0, 781, Min, 205.50165500760457, NaN, Optimal, 471.23250794410706
./cases/scip-nlw/JuniperLib/genpooling_lee1.stdout:DATA, genpooling_lee1.jl, 50, 9, 0, 83, Min, -4640.082416499465, NaN, UserLimit, 55.87376308441162
./cases/scip-nlw/JuniperLib/gastrans582_warm31.stdout:DATA, gastrans582_warm31.jl, 2187, 0, 250, 3733, Min, NaN, NaN, UserLimit, 617.6346099376678
./cases/scip-nlw/JuniperLib/Syn30M.stdout:DATA, Syn30M.jl, 101, 30, 0, 168, Max, 138.1599440716473, NaN, UserLimit, 1.2153420448303223
./cases/scip-nlw/JuniperLib/carton7.stdout:DATA, carton7.jl, 329, 200, 56, 688, Min, 191.72954811413234, NaN, UserLimit, 671.0573658943176
./cases/scip-nlw/JuniperLib/crudeoil_lee3_07.stdout:DATA, crudeoil_lee3_07.jl, 1793, 98, 0, 3950, Max, 85.44891307719989, NaN, UserLimit, 170.09832286834717
./cases/scip-nlw/JuniperLib/ndcc16persp.stdout:DATA, ndcc16persp.jl, 1141, 60, 0, 438, Min, NaN, NaN, UserLimit, 621.9377551078796
./cases/scip-nlw/JuniperLib/tln6.stdout:DATA, tln6.jl, 49, 6, 42, 37, Min, 15.3, NaN, Optimal, 566.5968749523163
./cases/scip-nlw/JuniperLib/watercontamination0303.stdout:DATA, watercontamination0303.jl, 107209, 0, 0, 0, Min, 0.0, NaN, Optimal, 0.7962620258331299
./cases/scip-nlw/JuniperLib/sfacloc1_3_95.stdout:DATA, sfacloc1_3_95.jl, 234, 9, 0, 282, Min, 12.355539961269965, NaN, UserLimit, 674.1191899776459
./cases/scip-nlw/JuniperLib/fo8_ar5_1.stdout:DATA, fo8_ar5_1.jl, 145, 0, 56, 348, Min, 22.381893563494867, NaN, Optimal, 276.37241983413696
./cases/scip-nlw/JuniperLib/portfol_robust050_34.stdout:DATA, portfol_robust050_34.jl, 204, 51, 0, 157, Min, -0.07207577220577978, NaN, Optimal, 2.6139349937438965
./cases/scip-nlw/JuniperLib/forest.stdout:DATA, forest.jl, 237, 73, 0, 310, Max, 1.4396226486541297e7, NaN, UserLimit, 609.2092900276184
./cases/scip-nlw/JuniperLib/Syn10M03M.stdout:DATA, Syn10M03M.jl, 166, 60, 0, 343, Max, 3354.683917479105, NaN, Optimal, 1.5204229354858398
./cases/scip-nlw/JuniperLib/squfl015-080.stdout:DATA, squfl015-080.jl, 1216, 15, 0, 1281, Min, 571.331798116701, NaN, UserLimit, 606.0558648109436
./cases/scip-nlw/JuniperLib/crudeoil_lee1_06.stdout:DATA, crudeoil_lee1_06.jl, 643, 48, 0, 1504, Max, 79.75000000000001, NaN, Optimal, 37.70144701004028
./cases/scip-nlw/JuniperLib/tln4.stdout:DATA, tln4.jl, 25, 4, 20, 25, Min, 8.3, NaN, Optimal, 0.7845900058746338
./cases/scip-nlw/JuniperLib/st_e32.stdout:DATA, st_e32.jl, 36, 0, 19, 19, Min, -1.4304072916834372, NaN, Optimal, 2.60782790184021
./cases/scip-nlw/JuniperLib/squfl010-040.stdout:DATA, squfl010-040.jl, 411, 10, 0, 441, Min, 240.5985258214645, NaN, Optimal, 38.30312991142273
./cases/scip-nlw/JuniperLib/casctanks.stdout:DATA, casctanks.jl, 501, 40, 0, 518, Min, 9.163474871229432, NaN, UserLimit, 637.3802208900452
./cases/scip-nlw/JuniperLib/sfacloc2_2_80.stdout:DATA, sfacloc2_2_80.jl, 247, 92, 0, 2166, Min, 13.279507357600007, NaN, Optimal, 6.213006019592285
./cases/scip-nlw/JuniperLib/heatexch_gen1.stdout:DATA, heatexch_gen1.jl, 113, 12, 0, 121, Min, 100500.00147286367, NaN, UserLimit, 9.2757089138031
./cases/scip-nlw/JuniperLib/waterx.stdout:DATA, waterx.jl, 71, 14, 0, 55, Min, 917.705788513444, NaN, UserLimit, 666.4483869075775
./cases/scip-nlw/JuniperLib/Syn05H.stdout:DATA, Syn05H.jl, 43, 5, 0, 59, Max, 837.7324008979798, NaN, UserLimit, 0.24994111061096191
./cases/scip-nlw/JuniperLib/blend718.stdout:DATA, blend718.jl, 223, 87, 0, 607, Max, 7.393600526290435, NaN, UserLimit, 675.0641438961029
./cases/scip-nlw/JuniperLib/blend531.stdout:DATA, blend531.jl, 273, 104, 0, 737, Max, 20.039000502398963, NaN, Optimal, 93.53603887557983
./cases/scip-nlw/JuniperLib/RSyn0840M04M.stdout:DATA, RSyn0840M04M.jl, 1441, 576, 0, 3729, Max, 2564.5029779081124, NaN, Optimal, 158.83736491203308
./cases/scip-nlw/JuniperLib/m6.stdout:DATA, m6.jl, 87, 30, 0, 158, Min, 82.25687684986438, NaN, Optimal, 0.9258861541748047
./cases/scip-nlw/JuniperLib/ex3pb.stdout:DATA, ex3pb.jl, 33, 8, 0, 32, Min, 68.0104629312321, NaN, UserLimit, 0.26512598991394043
./cases/scip-nlw/JuniperLib/nuclearvd.stdout:DATA, nuclearvd.jl, 352, 168, 0, 318, Min, -1.0298201711315522, NaN, UserLimit, 645.708389043808
./cases/scip-nlw/JuniperLib/cvxnonsep_normcon20r.stdout:DATA, cvxnonsep_normcon20r.jl, 41, 0, 10, 22, Min, -21.749147777199823, NaN, UserLimit, 0.6117429733276367
./cases/scip-nlw/JuniperLib/sssd18-06.stdout:DATA, sssd18-06.jl, 151, 126, 0, 67, Min, 399296.78581985773, NaN, UserLimit, 677.9001891613007
./cases/scip-nlw/JuniperLib/RSyn0810M02H.stdout:DATA, RSyn0810M02H.jl, 791, 168, 0, 1189, Max, 1741.3885985945967, NaN, UserLimit, 2.695996046066284
./cases/scip-nlw/JuniperLib/ghg_1veh.stdout:DATA, ghg_1veh.jl, 30, 12, 0, 38, Min, 7.781634628221454, NaN, UserLimit, 15.417668104171753
./cases/scip-nlw/JuniperLib/Syn05M04M.stdout:DATA, Syn05M04M.jl, 121, 40, 0, 263, Max, 5510.387598573632, NaN, UserLimit, 0.4455709457397461
./cases/scip-nlw/JuniperLib/ex1223a.stdout:DATA, ex1223a.jl, 8, 4, 0, 10, Min, 4.579582400541851, NaN, Optimal, 0.2794938087463379
./cases/scip-nlw/JuniperLib/Syn05M.stdout:DATA, Syn05M.jl, 21, 5, 0, 29, Max, 837.7324008979798, NaN, Optimal, 0.35757899284362793
./cases/scip-nlw/JuniperLib/contvar.stdout:DATA, contvar.jl, 297, 88, 0, 285, Min, 813745.1244777797, NaN, UserLimit, 611.8763258457184
./cases/scip-nlw/JuniperLib/RSyn0815M04M.stdout:DATA, RSyn0815M04M.jl, 941, 376, 0, 2431, Max, 3410.855193960335, NaN, Optimal, 74.2585461139679
./cases/scip-nlw/JuniperLib/CLay0305M.stdout:DATA, CLay0305M.jl, 86, 55, 0, 156, Min, 8092.499550125564, NaN, Optimal, 13.542589902877808
./cases/scip-nlw/JuniperLib/super2.stdout:DATA, super2.jl, 1308, 44, 0, 1659, Min, 0, NaN, Infeasible, 3.401540994644165
./cases/scip-nlw/JuniperLib/gasnet.stdout:DATA, gasnet.jl, 91, 10, 0, 70, Min, NaN, NaN, UserLimit, 607.5700531005859
./cases/scip-nlw/JuniperLib/super3.stdout:DATA, super3.jl, 1308, 44, 0, 1659, Min, 0, NaN, Infeasible, 0.28098106384277344
./cases/scip-nlw/JuniperLib/parallel.stdout:DATA, parallel.jl, 206, 25, 0, 116, Min, 924.29555065758, NaN, UserLimit, 8.059378862380981
./cases/scip-nlw/JuniperLib/watertreatnd_flow.stdout:DATA, watertreatnd_flow.jl, 421, 5, 0, 380, Min, 349524.6785032925, NaN, UserLimit, 696.979926109314
./cases/scip-nlw/JuniperLib/bchoco07.stdout:DATA, bchoco07.jl, 135, 8, 0, 154, Max, NaN, NaN, UserLimit, 609.0564279556274
./cases/scip-nlw/JuniperLib/ex1263.stdout:DATA, ex1263.jl, 93, 72, 0, 56, Min, 19.6, NaN, Optimal, 1.1705400943756104
./cases/scip-nlw/JuniperLib/st_e31.stdout:DATA, st_e31.jl, 113, 24, 0, 136, Min, -2.0000005383530817, NaN, UserLimit, 2.140439033508301
./cases/scip-nlw/JuniperLib/gastrans582_cool14.stdout:DATA, gastrans582_cool14.jl, 2187, 0, 250, 3733, Min, NaN, NaN, UserLimit, 617.018609046936
./cases/scip-nlw/JuniperLib/unitcommit2.stdout:DATA, unitcommit2.jl, 961, 720, 0, 5330, Min, 580974.9997422846, NaN, UserLimit, 615.4381008148193
./cases/scip-nlw/JuniperLib/RSyn0830M04H.stdout:DATA, RSyn0830M04H.jl, 2345, 496, 0, 4237, Max, 2529.0758661442587, NaN, Optimal, 20.050889015197754
./cases/scip-nlw/JuniperLib/sfacloc1_4_95.stdout:DATA, sfacloc1_4_95.jl, 296, 9, 0, 355, Min, 11.18412234983927, NaN, UserLimit, 660.2148530483246
./cases/scip-nlw/JuniperLib/ex1264.stdout:DATA, ex1264.jl, 89, 68, 0, 56, Min, 8.600000000000001, NaN, Optimal, 0.8643500804901123
./cases/scip-nlw/JuniperLib/sssd16-07.stdout:DATA, sssd16-07.jl, 162, 133, 0, 73, Min, 419601.7637043165, NaN, UserLimit, 692.3935220241547
./cases/scip-nlw/JuniperLib/wastepaper6.stdout:DATA, wastepaper6.jl, 137, 90, 0, 55, Min, 0.001772742670671046, NaN, UserLimit, 705.2004749774933
./cases/scip-nlw/JuniperLib/qap.stdout:DATA, qap.jl, 226, 225, 0, 31, Min, 419818.0, NaN, UserLimit, 613.2060430049896
./cases/scip-nlw/JuniperLib/graphpart_2g-0066-0066.stdout:DATA, graphpart_2g-0066-0066.jl, 109, 108, 0, 37, Min, -2.8655600000000005e6, NaN, Optimal, 10.282670974731445
./cases/scip-nlw/JuniperLib/CLay0203H.stdout:DATA, CLay0203H.jl, 91, 18, 0, 133, Min, 41573.30175289047, NaN, Optimal, 1.6372969150543213
./cases/scip-nlw/JuniperLib/edgecross22-048.stdout:DATA, edgecross22-048.jl, 463, 462, 0, 6161, Min, 84.0, NaN, UserLimit, 610.8620491027832
./cases/scip-nlw/JuniperLib/Syn10M03H.stdout:DATA, Syn10M03H.jl, 292, 60, 0, 487, Max, 3354.683828862347, NaN, UserLimit, 0.5032529830932617
./cases/scip-nlw/JuniperLib/fo7_2.stdout:DATA, fo7_2.jl, 115, 42, 0, 212, Min, 17.74933650205232, NaN, Optimal, 44.856950998306274
./cases/scip-nlw/JuniperLib/SLay06M.stdout:DATA, SLay06M.jl, 103, 60, 0, 136, Min, 32757.020181716412, NaN, UserLimit, 1.7174229621887207
./cases/scip-nlw/JuniperLib/graphpart_clique-40.stdout:DATA, graphpart_clique-40.jl, 121, 120, 0, 41, Min, 1183.0, NaN, Optimal, 460.65421986579895
./cases/scip-nlw/JuniperLib/graphpart_clique-60.stdout:DATA, graphpart_clique-60.jl, 181, 180, 0, 61, Min, 4010.0, NaN, UserLimit, 622.5893521308899
./cases/scip-nlw/JuniperLib/squfl010-080.stdout:DATA, squfl010-080.jl, 811, 10, 0, 881, Min, 517.3847068808858, NaN, UserLimit, 608.6976540088654
./cases/scip-nlw/JuniperLib/tls4.stdout:DATA, tls4.jl, 106, 85, 4, 65, Min, 8.3, NaN, Optimal, 23.28219199180603
./cases/scip-nlw/JuniperLib/no7_ar5_1.stdout:DATA, no7_ar5_1.jl, 113, 0, 42, 270, Min, 90.62266191050632, NaN, Optimal, 103.79092502593994
./cases/scip-nlw/JuniperLib/Syn40M02H.stdout:DATA, Syn40M02H.jl, 765, 160, 0, 1213, Max, 388.7741051147996, NaN, Optimal, 3.320605993270874
./cases/scip-nlw/JuniperLib/multiplants_stg1c.stdout:DATA, multiplants_stg1c.jl, 477, 252, 0, 270, Max, NaN, NaN, UserLimit, 628.4123070240021
./cases/scip-nlw/JuniperLib/blend721.stdout:DATA, blend721.jl, 223, 87, 0, 628, Max, 13.526801694440792, NaN, Optimal, 92.89128613471985
./cases/scip-nlw/JuniperLib/transswitch0009r.stdout:DATA, transswitch0009r.jl, 70, 9, 0, 104, Min, 5328.6735809803695, NaN, UserLimit, 631.9887719154358
./cases/scip-nlw/JuniperLib/cvxnonsep_pcon20r.stdout:DATA, cvxnonsep_pcon20r.jl, 40, 0, 10, 21, Min, -21.512301283842078, NaN, Optimal, 0.5653939247131348
./cases/scip-nlw/JuniperLib/o9_ar4_1.stdout:DATA, o9_ar4_1.jl, 181, 0, 72, 436, Min, NaN, NaN, UserLimit, 687.8347930908203
./cases/scip-nlw/JuniperLib/RSyn0820M03H.stdout:DATA, RSyn0820M03H.jl, 1468, 312, 0, 2449, Max, 2028.8136131161427, NaN, UserLimit, 4.555057048797607
./cases/scip-nlw/JuniperLib/nuclear10a.stdout:DATA, nuclear10a.jl, 13011, 10920, 0, 3340, Min, NaN, NaN, UserLimit, 615.5046298503876
./cases/scip-nlw/JuniperLib/m7_ar25_1.stdout:DATA, m7_ar25_1.jl, 113, 0, 42, 270, Min, 143.58498490768886, NaN, Optimal, 1.3644709587097168
./cases/scip-nlw/JuniperLib/graphpart_3g-0333-0333.stdout:DATA, graphpart_3g-0333-0333.jl, 82, 81, 0, 28, Min, -1.8823890000000002e6, NaN, Optimal, 5.66562294960022
./cases/scip-nlw/JuniperLib/genpooling_meyer10.stdout:DATA, genpooling_meyer10.jl, 395, 187, 0, 424, Min, 2.1272695635868707e6, NaN, UserLimit, 636.8000681400299
./cases/scip-nlw/JuniperLib/ndcc12persp.stdout:DATA, ndcc12persp.jl, 691, 46, 0, 284, Min, NaN, NaN, UserLimit, 630.4133231639862
./cases/scip-nlw/JuniperLib/tls2.stdout:DATA, tls2.jl, 38, 31, 2, 25, Min, 5.300000000000001, NaN, Optimal, 0.35065317153930664
./cases/scip-nlw/JuniperLib/feedtray2.stdout:DATA, feedtray2.jl, 88, 36, 0, 284, Min, 0.0, NaN, Optimal, 0.3143019676208496
./cases/scip-nlw/JuniperLib/ex1263a.stdout:DATA, ex1263a.jl, 25, 4, 20, 36, Min, 19.6, NaN, Optimal, 0.5525929927825928
./cases/scip-nlw/JuniperLib/Syn10M02H.stdout:DATA, Syn10M02H.jl, 195, 40, 0, 295, Max, 2310.301765847344, NaN, UserLimit, 0.6020791530609131
./cases/scip-nlw/JuniperLib/gasnet_al3.stdout:DATA, gasnet_al3.jl, 725, 136, 0, 831, Min, 8095.050148694232, NaN, UserLimit, 657.9066791534424
./cases/scip-nlw/JuniperLib/sssd08-04.stdout:DATA, sssd08-04.jl, 61, 44, 0, 41, Min, 182022.56982841511, NaN, Optimal, 10.324579954147339
./cases/scip-nlw/JuniperLib/crudeoil_lee2_05.stdout:DATA, crudeoil_lee2_05.jl, 1156, 70, 0, 2582, Max, 96.16987500001, NaN, Optimal, 9.488183975219727
./cases/scip-nlw/JuniperLib/eniplac.stdout:DATA, eniplac.jl, 142, 24, 0, 190, Min, -132117.0830201697, NaN, UserLimit, 1.6740620136260986
./cases/scip-nlw/JuniperLib/sep1.stdout:DATA, sep1.jl, 30, 2, 0, 32, Min, -510.0809843530557, NaN, Optimal, 0.559683084487915
./cases/scip-nlw/JuniperLib/transswitch0039r.stdout:DATA, transswitch0039r.jl, 329, 46, 0, 474, Min, 41869.05151132446, NaN, UserLimit, 611.9166269302368
./cases/scip-nlw/JuniperLib/edgecross14-098.stdout:DATA, edgecross14-098.jl, 183, 182, 0, 1457, Min, 1358.0, NaN, UserLimit, 635.0647809505463
./cases/scip-nlw/JuniperLib/nous1.stdout:DATA, nous1.jl, 51, 2, 0, 44, Min, 1.567072000088909, NaN, UserLimit, 707.8691320419312
./cases/scip-nlw/JuniperLib/pooling_epa3.stdout:DATA, pooling_epa3.jl, 1105, 150, 0, 1718, Min, NaN, NaN, UserLimit, 610.207682132721
./cases/scip-nlw/JuniperLib/fo7_ar5_1.stdout:DATA, fo7_ar5_1.jl, 113, 0, 42, 270, Min, 17.749329400989243, NaN, Optimal, 24.78153920173645
./cases/scip-nlw/JuniperLib/multiplants_mtg1b.stdout:DATA, multiplants_mtg1b.jl, 194, 93, 0, 257, Max, 440.86244536019825, NaN, UserLimit, 673.6377310752869
./cases/scip-nlw/JuniperLib/fo9_ar2_1.stdout:DATA, fo9_ar2_1.jl, 181, 0, 72, 436, Min, 32.62499063367814, NaN, UserLimit, 695.3016550540924
./cases/scip-nlw/JuniperLib/cvxnonsep_pcon40r.stdout:DATA, cvxnonsep_pcon40r.jl, 80, 0, 20, 41, Min, -46.599169046348074, NaN, Optimal, 0.900291919708252
./cases/scip-nlw/JuniperLib/waterno2_04.stdout:DATA, waterno2_04.jl, 665, 36, 0, 823, Min, 145.73227700212558, NaN, UserLimit, 650.6302578449249
./cases/scip-nlw/JuniperLib/nuclear49b.stdout:DATA, nuclear49b.jl, 5743, 2450, 0, 6234, Min, -1.1174703856287143, NaN, UserLimit, 603.7565379142761
./cases/scip-nlw/JuniperLib/o7.stdout:DATA, o7.jl, 115, 42, 0, 212, Min, 131.65313720913483, NaN, UserLimit, 699.3534209728241
./cases/scip-nlw/JuniperLib/supplychainp1_030510.stdout:DATA, supplychainp1_030510.jl, 446, 70, 0, 836, Min, 860440.9194922794, NaN, UserLimit, 5.983951091766357
./cases/scip-nlw/JuniperLib/supplychain.stdout:DATA, supplychain.jl, 28, 3, 0, 31, Min, 2260.424229957928, NaN, UserLimit, 0.9491839408874512
./cases/scip-nlw/JuniperLib/elf.stdout:DATA, elf.jl, 55, 24, 0, 39, Min, 0.19166665705719355, NaN, Optimal, 0.9427430629730225
./cases/scip-nlw/JuniperLib/Syn05M02M.stdout:DATA, Syn05M02M.jl, 61, 20, 0, 102, Max, 3032.7356999523577, NaN, UserLimit, 0.3456699848175049
./cases/scip-nlw/JuniperLib/RSyn0830M04M.stdout:DATA, RSyn0830M04M.jl, 1241, 496, 0, 3193, Max, 2529.0755921551486, NaN, Optimal, 105.8925371170044
./cases/scip-nlw/JuniperLib/gastrans135.stdout:DATA, gastrans135.jl, 1194, 0, 232, 2473, Min, NaN, NaN, UserLimit, 622.4764358997345
./cases/scip-nlw/JuniperLib/tspn12.stdout:DATA, tspn12.jl, 91, 66, 0, 27, Min, 262.64739568834034, NaN, UserLimit, 635.3981409072876
./cases/scip-nlw/JuniperLib/stockcycle.stdout:DATA, stockcycle.jl, 481, 432, 0, 98, Min, 119948.6883333333, NaN, Optimal, 171.7497181892395
./cases/scip-nlw/JuniperLib/squfl030-100persp.stdout:DATA, squfl030-100persp.jl, 6031, 30, 0, 6101, Min, 363.0860119952243, NaN, UserLimit, 490.863676071167
./cases/scip-nlw/JuniperLib/sfacloc2_3_95.stdout:DATA, sfacloc2_3_95.jl, 264, 54, 0, 343, Min, 16.15112012366665, NaN, Optimal, 4.439307928085327
./cases/scip-nlw/JuniperLib/sssd08-04persp.stdout:DATA, sssd08-04persp.jl, 61, 44, 0, 41, Min, 182022.5588618899, NaN, Optimal, 16.33222484588623
./cases/scip-nlw/JuniperLib/blend029.stdout:DATA, blend029.jl, 103, 36, 0, 214, Max, 13.359400977933484, NaN, Optimal, 4.1322479248046875
./cases/scip-nlw/JuniperLib/tln12.stdout:DATA, tln12.jl, 169, 12, 156, 73, Min, 94.8, NaN, UserLimit, 628.9147820472717
./cases/scip-nlw/JuniperLib/squfl020-040persp.stdout:DATA, squfl020-040persp.jl, 1621, 20, 0, 1641, Min, 209.25315275041046, NaN, UserLimit, 6.843506097793579
./cases/scip-nlw/JuniperLib/chp_shorttermplan1a.stdout:DATA, chp_shorttermplan1a.jl, 1009, 144, 0, 2069, Min, 214.8418660276123, NaN, UserLimit, 23.58336305618286
./cases/scip-nlw/JuniperLib/st_e35.stdout:DATA, st_e35.jl, 33, 7, 0, 40, Min, 64868.07392240597, NaN, Optimal, 5.4158408641815186
./cases/scip-nlw/JuniperLib/FLay02M.stdout:DATA, FLay02M.jl, 15, 4, 0, 12, Min, 37.94732965053906, NaN, Optimal, 0.43398594856262207
./cases/scip-nlw/JuniperLib/Syn30M02H.stdout:DATA, Syn30M02H.jl, 577, 120, 0, 901, Max, 399.6846100164496, NaN, Optimal, 1.4860751628875732
./cases/scip-nlw/JuniperLib/gastrans582_mild10_95.stdout:DATA, gastrans582_mild10_95.jl, 2187, 0, 250, 3733, Min, 0.0, NaN, Optimal, 29.440547943115234
./cases/scip-nlw/JuniperLib/o8_ar4_1.stdout:DATA, o8_ar4_1.jl, 145, 0, 56, 348, Min, 244.61545031407658, NaN, UserLimit, 690.6161820888519
./cases/scip-nlw/JuniperLib/nvs23.stdout:DATA, nvs23.jl, 10, 0, 9, 10, Min, -1125.2000000000003, NaN, UserLimit, 0.5322978496551514
./cases/scip-nlw/JuniperLib/ex1266.stdout:DATA, ex1266.jl, 181, 138, 0, 96, Min, 16.3, NaN, Optimal, 0.2989988327026367
./cases/scip-nlw/JuniperLib/ex1252.stdout:DATA, ex1252.jl, 40, 15, 0, 44, Min, 128893.74089823796, NaN, UserLimit, 4.6894450187683105
./cases/scip-nlw/JuniperLib/crudeoil_lee4_09.stdout:DATA, crudeoil_lee4_09.jl, 3520, 171, 0, 7770, Max, 132.54760090666667, NaN, Optimal, 93.9986720085144
./cases/scip-nlw/JuniperLib/RSyn0805M02M.stdout:DATA, RSyn0805M02M.jl, 361, 148, 0, 770, Max, 2238.3958344611156, NaN, Optimal, 9.513663053512573
./cases/scip-nlw/JuniperLib/sfacloc2_3_90.stdout:DATA, sfacloc2_3_90.jl, 292, 75, 0, 497, Min, 15.094501048333338, NaN, Optimal, 10.109174013137817
./cases/scip-nlw/JuniperLib/ndcc12.stdout:DATA, ndcc12.jl, 645, 46, 0, 238, Min, NaN, NaN, UserLimit, 615.9466149806976
./cases/scip-nlw/JuniperLib/Syn15M02H.stdout:DATA, Syn15M02H.jl, 303, 60, 0, 468, Max, 2832.7493025373283, NaN, UserLimit, 0.354611873626709
./cases/scip-nlw/JuniperLib/chp_shorttermplan2c.stdout:DATA, chp_shorttermplan2c.jl, 2449, 384, 0, 6735, Min, NaN, NaN, UserLimit, 628.0630178451538
./cases/scip-nlw/JuniperLib/squfl030-100.stdout:DATA, squfl030-100.jl, 3031, 30, 0, 3101, Min, 470.4096893210735, NaN, UserLimit, 602.8699288368225
./cases/scip-nlw/JuniperLib/RSyn0805M04M.stdout:DATA, RSyn0805M04M.jl, 721, 296, 0, 1887, Max, 7174.21980522766, NaN, Optimal, 15.228141069412231
./cases/scip-nlw/JuniperLib/sssd12-05persp.stdout:DATA, sssd12-05persp.jl, 96, 75, 0, 53, Min, 281649.11134814454, NaN, UserLimit, 712.9347488880157
./cases/scip-nlw/JuniperLib/ex1243.stdout:DATA, ex1243.jl, 69, 16, 0, 97, Min, 83402.50640965765, NaN, Optimal, 3.2722740173339844
./cases/scip-nlw/JuniperLib/crudeoil_lee4_07.stdout:DATA, crudeoil_lee4_07.jl, 2738, 133, 0, 5966, Max, 132.54760090666667, NaN, Optimal, 570.8310499191284
./cases/scip-nlw/JuniperLib/batch0812.stdout:DATA, batch0812.jl, 101, 60, 0, 218, Min, 2.6870267843106417e6, NaN, UserLimit, 1.1354148387908936
./cases/scip-nlw/JuniperLib/heatexch_trigen.stdout:DATA, heatexch_trigen.jl, 292, 45, 0, 263, Max, 1.0019730805626587e6, NaN, UserLimit, 18.624372005462646
./cases/scip-nlw/JuniperLib/Syn40M03H.stdout:DATA, Syn40M03H.jl, 1147, 240, 0, 1999, Max, 395.1496215529799, NaN, Optimal, 6.633196115493774
./cases/scip-nlw/JuniperLib/nuclear25a.stdout:DATA, nuclear25a.jl, 1059, 650, 0, 660, Min, NaN, NaN, UserLimit, 605.0843889713287
./cases/scip-nlw/JuniperLib/FLay05H.stdout:DATA, FLay05H.jl, 383, 40, 0, 466, Min, 64.49805518982498, NaN, Optimal, 208.94678497314453
./cases/scip-nlw/JuniperLib/ndcc14persp.stdout:DATA, ndcc14persp.jl, 919, 54, 0, 360, Min, 127.47528247900003, NaN, UserLimit, 627.0348711013794
./cases/scip-nlw/JuniperLib/graphpart_2pm-0099-0999.stdout:DATA, graphpart_2pm-0099-0999.jl, 244, 243, 0, 82, Min, -64.0, NaN, Optimal, 98.38769388198853
./cases/scip-nlw/JuniperLib/FLay04H.stdout:DATA, FLay04H.jl, 235, 24, 0, 283, Min, 54.40587886441013, NaN, Optimal, 6.793888092041016
./cases/scip-nlw/JuniperLib/chp_shorttermplan2b.stdout:DATA, chp_shorttermplan2b.jl, 1393, 192, 0, 2553, Min, -161499.88580927925, NaN, UserLimit, 635.6005718708038
./cases/scip-nlw/JuniperLib/bchoco05.stdout:DATA, bchoco05.jl, 91, 6, 0, 104, Max, 0.950981713294958, NaN, UserLimit, 729.2558770179749
./cases/scip-nlw/JuniperLib/gasprod_sarawak81.stdout:DATA, gasprod_sarawak81.jl, 7572, 38, 0, 11093, Min, -31329.404909183304, NaN, UserLimit, 652.0116147994995
./cases/scip-nlw/JuniperLib/squfl010-080persp.stdout:DATA, squfl010-080persp.jl, 1611, 10, 0, 1681, Min, 509.70244864761224, NaN, Optimal, 60.446234941482544
./cases/scip-nlw/JuniperLib/RSyn0815H.stdout:DATA, RSyn0815H.jl, 388, 47, 0, 553, Max, 1269.925914870437, NaN, UserLimit, 0.9701030254364014
./cases/scip-nlw/JuniperLib/hybriddynamic_var.stdout:DATA, hybriddynamic_var.jl, 82, 10, 0, 101, Min, 1.5364151622501816, NaN, UserLimit, 0.9772641658782959
./cases/scip-nlw/JuniperLib/nuclearva.stdout:DATA, nuclearva.jl, 352, 168, 0, 318, Min, -1.0080846409617734, NaN, UserLimit, 649.2021398544312
./cases/scip-nlw/JuniperLib/blend146.stdout:DATA, blend146.jl, 223, 87, 0, 625, Max, 43.24800485924416, NaN, UserLimit, 679.5670499801636
./cases/scip-nlw/JuniperLib/sfacloc1_2_80.stdout:DATA, sfacloc1_2_80.jl, 232, 62, 0, 2089, Min, 12.76560762751881, NaN, UserLimit, 667.9385459423065
./cases/scip-nlw/JuniperLib/ndcc13persp.stdout:DATA, ndcc13persp.jl, 673, 42, 0, 297, Min, 89.878403027, NaN, UserLimit, 626.2200109958649
./cases/scip-nlw/JuniperLib/multiplants_mtg1a.stdout:DATA, multiplants_mtg1a.jl, 194, 93, 0, 257, Max, 391.6133684290476, NaN, UserLimit, 664.2021310329437
./cases/scip-nlw/JuniperLib/jit1.stdout:DATA, jit1.jl, 26, 0, 4, 33, Min, 173983.3299816468, NaN, Optimal, 0.3834080696105957
./cases/scip-nlw/JuniperLib/Syn40M04H.stdout:DATA, Syn40M04H.jl, 1529, 320, 0, 2905, Max, 901.7546062344936, NaN, UserLimit, 5.617002964019775
./cases/scip-nlw/JuniperLib/CLay0305H.stdout:DATA, CLay0305H.jl, 276, 55, 0, 396, Min, 8092.499514375433, NaN, Optimal, 144.87403392791748
./cases/scip-nlw/JuniperLib/ex1223b.stdout:DATA, ex1223b.jl, 8, 4, 0, 10, Min, 4.579582400541849, NaN, UserLimit, 0.29200315475463867
./cases/scip-nlw/JuniperLib/fo9_ar5_1.stdout:DATA, fo9_ar5_1.jl, 181, 0, 72, 436, Min, 23.46428237646192, NaN, UserLimit, 691.7525250911713
./cases/scip-nlw/JuniperLib/netmod_kar2.stdout:DATA, netmod_kar2.jl, 457, 136, 0, 667, Min, -0.4197896133912438, NaN, Optimal, 9.84636902809143
./cases/scip-nlw/JuniperLib/crudeoil_lee4_10.stdout:DATA, crudeoil_lee4_10.jl, 3911, 190, 0, 8702, Max, 132.54760090666667, NaN, Optimal, 155.30285596847534
./cases/scip-nlw/JuniperLib/wastepaper4.stdout:DATA, wastepaper4.jl, 77, 44, 0, 39, Min, 0.0034791556466567345, NaN, Optimal, 596.9262249469757
./cases/scip-nlw/JuniperLib/st_test3.stdout:DATA, st_test3.jl, 14, 0, 13, 11, Min, -7.0, NaN, Optimal, 0.2142930030822754
./cases/scip-nlw/JuniperLib/edgecross14-019.stdout:DATA, edgecross14-019.jl, 183, 182, 0, 1457, Min, 4.0, NaN, Optimal, 1.9610350131988525
./cases/scip-nlw/JuniperLib/fo7_ar3_1.stdout:DATA, fo7_ar3_1.jl, 113, 0, 42, 270, Min, 22.5174658777845, NaN, Optimal, 52.791258096694946
./cases/scip-nlw/JuniperLib/RSyn0810M03M.stdout:DATA, RSyn0810M03M.jl, 616, 252, 0, 1453, Max, 2722.4491065326515, NaN, Optimal, 27.05093812942505
./cases/scip-nlw/JuniperLib/SLay07H.stdout:DATA, SLay07H.jl, 477, 84, 0, 610, Min, 64748.82529202099, NaN, UserLimit, 6.64349889755249
./cases/scip-nlw/JuniperLib/transswitch0118r.stdout:DATA, transswitch0118r.jl, 1240, 179, 0, 1764, Min, NaN, NaN, UserLimit, 611.7170341014862
./cases/scip-nlw/JuniperLib/m3.stdout:DATA, m3.jl, 27, 6, 0, 44, Min, 37.79999726743924, NaN, Optimal, 0.3848140239715576
./cases/scip-nlw/JuniperLib/Syn30M03H.stdout:DATA, Syn30M03H.jl, 865, 180, 0, 1486, Max, 654.1562929164637, NaN, Optimal, 4.793317079544067
./cases/scip-nlw/JuniperLib/eg_int_s.stdout:DATA, eg_int_s.jl, 8, 0, 3, 28, Min, 100000.00000000001, NaN, UserLimit, 617.5039160251617
./cases/scip-nlw/JuniperLib/gastrans582_cold13_95.stdout:DATA, gastrans582_cold13_95.jl, 2187, 0, 250, 3733, Min, NaN, NaN, UserLimit, 616.6676349639893
./cases/scip-nlw/JuniperLib/risk2b.stdout:DATA, risk2b.jl, 464, 14, 0, 581, Min, -55.876139395001964, NaN, Optimal, 1.0754668712615967
./cases/scip-nlw/JuniperLib/nuclearvc.stdout:DATA, nuclearvc.jl, 352, 168, 0, 318, Min, -0.994421943442381, NaN, UserLimit, 677.4674561023712
./cases/scip-nlw/JuniperLib/Syn40M02M.stdout:DATA, Syn40M02M.jl, 421, 160, 0, 813, Max, 388.77382315379634, NaN, Optimal, 3.84763503074646
./cases/scip-nlw/JuniperLib/RSyn0830M.stdout:DATA, RSyn0830M.jl, 251, 94, 0, 426, Max, 510.07229460540555, NaN, Optimal, 1.6722431182861328
./cases/scip-nlw/JuniperLib/squfl010-025persp.stdout:DATA, squfl010-025persp.jl, 511, 10, 0, 526, Min, 214.11024432970166, NaN, UserLimit, 1.361288070678711
./cases/scip-nlw/JuniperLib/nuclearvf.stdout:DATA, nuclearvf.jl, 352, 168, 0, 318, Min, -1.003350565345456, NaN, UserLimit, 986.1344308853149
./cases/scip-nlw/JuniperLib/fo8.stdout:DATA, fo8.jl, 147, 56, 0, 274, Min, 22.381894215411158, NaN, Optimal, 123.41421413421631
./cases/scip-nlw/JuniperLib/gastrans582_cool14_95.stdout:DATA, gastrans582_cool14_95.jl, 2187, 0, 250, 3733, Min, NaN, NaN, UserLimit, 616.6535489559174
./cases/scip-nlw/JuniperLib/ex1233.stdout:DATA, ex1233.jl, 53, 12, 0, 65, Min, 167615.65725891158, NaN, UserLimit, 608.3772189617157
./cases/scip-nlw/JuniperLib/sssd25-08persp.stdout:DATA, sssd25-08persp.jl, 257, 224, 0, 90, Min, 472936.0400957454, NaN, UserLimit, 663.130998134613
./cases/scip-nlw/JuniperLib/crudeoil_lee1_08.stdout:DATA, crudeoil_lee1_08.jl, 857, 64, 0, 2060, Max, 79.75, NaN, Optimal, 7.97561502456665
./cases/scip-nlw/JuniperLib/Syn15M.stdout:DATA, Syn15M.jl, 56, 15, 0, 90, Max, 853.2847897526419, NaN, UserLimit, 0.3558011054992676
./cases/scip-nlw/JuniperLib/crudeoil_lee2_08.stdout:DATA, crudeoil_lee2_08.jl, 1849, 112, 0, 4241, Max, 101.17456625902165, NaN, Optimal, 57.327532052993774
./cases/scip-nlw/JuniperLib/waterno2_01.stdout:DATA, waterno2_01.jl, 167, 9, 0, 205, Min, 19.456653853083225, NaN, Optimal, 0.5315971374511719
./cases/scip-nlw/JuniperLib/m7_ar2_1.stdout:DATA, m7_ar2_1.jl, 113, 0, 42, 270, Min, 190.2349618700352, NaN, Optimal, 6.0372819900512695
./cases/scip-nlw/JuniperLib/du-opt5.stdout:DATA, du-opt5.jl, 21, 0, 13, 10, Min, 8.073657030202137, NaN, Optimal, 0.9624419212341309
./cases/scip-nlw/JuniperLib/supplychainr1_022020.stdout:DATA, supplychainr1_022020.jl, 1441, 460, 0, 1841, Min, 1.77697020172637e6, NaN, UserLimit, 636.4947490692139
./cases/scip-nlw/JuniperLib/st_e14.stdout:DATA, st_e14.jl, 12, 4, 0, 14, Min, 4.579582400541849, NaN, UserLimit, 0.270751953125
./cases/scip-nlw/JuniperLib/FLay03M.stdout:DATA, FLay03M.jl, 27, 12, 0, 25, Min, 48.9897904892152, NaN, Optimal, 0.6101751327514648
./cases/scip-nlw/JuniperLib/fo9_ar4_1.stdout:DATA, fo9_ar4_1.jl, 181, 0, 72, 436, Min, 23.464285585418967, NaN, Optimal, 368.04021883010864
./cases/scip-nlw/JuniperLib/enpro56.stdout:DATA, enpro56.jl, 128, 73, 0, 192, Min, 263428.3009440019, NaN, Optimal, 3.3249189853668213
./cases/scip-nlw/JuniperLib/tln5.stdout:DATA, tln5.jl, 36, 5, 30, 31, Min, 10.3, NaN, Optimal, 45.31033706665039
./cases/scip-nlw/JuniperLib/procurement1large.stdout:DATA, procurement1large.jl, 7177, 400, 0, 6055, Max, 3739.7772930135434, NaN, UserLimit, 613.3504660129547
./cases/scip-nlw/JuniperLib/blend852.stdout:DATA, blend852.jl, 305, 120, 0, 861, Max, 53.621702041845985, NaN, UserLimit, 657.4438169002533
./cases/scip-nlw/JuniperLib/crudeoil_lee3_09.stdout:DATA, crudeoil_lee3_09.jl, 2305, 126, 0, 5181, Max, 85.44891307464884, NaN, UserLimit, 623.1675209999084
./cases/scip-nlw/JuniperLib/fo8_ar25_1.stdout:DATA, fo8_ar25_1.jl, 145, 0, 56, 348, Min, 28.04517922824239, NaN, Optimal, 158.27504205703735
./cases/scip-nlw/JuniperLib/ex3.stdout:DATA, ex3.jl, 33, 8, 0, 32, Min, 68.0104629312321, NaN, UserLimit, 0.27332496643066406
./cases/scip-nlw/JuniperLib/sjup2.stdout:DATA, sjup2.jl, 1697, 8, 0, 17086, Min, 11324.029897764092, NaN, UserLimit, 605.6666829586029
./cases/scip-nlw/JuniperLib/crossdock_15x7.stdout:DATA, crossdock_15x7.jl, 211, 210, 0, 45, Min, 15392.0, NaN, UserLimit, 623.7500369548798
./cases/scip-nlw/JuniperLib/portfol_shortfall100_04.stdout:DATA, portfol_shortfall100_04.jl, 405, 101, 0, 308, Min, -1.1178790281461555, NaN, UserLimit, 612.9465599060059
./cases/scip-nlw/JuniperLib/cecil_13.stdout:DATA, cecil_13.jl, 841, 180, 0, 899, Min, -115656.49971408508, NaN, UserLimit, 643.5550727844238
./cases/scip-nlw/JuniperLib/CLay0304M.stdout:DATA, CLay0304M.jl, 57, 36, 0, 107, Min, 40262.38750916394, NaN, Optimal, 2.0093770027160645
./cases/scip-nlw/JuniperLib/eg_disc2_s.stdout:DATA, eg_disc2_s.jl, 8, 0, 3, 28, Min, NaN, NaN, UserLimit, 1653.6605689525604
./cases/scip-nlw/JuniperLib/graphpart_2pm-0077-0777.stdout:DATA, graphpart_2pm-0077-0777.jl, 148, 147, 0, 50, Min, -40.0, NaN, Optimal, 24.341186046600342
./cases/scip-nlw/JuniperLib/carton9.stdout:DATA, carton9.jl, 361, 216, 72, 894, Min, 205.13707936775063, NaN, UserLimit, 649.2826778888702
./cases/scip-nlw/JuniperLib/gastrans582_mild10.stdout:DATA, gastrans582_mild10.jl, 2187, 0, 250, 3733, Min, NaN, NaN, UserLimit, 616.2197308540344
./cases/scip-nlw/JuniperLib/netmod_dol1.stdout:DATA, netmod_dol1.jl, 1999, 462, 0, 3138, Min, -0.5600083700185867, NaN, UserLimit, 610.5843141078949
./cases/scip-nlw/JuniperLib/tln2.stdout:DATA, tln2.jl, 9, 2, 6, 13, Min, 5.3, NaN, Optimal, 0.21191096305847168
./cases/scip-nlw/JuniperLib/blend480.stdout:DATA, blend480.jl, 313, 124, 0, 885, Max, 5.568601966738882, NaN, UserLimit, 662.2993078231812
./cases/scip-nlw/JuniperLib/RSyn0810H.stdout:DATA, RSyn0810H.jl, 344, 42, 0, 484, Max, 1721.4477929636803, NaN, UserLimit, 0.48331189155578613
./cases/scip-nlw/JuniperLib/sfacloc2_2_90.stdout:DATA, sfacloc2_2_90.jl, 215, 60, 0, 394, Min, 18.594109194663336, NaN, Optimal, 1.8746299743652344
./cases/scip-nlw/JuniperLib/batch0812_nc.stdout:DATA, batch0812_nc.jl, 77, 36, 0, 206, Min, 2.6870267842469458e6, NaN, UserLimit, 3.2449049949645996
./cases/scip-nlw/JuniperLib/sfacloc2_2_95.stdout:DATA, sfacloc2_2_95.jl, 187, 39, 0, 240, Min, 19.577551654199997, NaN, Optimal, 1.201073169708252
./cases/scip-nlw/JuniperLib/batchdes.stdout:DATA, batchdes.jl, 20, 9, 0, 20, Min, 167427.65711463985, NaN, UserLimit, 0.34079980850219727
./cases/scip-nlw/JuniperLib/Syn05M03H.stdout:DATA, Syn05M03H.jl, 157, 30, 0, 250, Max, 4027.372630606579, NaN, UserLimit, 0.277130126953125
./cases/scip-nlw/JuniperLib/SLay05M.stdout:DATA, SLay05M.jl, 71, 40, 0, 91, Min, 22664.678351045128, NaN, Optimal, 0.9912710189819336
./cases/scip-nlw/JuniperLib/fac2.stdout:DATA, fac2.jl, 67, 12, 0, 34, Min, 3.318374981767701e8, NaN, Optimal, 0.4598989486694336
./cases/scip-nlw/JuniperLib/pump.stdout:DATA, pump.jl, 25, 3, 6, 35, Min, 128893.74088905484, NaN, UserLimit, 11.756807804107666
./cases/scip-nlw/JuniperLib/waterno2_18.stdout:DATA, waterno2_18.jl, 2989, 162, 0, 3707, Min, 5688.356038419306, NaN, UserLimit, 618.3606071472168
./cases/scip-nlw/JuniperLib/gastrans582_mild11_95.stdout:DATA, gastrans582_mild11_95.jl, 2187, 0, 250, 3733, Min, 0.0, NaN, Optimal, 57.48023080825806
./cases/scip-nlw/JuniperLib/cvxnonsep_pcon30r.stdout:DATA, cvxnonsep_pcon30r.jl, 60, 0, 15, 31, Min, -35.986842474136836, NaN, UserLimit, 0.7615249156951904
./cases/scip-nlw/JuniperLib/SLay04M.stdout:DATA, SLay04M.jl, 45, 24, 0, 55, Min, 9859.659430110076, NaN, UserLimit, 1.6352648735046387
./cases/scip-nlw/JuniperLib/FLay05M.stdout:DATA, FLay05M.jl, 63, 40, 0, 66, Min, 64.49800615736189, NaN, Optimal, 69.52558708190918
