./solvers/bonmin-nlw/JuniperLibSm/crudeoil_li11.stdout:DATA, crudeoil_li11.jl, 1178, 180, 0, 3506, Max, NaN, NaN, UserLimit, 3617.6331400871277
./solvers/bonmin-nlw/JuniperLibSm/sfacloc2_4_80.stdout:DATA, sfacloc2_4_80.jl, 401, 122, 0, 2372, Min, 9.973051141467185, NaN, UserLimit, 3652.375983953476
./solvers/bonmin-nlw/JuniperLibSm/FLay06M.stdout:DATA, FLay06M.jl, 87, 60, 0, 94, Min, 66.93279744605258, NaN, UserLimit, 4008.242620944977
./solvers/bonmin-nlw/JuniperLibSm/sssd12-05.stdout:DATA, sssd12-05.jl, 96, 75, 0, 53, Min, 281408.61146117945, NaN, Optimal, 90.05256915092468
./solvers/bonmin-nlw/JuniperLibSm/sssd20-04.stdout:DATA, sssd20-04.jl, 109, 92, 0, 53, Min, 347691.36840011185, NaN, Optimal, 62.726691007614136
./solvers/bonmin-nlw/JuniperLibSm/edgecross14-039.stdout:DATA, edgecross14-039.jl, 183, 80, 0, 1457, Min, 109.99999171715608, NaN, Optimal, 4.055216073989868
./solvers/bonmin-nlw/JuniperLibSm/squfl025-040persp.stdout:DATA, squfl025-040persp.jl, 2026, 25, 0, 2041, Min, 197.33357645307575, NaN, Optimal, 76.85112595558167
./solvers/bonmin-nlw/JuniperLibSm/oil2.stdout:DATA, oil2.jl, 937, 2, 0, 927, Min, -0.7332600238098493, NaN, Optimal, 2.189301013946533
./solvers/bonmin-nlw/JuniperLibSm/waterno2_09.stdout:DATA, waterno2_09.jl, 1495, 81, 0, 1853, Min, 1066.998113432243, NaN, UserLimit, 3655.4645988941193
./solvers/bonmin-nlw/JuniperLibSm/fo7.stdout:DATA, fo7.jl, 115, 42, 0, 212, Min, 22.51746682956152, NaN, UserLimit, 3879.397866010666
./solvers/bonmin-nlw/JuniperLibSm/hvb11.stdout:DATA, hvb11.jl, 9818, 9537, 0, 10252, Min, NaN, NaN, UserLimit, 3634.8426909446716
./solvers/bonmin-nlw/JuniperLibSm/sssd22-08persp.stdout:DATA, sssd22-08persp.jl, 233, 200, 0, 87, Min, 0, NaN, Infeasible, 0.6136510372161865
./solvers/bonmin-nlw/JuniperLibSm/var_con10.stdout:DATA, var_con10.jl, 574, 12, 0, 465, Min, 0, NaN, Infeasible, 33.67872405052185
./solvers/bonmin-nlw/JuniperLibSm/crudeoil_li03.stdout:DATA, crudeoil_li03.jl, 965, 132, 0, 2443, Max, 0, NaN, Infeasible, 102.0946102142334
./solvers/bonmin-nlw/JuniperLibSm/FLay06H.stdout:DATA, FLay06H.jl, 567, 60, 0, 694, Min, 66.93280152364088, NaN, UserLimit, 3749.6234970092773
./solvers/bonmin-nlw/JuniperLibSm/waterno2_03.stdout:DATA, waterno2_03.jl, 499, 27, 0, 617, Min, 115.00442951852762, NaN, Optimal, 299.9251229763031
./solvers/bonmin-nlw/JuniperLibSm/hydroenergy1.stdout:DATA, hydroenergy1.jl, 289, 96, 0, 429, Max, 209721.00997219715, NaN, Optimal, 4.413685083389282
./solvers/bonmin-nlw/JuniperLibSm/tln7.stdout:DATA, tln7.jl, 64, 7, 56, 43, Min, 16.2, NaN, UserLimit, 4007.1854498386383
./solvers/bonmin-nlw/JuniperLibSm/crudeoil_lee2_09.stdout:DATA, crudeoil_lee2_09.jl, 2080, 126, 0, 4828, Max, NaN, NaN, UserLimit, 4556.179809808731
./solvers/bonmin-nlw/JuniperLibSm/kport20.stdout:DATA, kport20.jl, 102, 2, 38, 28, Min, NaN, NaN, Error, 0.18911504745483398
./solvers/bonmin-nlw/JuniperLibSm/nuclear14.stdout:DATA, nuclear14.jl, 1563, 576, 0, 1227, Min, -1.129576657593581, NaN, Optimal, 3215.2476119995117
./solvers/bonmin-nlw/JuniperLibSm/edgecross10-080.stdout:DATA, edgecross10-080.jl, 91, 74, 0, 481, Min, 1036.99998643054, NaN, Optimal, 0.6692349910736084
./solvers/bonmin-nlw/JuniperLibSm/sssd18-06persp.stdout:DATA, sssd18-06persp.jl, 151, 126, 0, 67, Min, 0, NaN, Infeasible, 0.450941801071167
./solvers/bonmin-nlw/JuniperLibSm/tspn08.stdout:DATA, tspn08.jl, 45, 28, 0, 19, Min, NaN, NaN, Error, 0.18842101097106934
./solvers/bonmin-nlw/JuniperLibSm/squfl025-025.stdout:DATA, squfl025-025.jl, 651, 25, 0, 651, Min, 168.80717808385424, NaN, Optimal, 11.15681505203247
./solvers/bonmin-nlw/JuniperLibSm/sssd20-08persp.stdout:DATA, sssd20-08persp.jl, 217, 184, 0, 85, Min, 0, NaN, Infeasible, 0.5353538990020752
./solvers/bonmin-nlw/JuniperLibSm/crudeoil_pooling_ct2.stdout:DATA, crudeoil_pooling_ct2.jl, 404, 108, 0, 733, Max, 10209.525004718154, NaN, UserLimit, 3694.4596269130707
./solvers/bonmin-nlw/JuniperLibSm/multiplants_stg1a.stdout:DATA, multiplants_stg1a.jl, 424, 216, 0, 250, Max, 390.96552270423774, NaN, UserLimit, 3736.184532880783
./solvers/bonmin-nlw/JuniperLibSm/squfl030-150persp.stdout:DATA, squfl030-150persp.jl, 9031, 30, 0, 9151, Min, 430.57529436361654, NaN, Optimal, 2849.4775199890137
./solvers/bonmin-nlw/JuniperLibSm/sssd18-08.stdout:DATA, sssd18-08.jl, 201, 168, 0, 83, Min, 834297.8778343811, NaN, UserLimit, 3960.550848007202
./solvers/bonmin-nlw/JuniperLibSm/transswitch0014r.stdout:DATA, transswitch0014r.jl, 139, 20, 0, 198, Min, 0, NaN, Infeasible, 9.235545873641968
./solvers/bonmin-nlw/JuniperLibSm/ndcc14.stdout:DATA, ndcc14.jl, 865, 54, 0, 306, Min, 111.785307945, NaN, UserLimit, 3664.1311399936676
./solvers/bonmin-nlw/JuniperLibSm/chp_partload.stdout:DATA, chp_partload.jl, 2249, 45, 0, 2517, Min, 24.46054702929606, NaN, UserLimit, 3630.0132880210876
./solvers/bonmin-nlw/JuniperLibSm/graphpart_clique-50.stdout:DATA, graphpart_clique-50.jl, 151, 150, 0, 51, Min, 0, NaN, Infeasible, 0.25500011444091797
./solvers/bonmin-nlw/JuniperLibSm/tspn05.stdout:DATA, tspn05.jl, 21, 10, 0, 11, Min, NaN, NaN, Error, 0.19086480140686035
./solvers/bonmin-nlw/JuniperLibSm/procurement1mot.stdout:DATA, procurement1mot.jl, 785, 60, 0, 750, Max, 291.54165829976176, NaN, Optimal, 203.6088490486145
./solvers/bonmin-nlw/JuniperLibSm/multiplants_stg1.stdout:DATA, multiplants_stg1.jl, 415, 198, 0, 262, Max, 355.08663910733924, NaN, UserLimit, 3721.6742689609528
./solvers/bonmin-nlw/JuniperLibSm/multiplants_mtg5.stdout:DATA, multiplants_mtg5.jl, 191, 78, 0, 309, Max, 5924.649351536803, NaN, Optimal, 1827.5758881568909
./solvers/bonmin-nlw/JuniperLibSm/sssd15-04.stdout:DATA, sssd15-04.jl, 89, 72, 0, 48, Min, 205054.4332876113, NaN, Optimal, 18.91990303993225
./solvers/bonmin-nlw/JuniperLibSm/genpooling_meyer04.stdout:DATA, genpooling_meyer04.jl, 119, 55, 0, 142, Min, 0, NaN, Infeasible, 14.043681144714355
./solvers/bonmin-nlw/JuniperLibSm/fo9.stdout:DATA, fo9.jl, 183, 72, 0, 344, Min, 35.84797991847805, NaN, UserLimit, 3826.0911870002747
./solvers/bonmin-nlw/JuniperLibSm/graphpart_3g-0444-0444.stdout:DATA, graphpart_3g-0444-0444.jl, 193, 192, 0, 65, Min, -7.25963124610247e6, NaN, Optimal, 0.4157521724700928
./solvers/bonmin-nlw/JuniperLibSm/tspn15.stdout:DATA, tspn15.jl, 136, 105, 0, 35, Min, NaN, NaN, Error, 0.1865241527557373
./solvers/bonmin-nlw/JuniperLibSm/heatexch_gen3.stdout:DATA, heatexch_gen3.jl, 581, 60, 0, 511, Min, 0, NaN, Infeasible, 22.462955951690674
./solvers/bonmin-nlw/JuniperLibSm/product.stdout:DATA, product.jl, 1554, 107, 0, 1926, Min, -2142.948101549661, NaN, Optimal, 3041.9563908576965
./solvers/bonmin-nlw/JuniperLibSm/sssd25-04persp.stdout:DATA, sssd25-04persp.jl, 129, 112, 0, 58, Min, 0, NaN, Infeasible, 0.41374802589416504
./solvers/bonmin-nlw/JuniperLibSm/deb10.stdout:DATA, deb10.jl, 183, 22, 0, 130, Min, 0, NaN, Infeasible, 11.797993183135986
./solvers/bonmin-nlw/JuniperLibSm/hydroenergy3.stdout:DATA, hydroenergy3.jl, 1009, 336, 0, 1499, Max, 744963.7583065437, NaN, Optimal, 36.39626407623291
./solvers/bonmin-nlw/JuniperLibSm/space25.stdout:DATA, space25.jl, 894, 750, 0, 236, Min, 484.32857170197883, NaN, Optimal, 88.43766593933105
./solvers/bonmin-nlw/JuniperLibSm/chp_shorttermplan1b.stdout:DATA, chp_shorttermplan1b.jl, 1681, 288, 0, 3851, Min, 269.5625218975831, NaN, Optimal, 879.9299559593201
./solvers/bonmin-nlw/JuniperLibSm/crudeoil_lee4_08.stdout:DATA, crudeoil_lee4_08.jl, 3129, 152, 0, 6858, Max, NaN, NaN, UserLimit, 6423.346683979034
./solvers/bonmin-nlw/JuniperLibSm/supplychainr1_053050.stdout:DATA, supplychainr1_053050.jl, 5151, 1680, 0, 6581, Min, 0, NaN, Infeasible, 28.97014617919922
./solvers/bonmin-nlw/JuniperLibSm/crudeoil_pooling_ct4.stdout:DATA, crudeoil_pooling_ct4.jl, 534, 138, 0, 925, Max, 13257.695129896403, NaN, Optimal, 3244.5630469322205
./solvers/bonmin-nlw/JuniperLibSm/sfacloc1_2_95.stdout:DATA, sfacloc1_2_95.jl, 172, 9, 0, 209, Min, 18.850069837371656, NaN, Optimal, 0.88850998878479
./solvers/bonmin-nlw/JuniperLibSm/o7_2.stdout:DATA, o7_2.jl, 115, 42, 0, 212, Min, 121.06246913483727, NaN, UserLimit, 3879.5690989494324
./solvers/bonmin-nlw/JuniperLibSm/edgecross10-060.stdout:DATA, edgecross10-060.jl, 91, 44, 0, 481, Min, 458.9999872363451, NaN, Optimal, 0.6379249095916748
./solvers/bonmin-nlw/JuniperLibSm/super3t.stdout:DATA, super3t.jl, 1056, 44, 0, 1343, Min, -0.68575008688147, NaN, UserLimit, 3654.240779876709
./solvers/bonmin-nlw/JuniperLibSm/4stufen.stdout:DATA, 4stufen.jl, 150, 48, 0, 99, Min, NaN, NaN, Error, 0.204725980758667
./solvers/bonmin-nlw/JuniperLibSm/portfol_shortfall200_05.stdout:DATA, portfol_shortfall200_05.jl, 805, 201, 0, 608, Min, -1.1250494812589755, NaN, UserLimit, 3608.4015579223633
./solvers/bonmin-nlw/JuniperLibSm/squfl025-040.stdout:DATA, squfl025-040.jl, 1026, 25, 0, 1041, Min, 197.33383439443452, NaN, Optimal, 66.95010709762573
./solvers/bonmin-nlw/JuniperLibSm/crudeoil_lee2_10.stdout:DATA, crudeoil_lee2_10.jl, 2311, 140, 0, 5432, Max, NaN, NaN, UserLimit, 4361.774518966675
./solvers/bonmin-nlw/JuniperLibSm/o7_ar4_1.stdout:DATA, o7_ar4_1.jl, 113, 0, 42, 270, Min, 157.14377555301414, NaN, UserLimit, 3836.0214200019836
./solvers/bonmin-nlw/JuniperLibSm/tls5.stdout:DATA, tls5.jl, 162, 131, 5, 91, Min, NaN, NaN, Error, 0.18423104286193848
./solvers/bonmin-nlw/JuniperLibSm/ndcc16.stdout:DATA, ndcc16.jl, 1081, 60, 0, 378, Min, 113.56338071099998, NaN, UserLimit, 3649.542064189911
./solvers/bonmin-nlw/JuniperLibSm/heatexch_spec1.stdout:DATA, heatexch_spec1.jl, 57, 12, 0, 65, Min, 154997.32922653927, NaN, Optimal, 1.0595510005950928
./solvers/bonmin-nlw/JuniperLibSm/multiplants_mtg6.stdout:DATA, multiplants_mtg6.jl, 350, 176, 0, 481, Max, NaN, NaN, UserLimit, 3664.376132965088
./solvers/bonmin-nlw/JuniperLibSm/tls7.stdout:DATA, tls7.jl, 346, 289, 7, 155, Min, NaN, NaN, Error, 2.533859968185425
./solvers/bonmin-nlw/JuniperLibSm/transswitch0009p.stdout:DATA, transswitch0009p.jl, 70, 9, 0, 140, Min, 5296.686202217952, NaN, Optimal, 8.637208938598633
./solvers/bonmin-nlw/JuniperLibSm/watercontamination0202r.stdout:DATA, watercontamination0202r.jl, 196, 7, 0, 284, Min, 97.9044367703537, NaN, Optimal, 3.38558292388916
./solvers/bonmin-nlw/JuniperLibSm/edgecross24-057.stdout:DATA, edgecross24-057.jl, 553, 552, 0, 8097, Min, 177.9999925900101, NaN, Optimal, 157.24683809280396
./solvers/bonmin-nlw/JuniperLibSm/multiplants_mtg2.stdout:DATA, multiplants_mtg2.jl, 230, 112, 0, 307, Max, 7099.171217021232, NaN, Optimal, 1876.1561830043793
./solvers/bonmin-nlw/JuniperLibSm/hydroenergy2.stdout:DATA, hydroenergy2.jl, 577, 192, 0, 857, Max, 371811.8757946033, NaN, Optimal, 13.968372106552124
./solvers/bonmin-nlw/JuniperLibSm/heatexch_gen2.stdout:DATA, heatexch_gen2.jl, 149, 16, 0, 167, Min, 667155.1519541661, NaN, Optimal, 47.59028911590576
./solvers/bonmin-nlw/JuniperLibSm/waterno2_24.stdout:DATA, waterno2_24.jl, 3985, 216, 0, 4943, Min, NaN, NaN, UserLimit, 3640.708904981613
./solvers/bonmin-nlw/JuniperLibSm/sssd18-08persp.stdout:DATA, sssd18-08persp.jl, 201, 168, 0, 83, Min, 0, NaN, Infeasible, 6.863566875457764
./solvers/bonmin-nlw/JuniperLibSm/squfl020-150persp.stdout:DATA, squfl020-150persp.jl, 6021, 20, 0, 6151, Min, 557.8478126020086, NaN, Optimal, 300.8145411014557
./solvers/bonmin-nlw/JuniperLibSm/crossdock_15x8.stdout:DATA, crossdock_15x8.jl, 241, 240, 0, 47, Min, NaN, NaN, UserLimit, 3661.9044859409332
./solvers/bonmin-nlw/JuniperLibSm/fo9_ar3_1.stdout:DATA, fo9_ar3_1.jl, 181, 0, 72, 436, Min, NaN, NaN, UserLimit, 3788.1341729164124
./solvers/bonmin-nlw/JuniperLibSm/multiplants_stg1b.stdout:DATA, multiplants_stg1b.jl, 476, 243, 0, 280, Max, 445.1078970128151, NaN, UserLimit, 3710.3565578460693
./solvers/bonmin-nlw/JuniperLibSm/tspn10.stdout:DATA, tspn10.jl, 66, 45, 0, 22, Min, NaN, NaN, Error, 0.18953990936279297
./solvers/bonmin-nlw/JuniperLibSm/graphpart_3pm-0334-0334.stdout:DATA, graphpart_3pm-0334-0334.jl, 109, 108, 0, 37, Min, -35.000001028836316, NaN, Optimal, 0.3714029788970947
./solvers/bonmin-nlw/JuniperLibSm/sssd25-04.stdout:DATA, sssd25-04.jl, 129, 112, 0, 58, Min, 300186.7690128396, NaN, Optimal, 72.83569693565369
./solvers/bonmin-nlw/JuniperLibSm/edgecross10-070.stdout:DATA, edgecross10-070.jl, 91, 90, 0, 481, Min, 716.99998987001, NaN, Optimal, 0.7262589931488037
./solvers/bonmin-nlw/JuniperLibSm/sssd15-08persp.stdout:DATA, sssd15-08persp.jl, 177, 144, 0, 80, Min, 0, NaN, Infeasible, 0.5116829872131348
./solvers/bonmin-nlw/JuniperLibSm/nuclearve.stdout:DATA, nuclearve.jl, 352, 168, 0, 318, Min, -1.0331482720015766, NaN, Optimal, 17.194091081619263
./solvers/bonmin-nlw/JuniperLibSm/sssd15-08.stdout:DATA, sssd15-08.jl, 177, 144, 0, 80, Min, 562708.3492637463, NaN, UserLimit, 3983.7714099884033
./solvers/bonmin-nlw/JuniperLibSm/ndcc15persp.stdout:DATA, ndcc15persp.jl, 721, 40, 0, 347, Min, 94.611207098, NaN, Optimal, 44.894946813583374
./solvers/bonmin-nlw/JuniperLibSm/o7_ar25_1.stdout:DATA, o7_ar25_1.jl, 113, 0, 42, 270, Min, NaN, NaN, UserLimit, 3834.79519200325
./solvers/bonmin-nlw/JuniperLibSm/routingdelay_bigm.stdout:DATA, routingdelay_bigm.jl, 1124, 396, 0, 2978, Min, 146.62556803972052, NaN, Optimal, 229.03629803657532
./solvers/bonmin-nlw/JuniperLibSm/graphpart_2g-1010-0824.stdout:DATA, graphpart_2g-1010-0824.jl, 301, 300, 0, 101, Min, -6.7371172731182e6, NaN, Optimal, 0.9989228248596191
./solvers/bonmin-nlw/JuniperLibSm/nuclear49.stdout:DATA, nuclear49.jl, 5736, 2401, 0, 3874, Min, NaN, NaN, UserLimit, 3720.8036580085754
./solvers/bonmin-nlw/JuniperLibSm/graphpart_clique-30.stdout:DATA, graphpart_clique-30.jl, 91, 90, 0, 31, Min, 494.99995766151477, NaN, Optimal, 0.41844916343688965
./solvers/bonmin-nlw/JuniperLibSm/waternd2.stdout:DATA, waternd2.jl, 233, 72, 0, 250, Min, 1.0635462219123857e6, NaN, Optimal, 85.83670997619629
./solvers/bonmin-nlw/JuniperLibSm/crudeoil_li05.stdout:DATA, crudeoil_li05.jl, 941, 132, 0, 1917, Max, 3110.9344429503203, NaN, UserLimit, 3632.8332130908966
./solvers/bonmin-nlw/JuniperLibSm/no7_ar4_1.stdout:DATA, no7_ar4_1.jl, 113, 0, 42, 270, Min, 98.95005270063719, NaN, UserLimit, 3846.0423760414124
./solvers/bonmin-nlw/JuniperLibSm/crudeoil_pooling_ct3.stdout:DATA, crudeoil_pooling_ct3.jl, 730, 128, 0, 1199, Min, NaN, NaN, UserLimit, 3643.1181621551514
./solvers/bonmin-nlw/JuniperLibSm/edgecross14-176.stdout:DATA, edgecross14-176.jl, 183, 182, 0, 1457, Min, 5874.99993128001, NaN, Optimal, 1.4567039012908936
./solvers/bonmin-nlw/JuniperLibSm/sssd15-06persp.stdout:DATA, sssd15-06persp.jl, 133, 108, 0, 64, Min, 0, NaN, Infeasible, 0.443209171295166
./solvers/bonmin-nlw/JuniperLibSm/ghg_2veh.stdout:DATA, ghg_2veh.jl, 58, 18, 0, 63, Min, 7.770904492447971, NaN, Optimal, 0.7107808589935303
./solvers/bonmin-nlw/JuniperLibSm/crudeoil_li02.stdout:DATA, crudeoil_li02.jl, 1298, 240, 0, 5005, Max, 1.014752654086862e8, NaN, UserLimit, 3619.87584900856
./solvers/bonmin-nlw/JuniperLibSm/graphpart_3pm-0344-0344.stdout:DATA, graphpart_3pm-0344-0344.jl, 145, 144, 0, 49, Min, -46.00000135035697, NaN, Optimal, 0.46495509147644043
./solvers/bonmin-nlw/JuniperLibSm/bchoco08.stdout:DATA, bchoco08.jl, 169, 9, 0, 191, Max, 0, NaN, Infeasible, 12.849428176879883
./solvers/bonmin-nlw/JuniperLibSm/graphpart_3pm-0444-0444.stdout:DATA, graphpart_3pm-0444-0444.jl, 193, 192, 0, 65, Min, -63.00000189774787, NaN, Optimal, 0.5561070442199707
./solvers/bonmin-nlw/JuniperLibSm/sfacloc1_4_80.stdout:DATA, sfacloc1_4_80.jl, 356, 62, 0, 2235, Min, 7.97076238388812, NaN, Optimal, 70.45586514472961
./solvers/bonmin-nlw/JuniperLibSm/squfl020-150.stdout:DATA, squfl020-150.jl, 3021, 20, 0, 3151, Min, 557.848579531937, NaN, Optimal, 356.784264087677
./solvers/bonmin-nlw/JuniperLibSm/squfl020-040.stdout:DATA, squfl020-040.jl, 821, 20, 0, 841, Min, 209.2548465373225, NaN, Optimal, 5.858210802078247
./solvers/bonmin-nlw/JuniperLibSm/multiplants_mtg1c.stdout:DATA, multiplants_mtg1c.jl, 245, 120, 0, 319, Max, 0, NaN, Infeasible, 27.385967016220093
./solvers/bonmin-nlw/JuniperLibSm/o7_ar3_1.stdout:DATA, o7_ar3_1.jl, 113, 0, 42, 270, Min, 143.91126573875894, NaN, UserLimit, 3836.036890029907
./solvers/bonmin-nlw/JuniperLibSm/feedtray.stdout:DATA, feedtray.jl, 98, 7, 0, 92, Min, -13.406005563507659, NaN, Optimal, 0.4955708980560303
./solvers/bonmin-nlw/JuniperLibSm/crudeoil_pooling_dt4.stdout:DATA, crudeoil_pooling_dt4.jl, 5063, 1326, 0, 7699, Max, 13257.500004422125, NaN, UserLimit, 3745.861944913864
./solvers/bonmin-nlw/JuniperLibSm/csched2.stdout:DATA, csched2.jl, 401, 308, 0, 138, Min, -166101.9994907788, NaN, Optimal, 17.238184928894043
./solvers/bonmin-nlw/JuniperLibSm/nuclear14a.stdout:DATA, nuclear14a.jl, 993, 600, 0, 634, Min, -1.129303072641222, NaN, Optimal, 3295.8519439697266
./solvers/bonmin-nlw/JuniperLibSm/edgecross14-058.stdout:DATA, edgecross14-058.jl, 183, 182, 0, 1457, Min, 352.99999308001, NaN, Optimal, 2.850696086883545
./solvers/bonmin-nlw/JuniperLibSm/synheat.stdout:DATA, synheat.jl, 57, 12, 0, 65, Min, 154997.32922653932, NaN, Optimal, 1.0441410541534424
./solvers/bonmin-nlw/JuniperLibSm/nuclear25.stdout:DATA, nuclear25.jl, 1679, 625, 0, 1304, Min, NaN, NaN, UserLimit, 3620.901962995529
./solvers/bonmin-nlw/JuniperLibSm/crudeoil_lee3_10.stdout:DATA, crudeoil_lee3_10.jl, 2561, 140, 0, 5822, Max, NaN, NaN, UserLimit, 4158.520682096481
./solvers/bonmin-nlw/JuniperLibSm/heatexch_spec2.stdout:DATA, heatexch_spec2.jl, 77, 16, 0, 91, Min, 634976.3199461965, NaN, Optimal, 14.05002212524414
./solvers/bonmin-nlw/JuniperLibSm/transswitch0118p.stdout:DATA, transswitch0118p.jl, 1240, 179, 0, 2480, Min, 129465.72699894769, NaN, Optimal, 76.68894791603088
./solvers/bonmin-nlw/JuniperLibSm/watercontamination0303r.stdout:DATA, watercontamination0303r.jl, 385, 14, 0, 557, Min, 424.5441038778549, NaN, Optimal, 48.68008589744568
./solvers/bonmin-nlw/JuniperLibSm/nuclear10b.stdout:DATA, nuclear10b.jl, 23827, 10920, 0, 24972, Min, NaN, NaN, UserLimit, 3616.897444009781
./solvers/bonmin-nlw/JuniperLibSm/gasnet_al1.stdout:DATA, gasnet_al1.jl, 725, 136, 0, 831, Min, NaN, NaN, Error, 2.3672430515289307
./solvers/bonmin-nlw/JuniperLibSm/space960.stdout:DATA, space960.jl, 5538, 0, 960, 6498, Min, NaN, NaN, UserLimit, 3654.7108709812164
./solvers/bonmin-nlw/JuniperLibSm/crudeoil_pooling_ct1.stdout:DATA, crudeoil_pooling_ct1.jl, 311, 80, 0, 566, Min, 210537.4935707529, NaN, UserLimit, 3723.1662249565125
./solvers/bonmin-nlw/JuniperLibSm/ibs2.stdout:DATA, ibs2.jl, 3011, 1500, 0, 1822, Min, NaN, NaN, UserLimit, 3608.774491071701
./solvers/bonmin-nlw/JuniperLibSm/nuclear25b.stdout:DATA, nuclear25b.jl, 1684, 650, 0, 1910, Min, -1.1122439138881972, NaN, UserLimit, 3636.99657702446
./solvers/bonmin-nlw/JuniperLibSm/genpooling_meyer15.stdout:DATA, genpooling_meyer15.jl, 735, 352, 0, 769, Min, 0, NaN, Infeasible, 299.0480740070343
./solvers/bonmin-nlw/JuniperLibSm/gastrans582_warm15.stdout:DATA, gastrans582_warm15.jl, 2187, 0, 250, 3733, Min, 0, NaN, Infeasible, 84.47086811065674
./solvers/bonmin-nlw/JuniperLibSm/sfacloc1_2_90.stdout:DATA, sfacloc1_2_90.jl, 200, 30, 0, 349, Min, 17.891542338450602, NaN, Optimal, 1.4820501804351807
./solvers/bonmin-nlw/JuniperLibSm/heatexch_spec3.stdout:DATA, heatexch_spec3.jl, 261, 60, 0, 251, Min, 0, NaN, Infeasible, 0.7582798004150391
./solvers/bonmin-nlw/JuniperLibSm/squfl020-050.stdout:DATA, squfl020-050.jl, 1021, 20, 0, 1051, Min, 230.20211498705393, NaN, Optimal, 20.794212102890015
./solvers/bonmin-nlw/JuniperLibSm/sssd15-04persp.stdout:DATA, sssd15-04persp.jl, 89, 72, 0, 48, Min, 0, NaN, Infeasible, 0.4173619747161865
./solvers/bonmin-nlw/JuniperLibSm/eg_disc_s.stdout:DATA, eg_disc_s.jl, 8, 0, 4, 28, Min, 5.76053950352895, NaN, Optimal, 4.685375928878784
./solvers/bonmin-nlw/JuniperLibSm/edgecross20-040.stdout:DATA, edgecross20-040.jl, 381, 380, 0, 4561, Min, 57.99999623001, NaN, Optimal, 34.36370015144348
./solvers/bonmin-nlw/JuniperLibSm/sssd20-04persp.stdout:DATA, sssd20-04persp.jl, 109, 92, 0, 53, Min, 0, NaN, Infeasible, 0.46557188034057617
./solvers/bonmin-nlw/JuniperLibSm/sfacloc1_3_80.stdout:DATA, sfacloc1_3_80.jl, 294, 62, 0, 2162, Min, 8.523057731143773, NaN, Optimal, 23.014214038848877
./solvers/bonmin-nlw/JuniperLibSm/fo9_ar25_1.stdout:DATA, fo9_ar25_1.jl, 181, 0, 72, 436, Min, NaN, NaN, UserLimit, 3792.8983991146088
./solvers/bonmin-nlw/JuniperLibSm/fo8_ar4_1.stdout:DATA, fo8_ar4_1.jl, 145, 0, 56, 348, Min, 29.92054998196428, NaN, UserLimit, 3809.44815993309
./solvers/bonmin-nlw/JuniperLibSm/gams01.stdout:DATA, gams01.jl, 146, 110, 0, 1269, Min, 22763.335515146082, NaN, UserLimit, 3656.7845380306244
./solvers/bonmin-nlw/JuniperLibSm/crudeoil_li06.stdout:DATA, crudeoil_li06.jl, 965, 132, 0, 2437, Max, 3345.0000006584614, NaN, UserLimit, 3621.4786031246185
./solvers/bonmin-nlw/JuniperLibSm/gasprod_sarawak16.stdout:DATA, gasprod_sarawak16.jl, 1527, 38, 0, 2253, Min, -32271.218154541555, NaN, Optimal, 233.48882007598877
./solvers/bonmin-nlw/JuniperLibSm/routingdelay_proj.stdout:DATA, routingdelay_proj.jl, 1124, 396, 0, 2978, Min, 146.6302488459523, NaN, Optimal, 287.7206380367279
./solvers/bonmin-nlw/JuniperLibSm/waterno2_12.stdout:DATA, waterno2_12.jl, 1993, 108, 0, 2471, Min, 2360.568541413666, NaN, UserLimit, 3644.421783924103
./solvers/bonmin-nlw/JuniperLibSm/sssd20-08.stdout:DATA, sssd20-08.jl, 217, 184, 0, 85, Min, 469808.3398092401, NaN, UserLimit, 3945.651285171509
./solvers/bonmin-nlw/JuniperLibSm/graphpart_2g-0099-9211.stdout:DATA, graphpart_2g-0099-9211.jl, 244, 243, 0, 82, Min, -4.897683198520927e6, NaN, Optimal, 0.41721510887145996
./solvers/bonmin-nlw/JuniperLibSm/crudeoil_pooling_dt1.stdout:DATA, crudeoil_pooling_dt1.jl, 3713, 916, 0, 5779, Min, NaN, NaN, UserLimit, 3623.639648914337
./solvers/bonmin-nlw/JuniperLibSm/sssd15-06.stdout:DATA, sssd15-06.jl, 133, 108, 0, 64, Min, 539635.4266000212, NaN, Optimal, 2197.833107948303
./solvers/bonmin-nlw/JuniperLibSm/o7_ar2_1.stdout:DATA, o7_ar2_1.jl, 113, 0, 42, 270, Min, 145.48175190867593, NaN, UserLimit, 3833.828896045685
./solvers/bonmin-nlw/JuniperLibSm/sssd22-08.stdout:DATA, sssd22-08.jl, 233, 200, 0, 87, Min, 508818.21767664043, NaN, UserLimit, 3942.9783759117126
./solvers/bonmin-nlw/JuniperLibSm/squfl040-080.stdout:DATA, squfl040-080.jl, 3241, 40, 0, 3281, Min, 263.89907148071626, NaN, Optimal, 1376.5967710018158
./solvers/bonmin-nlw/JuniperLibSm/waste.stdout:DATA, waste.jl, 2485, 400, 0, 1992, Min, NaN, NaN, UserLimit, 3715.823884010315
./solvers/bonmin-nlw/JuniperLibSm/transswitch0030r.stdout:DATA, transswitch0030r.jl, 278, 41, 0, 392, Min, 0, NaN, Infeasible, 13.909893035888672
./solvers/bonmin-nlw/JuniperLibSm/supplychainp1_022020.stdout:DATA, supplychainp1_022020.jl, 2941, 460, 0, 5301, Min, 2.144952647979592e6, NaN, UserLimit, 3616.2765579223633
./solvers/bonmin-nlw/JuniperLibSm/portfol_classical200_2.stdout:DATA, portfol_classical200_2.jl, 601, 200, 0, 404, Min, -0.10658675850314545, NaN, UserLimit, 3613.447077035904
./solvers/bonmin-nlw/JuniperLibSm/ndcc15.stdout:DATA, ndcc15.jl, 681, 40, 0, 307, Min, 94.61120709800004, NaN, Optimal, 46.65066385269165
./solvers/bonmin-nlw/JuniperLibSm/crudeoil_lee3_08.stdout:DATA, crudeoil_lee3_08.jl, 2049, 112, 0, 4557, Max, 0, NaN, Infeasible, 1945.50976896286
./solvers/bonmin-nlw/JuniperLibSm/nuclearvb.stdout:DATA, nuclearvb.jl, 352, 168, 0, 318, Min, -1.0257185423268742, NaN, Optimal, 4.608724117279053
./solvers/bonmin-nlw/JuniperLibSm/SLay08H.stdout:DATA, SLay08H.jl, 633, 112, 0, 813, Min, 84960.21215969851, NaN, Optimal, 238.55232214927673
./solvers/bonmin-nlw/JuniperLibSm/SLay10H.stdout:DATA, SLay10H.jl, 1011, 180, 0, 1306, Min, 129579.88309026457, NaN, Optimal, 359.28643798828125
./solvers/bonmin-nlw/JuniperLibSm/portfol_robust200_03.stdout:DATA, portfol_robust200_03.jl, 804, 201, 0, 607, Min, -0.12741647048502136, NaN, UserLimit, 3607.706722021103
./solvers/bonmin-nlw/JuniperLibSm/space25a.stdout:DATA, space25a.jl, 384, 240, 0, 202, Min, 484.3285717654049, NaN, Optimal, 20.208822011947632
./solvers/bonmin-nlw/JuniperLibSm/kport40.stdout:DATA, kport40.jl, 268, 3, 111, 49, Min, NaN, NaN, Error, 0.19859695434570312
./solvers/bonmin-nlw/JuniperLibSm/sssd25-08.stdout:DATA, sssd25-08.jl, 257, 224, 0, 90, Min, 472162.934214916, NaN, UserLimit, 3936.9358599185944
./solvers/bonmin-nlw/JuniperLibSm/wastepaper5.stdout:DATA, wastepaper5.jl, 105, 65, 0, 47, Min, NaN, NaN, Error, 0.1887810230255127
./solvers/bonmin-nlw/JuniperLibSm/deb6.stdout:DATA, deb6.jl, 476, 20, 0, 508, Min, 201.73925680496447, NaN, Optimal, 50.611587047576904
./solvers/bonmin-nlw/JuniperLibSm/crudeoil_li21.stdout:DATA, crudeoil_li21.jl, 1349, 216, 0, 4682, Max, 0, NaN, Infeasible, 351.2219741344452
./solvers/bonmin-nlw/JuniperLibSm/sfacloc1_4_90.stdout:DATA, sfacloc1_4_90.jl, 324, 30, 0, 495, Min, 10.572572378992765, NaN, Optimal, 8.372874021530151
./solvers/bonmin-nlw/JuniperLibSm/crudeoil_pooling_dt3.stdout:DATA, crudeoil_pooling_dt3.jl, 9434, 1638, 0, 13835, Min, 2.613440351187381e6, NaN, UserLimit, 5801.198163032532
./solvers/bonmin-nlw/JuniperLibSm/waterno2_06.stdout:DATA, waterno2_06.jl, 997, 54, 0, 1235, Min, 301.8509008451192, NaN, UserLimit, 3682.584909915924
./solvers/bonmin-nlw/JuniperLibSm/faclay20h.stdout:DATA, faclay20h.jl, 191, 190, 0, 2281, Min, 16393.99977091001, NaN, Optimal, 2.172250986099243
./solvers/bonmin-nlw/JuniperLibSm/pooling_epa2.stdout:DATA, pooling_epa2.jl, 332, 45, 0, 525, Min, NaN, NaN, Error, 0.19261622428894043
./solvers/bonmin-nlw/JuniperLibSm/beuster.stdout:DATA, beuster.jl, 158, 52, 0, 115, Min, NaN, NaN, Error, 0.3649098873138428
./solvers/bonmin-nlw/JuniperLibSm/o7_ar5_1.stdout:DATA, o7_ar5_1.jl, 113, 0, 42, 270, Min, 127.73482492117317, NaN, UserLimit, 3855.78870511055
./solvers/bonmin-nlw/JuniperLibSm/waterz.stdout:DATA, waterz.jl, 196, 126, 0, 138, Min, 930.9873456478546, NaN, UserLimit, 3850.4545199871063
./solvers/bonmin-nlw/JuniperLibSm/no7_ar3_1.stdout:DATA, no7_ar3_1.jl, 113, 0, 42, 270, Min, 117.40896564477023, NaN, UserLimit, 3832.240459918976
./solvers/bonmin-nlw/JuniperLibSm/CLay0205H.stdout:DATA, CLay0205H.jl, 261, 50, 0, 366, Min, 8092.499850400615, NaN, Optimal, 1090.950306892395
./solvers/bonmin-nlw/JuniperLibSm/edgecross14-078.stdout:DATA, edgecross14-078.jl, 183, 155, 0, 1457, Min, 740.9999830417738, NaN, Optimal, 2.3353259563446045
./solvers/bonmin-nlw/JuniperLibSm/squfl015-080persp.stdout:DATA, squfl015-080persp.jl, 2416, 15, 0, 2481, Min, 402.48819118563864, NaN, Optimal, 22.07187795639038
./solvers/bonmin-nlw/JuniperLibSm/nuclear14b.stdout:DATA, nuclear14b.jl, 1569, 600, 0, 1786, Min, -1.124644193926145, NaN, UserLimit, 3642.809333086014
./solvers/bonmin-nlw/JuniperLibSm/ghg_3veh.stdout:DATA, ghg_3veh.jl, 97, 36, 0, 120, Min, 7.770545451501323, NaN, Optimal, 2.088036060333252
./solvers/bonmin-nlw/JuniperLibSm/tls6.stdout:DATA, tls6.jl, 216, 173, 6, 121, Min, NaN, NaN, Error, 0.19190096855163574
./solvers/bonmin-nlw/JuniperLibSm/water4.stdout:DATA, water4.jl, 196, 126, 0, 138, Min, 910.646821307997, NaN, Optimal, 841.6371350288391
./solvers/bonmin-nlw/JuniperLibSm/bchoco06.stdout:DATA, bchoco06.jl, 119, 7, 0, 135, Max, 0, NaN, Infeasible, 8.336635112762451
./solvers/bonmin-nlw/JuniperLibSm/RSyn0820M04M.stdout:DATA, RSyn0820M04M.jl, 1021, 416, 0, 2677, Max, 2326.949776627671, NaN, UserLimit, 3653.064451932907
./solvers/bonmin-nlw/JuniperLibSm/sssd16-07persp.stdout:DATA, sssd16-07persp.jl, 162, 133, 0, 73, Min, 0, NaN, Infeasible, 0.49169087409973145
./solvers/bonmin-nlw/JuniperLibSm/ndcc13.stdout:DATA, ndcc13.jl, 631, 42, 0, 255, Min, 84.625012735, NaN, Optimal, 1720.0641911029816
./solvers/bonmin-nlw/JuniperLibSm/graphpart_clique-70.stdout:DATA, graphpart_clique-70.jl, 211, 210, 0, 71, Min, 0, NaN, Infeasible, 0.3392000198364258
./solvers/bonmin-nlw/JuniperLibSm/crudeoil_li01.stdout:DATA, crudeoil_li01.jl, 345, 48, 0, 696, Max, 5117.564509828349, NaN, UserLimit, 3689.7706520557404
./solvers/bonmin-nlw/JuniperLibSm/eg_all_s.stdout:DATA, eg_all_s.jl, 8, 0, 7, 28, Min, 7.920182128308101, NaN, Optimal, 10.422827005386353
./solvers/bonmin-nlw/JuniperLibSm/sfacloc1_3_90.stdout:DATA, sfacloc1_3_90.jl, 262, 30, 0, 422, Min, 11.621976269116967, NaN, Optimal, 0.6809940338134766
./solvers/bonmin-nlw/JuniperLibSm/squfl030-150.stdout:DATA, squfl030-150.jl, 4531, 30, 0, 4651, Min, 430.57644363114736, NaN, Optimal, 3142.5855169296265
./solvers/bonmin-nlw/JuniperLibSm/squfl015-060.stdout:DATA, squfl015-060.jl, 916, 15, 0, 961, Min, 366.62177142212715, NaN, Optimal, 12.818899869918823
./solvers/bonmin-nlw/JuniperLibSm/squfl040-080persp.stdout:DATA, squfl040-080persp.jl, 6441, 40, 0, 6481, Min, 263.8982510221334, NaN, Optimal, 1704.493577003479
./solvers/bonmin-nlw/JuniperLibSm/csched2a.stdout:DATA, csched2a.jl, 233, 140, 0, 138, Min, 0, NaN, Infeasible, 12.835251808166504
./solvers/bonmin-nlw/JuniperLibSm/saa_2.stdout:DATA, saa_2.jl, 4408, 400, 0, 6206, Min, 12.253150656535775, NaN, UserLimit, 3607.5166161060333
./solvers/bonmin-nlw/JuniperLibSm/qapw.stdout:DATA, qapw.jl, 451, 225, 0, 256, Min, 391209.98880408995, NaN, Optimal, 837.9087889194489
./solvers/bonmin-nlw/JuniperLibSm/squfl025-030.stdout:DATA, squfl025-030.jl, 776, 25, 0, 781, Min, 205.50159365275078, NaN, Optimal, 13.00745701789856
./solvers/bonmin-nlw/JuniperLibSm/oil.stdout:DATA, oil.jl, 1536, 19, 0, 1547, Min, -0.7569837058417291, NaN, UserLimit, 3678.866842031479
./solvers/bonmin-nlw/JuniperLibSm/carton7.stdout:DATA, carton7.jl, 329, 200, 56, 688, Min, 0, NaN, Infeasible, 8.828121185302734
./solvers/bonmin-nlw/JuniperLibSm/crudeoil_lee3_07.stdout:DATA, crudeoil_lee3_07.jl, 1793, 98, 0, 3950, Max, 0, NaN, Infeasible, 1828.299567937851
./solvers/bonmin-nlw/JuniperLibSm/ndcc16persp.stdout:DATA, ndcc16persp.jl, 1141, 60, 0, 438, Min, 113.34992612399999, NaN, UserLimit, 3640.315255880356
./solvers/bonmin-nlw/JuniperLibSm/tln6.stdout:DATA, tln6.jl, 49, 6, 42, 37, Min, 15.6, NaN, UserLimit, 4044.9609019756317
./solvers/bonmin-nlw/JuniperLibSm/sfacloc1_3_95.stdout:DATA, sfacloc1_3_95.jl, 234, 9, 0, 282, Min, 12.302493831284268, NaN, Optimal, 2.4102070331573486
./solvers/bonmin-nlw/JuniperLibSm/fo8_ar5_1.stdout:DATA, fo8_ar5_1.jl, 145, 0, 56, 348, Min, NaN, NaN, UserLimit, 3810.8704450130463
./solvers/bonmin-nlw/JuniperLibSm/forest.stdout:DATA, forest.jl, 237, 73, 0, 310, Max, 0, NaN, Infeasible, 7.786191940307617
./solvers/bonmin-nlw/JuniperLibSm/squfl015-080.stdout:DATA, squfl015-080.jl, 1216, 15, 0, 1281, Min, 402.48848511202743, NaN, Optimal, 25.587417125701904
./solvers/bonmin-nlw/JuniperLibSm/casctanks.stdout:DATA, casctanks.jl, 501, 40, 0, 518, Min, NaN, NaN, Error, 0.2002730369567871
./solvers/bonmin-nlw/JuniperLibSm/waterx.stdout:DATA, waterx.jl, 71, 14, 0, 55, Min, 909.0278290107129, NaN, Optimal, 3.9792609214782715
./solvers/bonmin-nlw/JuniperLibSm/blend718.stdout:DATA, blend718.jl, 223, 87, 0, 607, Max, 7.393601634304177, NaN, Optimal, 158.25003600120544
./solvers/bonmin-nlw/JuniperLibSm/blend531.stdout:DATA, blend531.jl, 273, 104, 0, 737, Max, 20.03900193919446, NaN, Optimal, 373.32687997817993
./solvers/bonmin-nlw/JuniperLibSm/RSyn0840M04M.stdout:DATA, RSyn0840M04M.jl, 1441, 576, 0, 3729, Max, 2185.740543900443, NaN, UserLimit, 3644.948471069336
./solvers/bonmin-nlw/JuniperLibSm/nuclearvd.stdout:DATA, nuclearvd.jl, 352, 168, 0, 318, Min, -1.036929436161222, NaN, Optimal, 58.44945406913757
./solvers/bonmin-nlw/JuniperLibSm/sssd18-06.stdout:DATA, sssd18-06.jl, 151, 126, 0, 67, Min, 397992.2624402836, NaN, Optimal, 1196.050934791565
./solvers/bonmin-nlw/JuniperLibSm/contvar.stdout:DATA, contvar.jl, 297, 88, 0, 285, Min, 809149.8026871379, NaN, Optimal, 18.37481188774109
./solvers/bonmin-nlw/JuniperLibSm/RSyn0815M04M.stdout:DATA, RSyn0815M04M.jl, 941, 376, 0, 2431, Max, 3277.180903968954, NaN, UserLimit, 3656.1141409873962
./solvers/bonmin-nlw/JuniperLibSm/watertreatnd_flow.stdout:DATA, watertreatnd_flow.jl, 421, 5, 0, 380, Min, NaN, NaN, Error, 0.20173192024230957
./solvers/bonmin-nlw/JuniperLibSm/bchoco07.stdout:DATA, bchoco07.jl, 135, 8, 0, 154, Max, 0, NaN, Infeasible, 10.122194051742554
./solvers/bonmin-nlw/JuniperLibSm/unitcommit2.stdout:DATA, unitcommit2.jl, 961, 720, 0, 5330, Min, 580474.7444519995, NaN, UserLimit, 3630.8134329319
./solvers/bonmin-nlw/JuniperLibSm/sfacloc1_4_95.stdout:DATA, sfacloc1_4_95.jl, 296, 9, 0, 355, Min, 11.184109549592506, NaN, Optimal, 6.678373098373413
./solvers/bonmin-nlw/JuniperLibSm/sssd16-07.stdout:DATA, sssd16-07.jl, 162, 133, 0, 73, Min, 417343.6013931597, NaN, UserLimit, 3993.658592939377
./solvers/bonmin-nlw/JuniperLibSm/wastepaper6.stdout:DATA, wastepaper6.jl, 137, 90, 0, 55, Min, NaN, NaN, Error, 0.19376492500305176
./solvers/bonmin-nlw/JuniperLibSm/qap.stdout:DATA, qap.jl, 226, 225, 0, 31, Min, 391209.9880567307, NaN, Optimal, 427.04264998435974
./solvers/bonmin-nlw/JuniperLibSm/edgecross22-048.stdout:DATA, edgecross22-048.jl, 463, 462, 0, 6161, Min, 83.99999451001003, NaN, Optimal, 120.7066559791565
./solvers/bonmin-nlw/JuniperLibSm/graphpart_clique-40.stdout:DATA, graphpart_clique-40.jl, 121, 120, 0, 41, Min, 0, NaN, Infeasible, 0.23420095443725586
./solvers/bonmin-nlw/JuniperLibSm/graphpart_clique-60.stdout:DATA, graphpart_clique-60.jl, 181, 180, 0, 61, Min, 0, NaN, Infeasible, 0.3006010055541992
./solvers/bonmin-nlw/JuniperLibSm/no7_ar5_1.stdout:DATA, no7_ar5_1.jl, 113, 0, 42, 270, Min, 92.20135792155807, NaN, UserLimit, 3848.825394153595
./solvers/bonmin-nlw/JuniperLibSm/multiplants_stg1c.stdout:DATA, multiplants_stg1c.jl, 477, 252, 0, 270, Max, 691.5908288069462, NaN, UserLimit, 3717.6313190460205
./solvers/bonmin-nlw/JuniperLibSm/blend721.stdout:DATA, blend721.jl, 223, 87, 0, 628, Max, 13.526800502171191, NaN, Optimal, 210.92850518226624
./solvers/bonmin-nlw/JuniperLibSm/transswitch0009r.stdout:DATA, transswitch0009r.jl, 70, 9, 0, 104, Min, 0, NaN, Infeasible, 6.652021169662476
./solvers/bonmin-nlw/JuniperLibSm/transswitch0039p.stdout:DATA, transswitch0039p.jl, 329, 46, 0, 658, Min, 0, NaN, Infeasible, 21.614734172821045
./solvers/bonmin-nlw/JuniperLibSm/o9_ar4_1.stdout:DATA, o9_ar4_1.jl, 181, 0, 72, 436, Min, 298.6387754315525, NaN, UserLimit, 3784.910614967346
./solvers/bonmin-nlw/JuniperLibSm/genpooling_meyer10.stdout:DATA, genpooling_meyer10.jl, 395, 187, 0, 424, Min, 1.1479964068864863e6, NaN, Optimal, 1460.882266998291
./solvers/bonmin-nlw/JuniperLibSm/ndcc12persp.stdout:DATA, ndcc12persp.jl, 691, 46, 0, 284, Min, 0, NaN, Infeasible, 2.868828058242798
./solvers/bonmin-nlw/JuniperLibSm/gasnet_al3.stdout:DATA, gasnet_al3.jl, 725, 136, 0, 831, Min, NaN, NaN, Error, 0.1990060806274414
./solvers/bonmin-nlw/JuniperLibSm/edgecross14-098.stdout:DATA, edgecross14-098.jl, 183, 182, 0, 1457, Min, 1355.99997857001, NaN, Optimal, 2.039590835571289
./solvers/bonmin-nlw/JuniperLibSm/nous1.stdout:DATA, nous1.jl, 51, 2, 0, 44, Min, 0, NaN, Infeasible, 0.3242359161376953
./solvers/bonmin-nlw/JuniperLibSm/pooling_epa3.stdout:DATA, pooling_epa3.jl, 1105, 150, 0, 1718, Min, NaN, NaN, Error, 0.19884085655212402
./solvers/bonmin-nlw/JuniperLibSm/multiplants_mtg1b.stdout:DATA, multiplants_mtg1b.jl, 194, 93, 0, 257, Max, 450.5478313199395, NaN, Optimal, 1028.8292210102081
./solvers/bonmin-nlw/JuniperLibSm/var_con5.stdout:DATA, var_con5.jl, 574, 12, 0, 465, Min, 278.14474511845657, NaN, Optimal, 27.953484058380127
./solvers/bonmin-nlw/JuniperLibSm/fo9_ar2_1.stdout:DATA, fo9_ar2_1.jl, 181, 0, 72, 436, Min, NaN, NaN, UserLimit, 3789.9726049900055
./solvers/bonmin-nlw/JuniperLibSm/waterno2_04.stdout:DATA, waterno2_04.jl, 665, 36, 0, 823, Min, 145.43963034698777, NaN, Optimal, 2485.5011088848114
./solvers/bonmin-nlw/JuniperLibSm/nuclear49b.stdout:DATA, nuclear49b.jl, 5743, 2450, 0, 6234, Min, NaN, NaN, UserLimit, 3607.6641359329224
./solvers/bonmin-nlw/JuniperLibSm/o7.stdout:DATA, o7.jl, 115, 42, 0, 212, Min, 136.3565867450693, NaN, UserLimit, 3893.08185005188
./solvers/bonmin-nlw/JuniperLibSm/RSyn0830M04M.stdout:DATA, RSyn0830M04M.jl, 1241, 496, 0, 3193, Max, 2379.9365113203885, NaN, UserLimit, 3646.6835029125214
./solvers/bonmin-nlw/JuniperLibSm/gastrans135.stdout:DATA, gastrans135.jl, 1194, 0, 232, 2473, Min, 0.0, NaN, Optimal, 411.36596298217773
./solvers/bonmin-nlw/JuniperLibSm/tspn12.stdout:DATA, tspn12.jl, 91, 66, 0, 27, Min, NaN, NaN, Error, 0.1964719295501709
./solvers/bonmin-nlw/JuniperLibSm/squfl030-100persp.stdout:DATA, squfl030-100persp.jl, 6031, 30, 0, 6101, Min, 363.0930073342717, NaN, Optimal, 918.8663020133972
./solvers/bonmin-nlw/JuniperLibSm/tln12.stdout:DATA, tln12.jl, 169, 12, 156, 73, Min, NaN, NaN, UserLimit, 3872.5128631591797
./solvers/bonmin-nlw/JuniperLibSm/o8_ar4_1.stdout:DATA, o8_ar4_1.jl, 145, 0, 56, 348, Min, 286.947057923419, NaN, UserLimit, 3821.752503156662
./solvers/bonmin-nlw/JuniperLibSm/ndcc12.stdout:DATA, ndcc12.jl, 645, 46, 0, 238, Min, 106.354154796, NaN, Optimal, 7.5854010581970215
./solvers/bonmin-nlw/JuniperLibSm/squfl030-100.stdout:DATA, squfl030-100.jl, 3031, 30, 0, 3101, Min, 363.0937572753082, NaN, Optimal, 1589.4902589321136
./solvers/bonmin-nlw/JuniperLibSm/sssd12-05persp.stdout:DATA, sssd12-05persp.jl, 96, 75, 0, 53, Min, 0, NaN, Infeasible, 0.40679287910461426
./solvers/bonmin-nlw/JuniperLibSm/crudeoil_lee4_07.stdout:DATA, crudeoil_lee4_07.jl, 2738, 133, 0, 5966, Max, NaN, NaN, UserLimit, 5028.302323102951
./solvers/bonmin-nlw/JuniperLibSm/nuclear25a.stdout:DATA, nuclear25a.jl, 1059, 650, 0, 660, Min, -1.1204381424608054, NaN, Optimal, 2603.3372979164124
./solvers/bonmin-nlw/JuniperLibSm/FLay05H.stdout:DATA, FLay05H.jl, 383, 40, 0, 466, Min, 64.49806149811974, NaN, Optimal, 1738.8515911102295
./solvers/bonmin-nlw/JuniperLibSm/ndcc14persp.stdout:DATA, ndcc14persp.jl, 919, 54, 0, 360, Min, 112.14745640399998, NaN, UserLimit, 3660.1959528923035
./solvers/bonmin-nlw/JuniperLibSm/graphpart_2pm-0099-0999.stdout:DATA, graphpart_2pm-0099-0999.jl, 244, 243, 0, 82, Min, -63.00000189727024, NaN, Optimal, 0.6729111671447754
./solvers/bonmin-nlw/JuniperLibSm/chp_shorttermplan2b.stdout:DATA, chp_shorttermplan2b.jl, 1393, 192, 0, 2553, Min, 0, NaN, Infeasible, 153.63969206809998
./solvers/bonmin-nlw/JuniperLibSm/bchoco05.stdout:DATA, bchoco05.jl, 91, 6, 0, 104, Max, 0, NaN, Infeasible, 6.841089963912964
./solvers/bonmin-nlw/JuniperLibSm/gasprod_sarawak81.stdout:DATA, gasprod_sarawak81.jl, 7572, 38, 0, 11093, Min, 0, NaN, Infeasible, 249.61661982536316
./solvers/bonmin-nlw/JuniperLibSm/squfl010-080persp.stdout:DATA, squfl010-080persp.jl, 1611, 10, 0, 1681, Min, 509.70577343703997, NaN, Optimal, 5.828082799911499
./solvers/bonmin-nlw/JuniperLibSm/nuclearva.stdout:DATA, nuclearva.jl, 352, 168, 0, 318, Min, -1.007665712664146, NaN, Optimal, 40.21703314781189
./solvers/bonmin-nlw/JuniperLibSm/blend146.stdout:DATA, blend146.jl, 223, 87, 0, 625, Max, 45.296567525481976, NaN, Optimal, 3410.13046503067
./solvers/bonmin-nlw/JuniperLibSm/sfacloc1_2_80.stdout:DATA, sfacloc1_2_80.jl, 232, 62, 0, 2089, Min, 12.75205316456178, NaN, Optimal, 17.39757490158081
./solvers/bonmin-nlw/JuniperLibSm/ndcc13persp.stdout:DATA, ndcc13persp.jl, 673, 42, 0, 297, Min, 86.46484282400004, NaN, Optimal, 712.3302738666534
./solvers/bonmin-nlw/JuniperLibSm/multiplants_mtg1a.stdout:DATA, multiplants_mtg1a.jl, 194, 93, 0, 257, Max, 391.61339555485625, NaN, Optimal, 900.4668629169464
./solvers/bonmin-nlw/JuniperLibSm/CLay0305H.stdout:DATA, CLay0305H.jl, 276, 55, 0, 396, Min, 8184.999851800677, NaN, Optimal, 1294.6663329601288
./solvers/bonmin-nlw/JuniperLibSm/fo9_ar5_1.stdout:DATA, fo9_ar5_1.jl, 181, 0, 72, 436, Min, NaN, NaN, UserLimit, 3787.3735959529877
./solvers/bonmin-nlw/JuniperLibSm/crudeoil_lee4_10.stdout:DATA, crudeoil_lee4_10.jl, 3911, 190, 0, 8702, Max, NaN, NaN, UserLimit, 6378.3967461586
./solvers/bonmin-nlw/JuniperLibSm/transswitch0014p.stdout:DATA, transswitch0014p.jl, 139, 20, 0, 278, Min, 8082.581681293508, NaN, Optimal, 13.136727809906006
./solvers/bonmin-nlw/JuniperLibSm/transswitch0118r.stdout:DATA, transswitch0118r.jl, 1240, 179, 0, 1764, Min, 0, NaN, Infeasible, 45.25458097457886
./solvers/bonmin-nlw/JuniperLibSm/eg_int_s.stdout:DATA, eg_int_s.jl, 8, 0, 3, 28, Min, 6.453102792798464, NaN, Optimal, 4.543150901794434
./solvers/bonmin-nlw/JuniperLibSm/nuclearvc.stdout:DATA, nuclearvc.jl, 352, 168, 0, 318, Min, -1.0012674621905373, NaN, Optimal, 18.48036003112793
./solvers/bonmin-nlw/JuniperLibSm/nuclearvf.stdout:DATA, nuclearvf.jl, 352, 168, 0, 318, Min, -1.013185941232919, NaN, Optimal, 4.844902992248535
./solvers/bonmin-nlw/JuniperLibSm/fo8.stdout:DATA, fo8.jl, 147, 56, 0, 274, Min, 31.245391247012257, NaN, UserLimit, 3848.267060995102
./solvers/bonmin-nlw/JuniperLibSm/ex1233.stdout:DATA, ex1233.jl, 53, 12, 0, 65, Min, 155010.6678303666, NaN, Optimal, 1.308962106704712
./solvers/bonmin-nlw/JuniperLibSm/sssd25-08persp.stdout:DATA, sssd25-08persp.jl, 257, 224, 0, 90, Min, 0, NaN, Infeasible, 6.186353921890259
./solvers/bonmin-nlw/JuniperLibSm/supplychainr1_022020.stdout:DATA, supplychainr1_022020.jl, 1441, 460, 0, 1841, Min, 0, NaN, Infeasible, 3.1184799671173096
./solvers/bonmin-nlw/JuniperLibSm/fo9_ar4_1.stdout:DATA, fo9_ar4_1.jl, 181, 0, 72, 436, Min, 42.38191078108623, NaN, UserLimit, 3784.104420900345
./solvers/bonmin-nlw/JuniperLibSm/procurement1large.stdout:DATA, procurement1large.jl, 7177, 400, 0, 6055, Max, 3796.232083970535, NaN, UserLimit, 3611.05268907547
./solvers/bonmin-nlw/JuniperLibSm/blend852.stdout:DATA, blend852.jl, 305, 120, 0, 861, Max, 53.43570114014618, NaN, UserLimit, 3686.85142493248
./solvers/bonmin-nlw/JuniperLibSm/crudeoil_lee3_09.stdout:DATA, crudeoil_lee3_09.jl, 2305, 126, 0, 5181, Max, 0, NaN, Infeasible, 2723.78045296669
./solvers/bonmin-nlw/JuniperLibSm/fo8_ar25_1.stdout:DATA, fo8_ar25_1.jl, 145, 0, 56, 348, Min, NaN, NaN, UserLimit, 3821.6535708904266
./solvers/bonmin-nlw/JuniperLibSm/transswitch0030p.stdout:DATA, transswitch0030p.jl, 278, 41, 0, 556, Min, 573.9181315115761, NaN, Optimal, 21.955249071121216
./solvers/bonmin-nlw/JuniperLibSm/crossdock_15x7.stdout:DATA, crossdock_15x7.jl, 211, 210, 0, 45, Min, 14414.999785882857, NaN, Optimal, 1711.4227769374847
./solvers/bonmin-nlw/JuniperLibSm/portfol_shortfall100_04.stdout:DATA, portfol_shortfall100_04.jl, 405, 101, 0, 308, Min, -1.1172221993771032, NaN, UserLimit, 3642.783150911331
./solvers/bonmin-nlw/JuniperLibSm/cecil_13.stdout:DATA, cecil_13.jl, 841, 180, 0, 899, Min, -115656.50020833405, NaN, UserLimit, 3723.0250329971313
./solvers/bonmin-nlw/JuniperLibSm/eg_disc2_s.stdout:DATA, eg_disc2_s.jl, 8, 0, 3, 28, Min, 5.933268630889947, NaN, Optimal, 4.561244964599609
./solvers/bonmin-nlw/JuniperLibSm/carton9.stdout:DATA, carton9.jl, 361, 216, 72, 894, Min, NaN, NaN, UserLimit, 3650.803972005844
./solvers/bonmin-nlw/JuniperLibSm/netmod_dol1.stdout:DATA, netmod_dol1.jl, 1999, 462, 0, 3138, Min, -0.5600082931595121, NaN, UserLimit, 3632.2823951244354
./solvers/bonmin-nlw/JuniperLibSm/blend480.stdout:DATA, blend480.jl, 313, 124, 0, 885, Max, 8.88126425351789, NaN, UserLimit, 3695.68558716774
./solvers/bonmin-nlw/JuniperLibSm/waterno2_18.stdout:DATA, waterno2_18.jl, 2989, 162, 0, 3707, Min, 5257.2674539011305, NaN, UserLimit, 6342.014302015305
./solvers/bonmin-nlw/JuniperLibSm/FLay05M.stdout:DATA, FLay05M.jl, 63, 40, 0, 66, Min, 64.49805807767677, NaN, Optimal, 560.9618220329285
