./configs/juniper-ipopt-glpk/JuniperLibSm/crudeoil_li11.stdout:DATA, crudeoil_li11.jl, 1178, 180, 0, 3506, Max, NaN, 4735.682311395957, UserLimit, 3601.194764852524
./configs/juniper-ipopt-glpk/JuniperLibSm/nuclear49a.stdout:DATA, nuclear49a.jl, 3342, 2450, 0, 1432, Min, -1.1514558450640309, -1.151453616387115, Optimal, 52.415539026260376
./configs/juniper-ipopt-glpk/JuniperLibSm/sfacloc2_4_80.stdout:DATA, sfacloc2_4_80.jl, 401, 122, 0, 2372, Min, NaN, 6.501314118161915, UserLimit, 3600.4306070804596
./configs/juniper-ipopt-glpk/JuniperLibSm/FLay06M.stdout:DATA, FLay06M.jl, 87, 60, 0, 94, Min, NaN, 61.32153344362941, UserLimit, 3600.0104098320007
./configs/juniper-ipopt-glpk/JuniperLibSm/sssd12-05.stdout:DATA, sssd12-05.jl, 96, 75, 0, 53, Min, 281408.60382534686, 281407.85759868706, Optimal, 77.21372103691101
./configs/juniper-ipopt-glpk/JuniperLibSm/sssd20-04.stdout:DATA, sssd20-04.jl, 109, 92, 0, 53, Min, 347691.3683866921, 347690.2455245812, Optimal, 31.46711301803589
./configs/juniper-ipopt-glpk/JuniperLibSm/edgecross14-039.stdout:DATA, edgecross14-039.jl, 183, 80, 0, 1457, Min, 113.99999239677537, 113.99999239677537, Optimal, 17.69947099685669
./configs/juniper-ipopt-glpk/JuniperLibSm/squfl025-040persp.stdout:DATA, squfl025-040persp.jl, 2026, 25, 0, 2041, Min, 198.90763047462556, 198.90763047462556, Optimal, 78.86201786994934
./configs/juniper-ipopt-glpk/JuniperLibSm/oil2.stdout:DATA, oil2.jl, 937, 2, 0, 927, Min, -0.7332600129747349, -0.7332600129747349, Optimal, 5.883285999298096
./configs/juniper-ipopt-glpk/JuniperLibSm/waterno2_09.stdout:DATA, waterno2_09.jl, 1495, 81, 0, 1853, Min, NaN, 332.7239481187195, UserLimit, 3600.2811739444733
./configs/juniper-ipopt-glpk/JuniperLibSm/fo7.stdout:DATA, fo7.jl, 115, 42, 0, 212, Min, NaN, 12.073526243099936, UserLimit, 3600.0188648700714
./configs/juniper-ipopt-glpk/JuniperLibSm/hvb11.stdout:DATA, hvb11.jl, 9818, 9537, 0, 10252, Min, NaN, 43737.2206386363, UserLimit, 3652.2538328170776
./configs/juniper-ipopt-glpk/JuniperLibSm/sssd22-08persp.stdout:DATA, sssd22-08persp.jl, 233, 200, 0, 87, Min, 0, NaN, Infeasible, 2.205609083175659
./configs/juniper-ipopt-glpk/JuniperLibSm/var_con10.stdout:DATA, var_con10.jl, 574, 12, 0, 465, Min, 444.21379142646384, 444.2004461843042, Optimal, 6.349719047546387
./configs/juniper-ipopt-glpk/JuniperLibSm/crudeoil_li03.stdout:DATA, crudeoil_li03.jl, 965, 132, 0, 2443, Max, NaN, NaN, UserLimit, 1696.2299780845642
./configs/juniper-ipopt-glpk/JuniperLibSm/FLay06H.stdout:DATA, FLay06H.jl, 567, 60, 0, 694, Min, NaN, 57.52065098580719, UserLimit, 3600.0229308605194
./configs/juniper-ipopt-glpk/JuniperLibSm/waterno2_03.stdout:DATA, waterno2_03.jl, 499, 27, 0, 617, Min, 115.00451163986709, 115.00451163986709, Optimal, 173.02712893486023
./configs/juniper-ipopt-glpk/JuniperLibSm/hydroenergy1.stdout:DATA, hydroenergy1.jl, 289, 96, 0, 429, Max, 209721.01028478364, 209721.01028478364, Optimal, 66.39115309715271
./configs/juniper-ipopt-glpk/JuniperLibSm/tln7.stdout:DATA, tln7.jl, 64, 7, 56, 43, Min, NaN, 13.946441172123702, UserLimit, 3600.0203800201416
./configs/juniper-ipopt-glpk/JuniperLibSm/crudeoil_lee2_09.stdout:DATA, crudeoil_lee2_09.jl, 2080, 126, 0, 4828, Max, 0, NaN, Infeasible, 3392.8446140289307
./configs/juniper-ipopt-glpk/JuniperLibSm/kport20.stdout:DATA, kport20.jl, 102, 2, 38, 28, Min, 32.12573597314357, 31.701836820713616, UserLimit, 3600.0336439609528
./configs/juniper-ipopt-glpk/JuniperLibSm/nuclear14.stdout:DATA, nuclear14.jl, 1563, 576, 0, 1227, Min, -1.1293664519298874, -1.1293664519298874, Optimal, 408.44419407844543
./configs/juniper-ipopt-glpk/JuniperLibSm/edgecross10-080.stdout:DATA, edgecross10-080.jl, 91, 74, 0, 481, Min, 1047.999998132449, 1047.999990466364, Optimal, 1.0125298500061035
./configs/juniper-ipopt-glpk/JuniperLibSm/sssd18-06persp.stdout:DATA, sssd18-06persp.jl, 151, 126, 0, 67, Min, 0, NaN, Infeasible, 1.8308141231536865
./configs/juniper-ipopt-glpk/JuniperLibSm/tspn08.stdout:DATA, tspn08.jl, 45, 28, 0, 19, Min, 290.5668497473755, 0.0, Optimal, 1.3733100891113281
./configs/juniper-ipopt-glpk/JuniperLibSm/squfl025-025.stdout:DATA, squfl025-025.jl, 651, 25, 0, 651, Min, 168.80717835690118, 168.80717835690118, Optimal, 27.63641095161438
./configs/juniper-ipopt-glpk/JuniperLibSm/sepasequ_complex.stdout:DATA, sepasequ_complex.jl, 498, 50, 0, 1311, Min, 328.2844647089921, 228.0674905145269, UserLimit, 3600.748049020767
./configs/juniper-ipopt-glpk/JuniperLibSm/sssd20-08persp.stdout:DATA, sssd20-08persp.jl, 217, 184, 0, 85, Min, 0, NaN, Infeasible, 2.0467429161071777
./configs/juniper-ipopt-glpk/JuniperLibSm/crudeoil_pooling_ct2.stdout:DATA, crudeoil_pooling_ct2.jl, 404, 108, 0, 733, Max, 10246.219998093628, 10246.219998097475, Optimal, 825.7524039745331
./configs/juniper-ipopt-glpk/JuniperLibSm/multiplants_stg1a.stdout:DATA, multiplants_stg1a.jl, 424, 216, 0, 250, Max, 374.9046820867376, 404.94828645568816, UserLimit, 3604.2304270267487
./configs/juniper-ipopt-glpk/JuniperLibSm/squfl030-150persp.stdout:DATA, squfl030-150persp.jl, 9031, 30, 0, 9151, Min, 430.57530008856264, 430.5352210689594, Optimal, 851.0506961345673
./configs/juniper-ipopt-glpk/JuniperLibSm/sssd18-08.stdout:DATA, sssd18-08.jl, 201, 168, 0, 83, Min, NaN, 832053.4504280026, UserLimit, 3600.036076068878
./configs/juniper-ipopt-glpk/JuniperLibSm/transswitch0014r.stdout:DATA, transswitch0014r.jl, 139, 20, 0, 198, Min, 8082.581685525506, 8082.3010489942035, Optimal, 15.013522863388062
./configs/juniper-ipopt-glpk/JuniperLibSm/ndcc14.stdout:DATA, ndcc14.jl, 865, 54, 0, 306, Min, NaN, 60.2132268064628, UserLimit, 3609.5643668174744
./configs/juniper-ipopt-glpk/JuniperLibSm/chp_partload.stdout:DATA, chp_partload.jl, 2249, 45, 0, 2517, Min, NaN, 20.158681076050506, UserLimit, 3601.614420890808
./configs/juniper-ipopt-glpk/JuniperLibSm/graphpart_clique-50.stdout:DATA, graphpart_clique-50.jl, 151, 150, 0, 51, Min, 2312.0, 2311.999799830089, Optimal, 1.8674800395965576
./configs/juniper-ipopt-glpk/JuniperLibSm/tspn05.stdout:DATA, tspn05.jl, 21, 10, 0, 11, Min, 191.25520713154873, 0.0, Optimal, 0.6850061416625977
./configs/juniper-ipopt-glpk/JuniperLibSm/procurement1mot.stdout:DATA, procurement1mot.jl, 785, 60, 0, 750, Max, 291.54166162188676, 291.54166162188676, Optimal, 459.6050817966461
./configs/juniper-ipopt-glpk/JuniperLibSm/multiplants_stg1.stdout:DATA, multiplants_stg1.jl, 415, 198, 0, 262, Max, 93.38080655822658, 469.6652680854628, UserLimit, 3602.2896020412445
./configs/juniper-ipopt-glpk/JuniperLibSm/fo8_ar2_1.stdout:DATA, fo8_ar2_1.jl, 145, 0, 56, 348, Min, NaN, 22.890265930012763, UserLimit, 3600.0104517936707
./configs/juniper-ipopt-glpk/JuniperLibSm/multiplants_mtg5.stdout:DATA, multiplants_mtg5.jl, 191, 78, 0, 309, Max, 5924.649333987281, 5924.649333987281, Optimal, 1858.5001459121704
./configs/juniper-ipopt-glpk/JuniperLibSm/sssd15-04.stdout:DATA, sssd15-04.jl, 89, 72, 0, 48, Min, 205054.4345738232, 205054.43063709958, Optimal, 13.362218856811523
./configs/juniper-ipopt-glpk/JuniperLibSm/genpooling_meyer04.stdout:DATA, genpooling_meyer04.jl, 119, 55, 0, 142, Min, 1.3882616877199528e6, 1.3882616877199528e6, Optimal, 90.55162000656128
./configs/juniper-ipopt-glpk/JuniperLibSm/fo9.stdout:DATA, fo9.jl, 183, 72, 0, 344, Min, NaN, 9.662915650098313, UserLimit, 3600.0171580314636
./configs/juniper-ipopt-glpk/JuniperLibSm/graphpart_3g-0444-0444.stdout:DATA, graphpart_3g-0444-0444.jl, 193, 192, 0, 65, Min, -7.513024246449329e6, 0.0, Optimal, 0.7502400875091553
./configs/juniper-ipopt-glpk/JuniperLibSm/tspn15.stdout:DATA, tspn15.jl, 136, 105, 0, 35, Min, 331.089299483446, 0.0, Optimal, 0.846966028213501
./configs/juniper-ipopt-glpk/JuniperLibSm/heatexch_gen3.stdout:DATA, heatexch_gen3.jl, 581, 60, 0, 511, Min, 0, NaN, Infeasible, 180.513277053833
./configs/juniper-ipopt-glpk/JuniperLibSm/product.stdout:DATA, product.jl, 1554, 107, 0, 1926, Min, -2141.8159935361705, -2145.5338744634823, UserLimit, 3600.385169029236
./configs/juniper-ipopt-glpk/JuniperLibSm/sssd25-04persp.stdout:DATA, sssd25-04persp.jl, 129, 112, 0, 58, Min, 0, NaN, Infeasible, 1.7024080753326416
./configs/juniper-ipopt-glpk/JuniperLibSm/deb10.stdout:DATA, deb10.jl, 183, 22, 0, 130, Min, 209.4277410973742, 209.4277410973742, Optimal, 8.19323205947876
./configs/juniper-ipopt-glpk/JuniperLibSm/hydroenergy3.stdout:DATA, hydroenergy3.jl, 1009, 336, 0, 1499, Max, 744963.7591528532, 744963.7591528532, Optimal, 156.67396903038025
./configs/juniper-ipopt-glpk/JuniperLibSm/space25.stdout:DATA, space25.jl, 894, 750, 0, 236, Min, 484.32864368800625, 484.32864368800625, Optimal, 178.2626850605011
./configs/juniper-ipopt-glpk/JuniperLibSm/chp_shorttermplan1b.stdout:DATA, chp_shorttermplan1b.jl, 1681, 288, 0, 3851, Min, 266.3917835843523, 266.3917835843523, Optimal, 112.93284296989441
./configs/juniper-ipopt-glpk/JuniperLibSm/crudeoil_lee4_08.stdout:DATA, crudeoil_lee4_08.jl, 3129, 152, 0, 6858, Max, NaN, NaN, UserLimit, 4858.887574911118
./configs/juniper-ipopt-glpk/JuniperLibSm/supplychainr1_053050.stdout:DATA, supplychainr1_053050.jl, 5151, 1680, 0, 6581, Min, NaN, NaN, UserLimit, 156.34414196014404
./configs/juniper-ipopt-glpk/JuniperLibSm/crudeoil_pooling_ct4.stdout:DATA, crudeoil_pooling_ct4.jl, 534, 138, 0, 925, Max, 13258.26881868307, 13258.26881868307, Optimal, 1249.2620890140533
./configs/juniper-ipopt-glpk/JuniperLibSm/sfacloc1_2_95.stdout:DATA, sfacloc1_2_95.jl, 172, 9, 0, 209, Min, 18.850070001936963, 18.850070011276497, Optimal, 1.2844979763031006
./configs/juniper-ipopt-glpk/JuniperLibSm/o7_2.stdout:DATA, o7_2.jl, 115, 42, 0, 212, Min, NaN, 61.40239230701461, UserLimit, 3600.033040046692
./configs/juniper-ipopt-glpk/JuniperLibSm/edgecross10-060.stdout:DATA, edgecross10-060.jl, 91, 44, 0, 481, Min, 461.99999481909094, 461.99999481909094, Optimal, 1.6816461086273193
./configs/juniper-ipopt-glpk/JuniperLibSm/super3t.stdout:DATA, super3t.jl, 1056, 44, 0, 1343, Min, NaN, -1.000000009090909, UserLimit, 3601.0417280197144
./configs/juniper-ipopt-glpk/JuniperLibSm/lop97icx.stdout:DATA, lop97icx.jl, 987, 0, 899, 88, Min, NaN, 4071.6143077105125, UserLimit, 3600.1153910160065
./configs/juniper-ipopt-glpk/JuniperLibSm/4stufen.stdout:DATA, 4stufen.jl, 150, 48, 0, 99, Min, NaN, NaN, UserLimit, 15.50263500213623
./configs/juniper-ipopt-glpk/JuniperLibSm/portfol_shortfall200_05.stdout:DATA, portfol_shortfall200_05.jl, 805, 201, 0, 608, Min, -1.122457743382665, -1.1434342638799795, UserLimit, 3601.287008047104
./configs/juniper-ipopt-glpk/JuniperLibSm/squfl025-040.stdout:DATA, squfl025-040.jl, 1026, 25, 0, 1041, Min, 197.33383429785118, 197.31723093993568, Optimal, 213.91230297088623
./configs/juniper-ipopt-glpk/JuniperLibSm/crudeoil_lee2_10.stdout:DATA, crudeoil_lee2_10.jl, 2311, 140, 0, 5432, Max, 0, NaN, Infeasible, 3526.9975130558014
./configs/juniper-ipopt-glpk/JuniperLibSm/o7_ar4_1.stdout:DATA, o7_ar4_1.jl, 113, 0, 42, 270, Min, NaN, 85.08075821390115, UserLimit, 3600.0232479572296
./configs/juniper-ipopt-glpk/JuniperLibSm/tls5.stdout:DATA, tls5.jl, 162, 131, 5, 91, Min, NaN, 5.999999941383294, UserLimit, 3602.068013191223
./configs/juniper-ipopt-glpk/JuniperLibSm/ndcc16.stdout:DATA, ndcc16.jl, 1081, 60, 0, 378, Min, NaN, 61.37785421273727, UserLimit, 3602.675840139389
./configs/juniper-ipopt-glpk/JuniperLibSm/heatexch_spec1.stdout:DATA, heatexch_spec1.jl, 57, 12, 0, 65, Min, 154997.3336374167, 154997.3336374167, Optimal, 2.3759219646453857
./configs/juniper-ipopt-glpk/JuniperLibSm/multiplants_mtg6.stdout:DATA, multiplants_mtg6.jl, 350, 176, 0, 481, Max, NaN, 5332.657065891803, UserLimit, 3600.638771057129
./configs/juniper-ipopt-glpk/JuniperLibSm/tls7.stdout:DATA, tls7.jl, 346, 289, 7, 155, Min, NaN, 5.299999865932738, UserLimit, 3600.2845771312714
./configs/juniper-ipopt-glpk/JuniperLibSm/transswitch0009p.stdout:DATA, transswitch0009p.jl, 70, 9, 0, 140, Min, 5296.686202381859, 5296.686201501542, Optimal, 21.065096139907837
./configs/juniper-ipopt-glpk/JuniperLibSm/watercontamination0202r.stdout:DATA, watercontamination0202r.jl, 196, 7, 0, 284, Min, 97.90443362928654, 97.90443362928654, Optimal, 19.99208688735962
./configs/juniper-ipopt-glpk/JuniperLibSm/edgecross24-057.stdout:DATA, edgecross24-057.jl, 553, 552, 0, 8097, Min, NaN, 208.9999817895411, UserLimit, 3601.6880950927734
./configs/juniper-ipopt-glpk/JuniperLibSm/multiplants_mtg2.stdout:DATA, multiplants_mtg2.jl, 230, 112, 0, 307, Max, 7099.1862457866255, 7099.1862457866255, Optimal, 3412.2077538967133
./configs/juniper-ipopt-glpk/JuniperLibSm/hydroenergy2.stdout:DATA, hydroenergy2.jl, 577, 192, 0, 857, Max, 371811.87631537725, 371811.87631537725, Optimal, 84.17473602294922
./configs/juniper-ipopt-glpk/JuniperLibSm/heatexch_gen2.stdout:DATA, heatexch_gen2.jl, 149, 16, 0, 167, Min, 824551.3262246584, 824551.3262246584, Optimal, 31.631354808807373
./configs/juniper-ipopt-glpk/JuniperLibSm/waterno2_24.stdout:DATA, waterno2_24.jl, 3985, 216, 0, 4943, Min, NaN, 1450.5728724898934, UserLimit, 3603.769947052002
./configs/juniper-ipopt-glpk/JuniperLibSm/sssd18-08persp.stdout:DATA, sssd18-08persp.jl, 201, 168, 0, 83, Min, 0, NaN, Infeasible, 2.0611441135406494
./configs/juniper-ipopt-glpk/JuniperLibSm/crudeoil_lee3_06.stdout:DATA, crudeoil_lee3_06.jl, 1537, 84, 0, 3360, Max, NaN, NaN, UserLimit, 1697.3834948539734
./configs/juniper-ipopt-glpk/JuniperLibSm/sepasequ_convent.stdout:DATA, sepasequ_convent.jl, 642, 20, 0, 1129, Min, 489.08214682148997, 489.08214682148997, Optimal, 93.55864906311035
./configs/juniper-ipopt-glpk/JuniperLibSm/squfl020-150persp.stdout:DATA, squfl020-150persp.jl, 6021, 20, 0, 6151, Min, 557.8478156443348, 557.8478156443348, Optimal, 179.3169560432434
./configs/juniper-ipopt-glpk/JuniperLibSm/crossdock_15x8.stdout:DATA, crossdock_15x8.jl, 241, 240, 0, 47, Min, NaN, 15474.142852629446, UserLimit, 3601.1209828853607
./configs/juniper-ipopt-glpk/JuniperLibSm/fo9_ar3_1.stdout:DATA, fo9_ar3_1.jl, 181, 0, 72, 436, Min, NaN, 20.94288672741928, UserLimit, 3600.035271883011
./configs/juniper-ipopt-glpk/JuniperLibSm/lop97ic.stdout:DATA, lop97ic.jl, 1754, 0, 1662, 92, Min, NaN, 3901.2440425946966, UserLimit, 3601.469845056534
./configs/juniper-ipopt-glpk/JuniperLibSm/multiplants_stg1b.stdout:DATA, multiplants_stg1b.jl, 476, 243, 0, 280, Max, 448.558273174125, 520.077856128391, UserLimit, 3602.6953949928284
./configs/juniper-ipopt-glpk/JuniperLibSm/tspn10.stdout:DATA, tspn10.jl, 66, 45, 0, 22, Min, 225.12606528743066, 0.0, Optimal, 0.7714362144470215
./configs/juniper-ipopt-glpk/JuniperLibSm/graphpart_3pm-0334-0334.stdout:DATA, graphpart_3pm-0334-0334.jl, 109, 108, 0, 37, Min, -36.00000121583062, -36.00000121583062, Optimal, 80.09005188941956
./configs/juniper-ipopt-glpk/JuniperLibSm/sssd25-04.stdout:DATA, sssd25-04.jl, 129, 112, 0, 58, Min, 300176.528046431, 300176.528046431, Optimal, 38.64107799530029
./configs/juniper-ipopt-glpk/JuniperLibSm/edgecross10-070.stdout:DATA, edgecross10-070.jl, 91, 90, 0, 481, Min, 722.9999999909091, 722.9999894545454, Optimal, 0.9489731788635254
./configs/juniper-ipopt-glpk/JuniperLibSm/sssd15-08persp.stdout:DATA, sssd15-08persp.jl, 177, 144, 0, 80, Min, 0, NaN, Infeasible, 1.7836740016937256
./configs/juniper-ipopt-glpk/JuniperLibSm/nuclearve.stdout:DATA, nuclearve.jl, 352, 168, 0, 318, Min, -1.0370177522720496, -1.0370177522720496, Optimal, 78.38129591941833
./configs/juniper-ipopt-glpk/JuniperLibSm/sssd15-08.stdout:DATA, sssd15-08.jl, 177, 144, 0, 80, Min, NaN, 562220.6578973731, UserLimit, 3600.0243170261383
./configs/juniper-ipopt-glpk/JuniperLibSm/ndcc15persp.stdout:DATA, ndcc15persp.jl, 721, 40, 0, 347, Min, 94.611207098, 94.611207098, Optimal, 49.48592019081116
./configs/juniper-ipopt-glpk/JuniperLibSm/o7_ar25_1.stdout:DATA, o7_ar25_1.jl, 113, 0, 42, 270, Min, NaN, 98.86414887294936, UserLimit, 3600.045014858246
./configs/juniper-ipopt-glpk/JuniperLibSm/routingdelay_bigm.stdout:DATA, routingdelay_bigm.jl, 1124, 396, 0, 2978, Min, 146.62556895280588, 146.6255689527905, Optimal, 277.6837499141693
./configs/juniper-ipopt-glpk/JuniperLibSm/graphpart_2g-1010-0824.stdout:DATA, graphpart_2g-1010-0824.jl, 301, 300, 0, 101, Min, -6.961160279820057e6, -6.961160279820057e6, Optimal, 87.46737289428711
./configs/juniper-ipopt-glpk/JuniperLibSm/nuclear49.stdout:DATA, nuclear49.jl, 5736, 2401, 0, 3874, Min, NaN, -1.151072788759608, UserLimit, 3788.661931037903
./configs/juniper-ipopt-glpk/JuniperLibSm/graphpart_clique-30.stdout:DATA, graphpart_clique-30.jl, 91, 90, 0, 31, Min, 494.99995745602405, 0.0, Optimal, 1.1284148693084717
./configs/juniper-ipopt-glpk/JuniperLibSm/waternd2.stdout:DATA, waternd2.jl, 233, 72, 0, 250, Min, 1.0682027135852755e6, 1.0682027135852755e6, Optimal, 89.1672010421753
./configs/juniper-ipopt-glpk/JuniperLibSm/crudeoil_li05.stdout:DATA, crudeoil_li05.jl, 941, 132, 0, 1917, Max, NaN, 3189.6229199857316, UserLimit, 3602.5303170681
./configs/juniper-ipopt-glpk/JuniperLibSm/no7_ar4_1.stdout:DATA, no7_ar4_1.jl, 113, 0, 42, 270, Min, NaN, 71.39849087865515, UserLimit, 3600.0017528533936
./configs/juniper-ipopt-glpk/JuniperLibSm/crudeoil_pooling_ct3.stdout:DATA, crudeoil_pooling_ct3.jl, 730, 128, 0, 1199, Min, NaN, 103475.82044104519, UserLimit, 3607.995841026306
./configs/juniper-ipopt-glpk/JuniperLibSm/edgecross14-176.stdout:DATA, edgecross14-176.jl, 183, 182, 0, 1457, Min, 5902.999999990909, 5902.999970019096, Optimal, 1.7088561058044434
./configs/juniper-ipopt-glpk/JuniperLibSm/sssd15-06persp.stdout:DATA, sssd15-06persp.jl, 133, 108, 0, 64, Min, 0, NaN, Infeasible, 1.659231185913086
./configs/juniper-ipopt-glpk/JuniperLibSm/ghg_2veh.stdout:DATA, ghg_2veh.jl, 58, 18, 0, 63, Min, 7.7709044454472815, 7.7709044454472815, Optimal, 3.914952039718628
./configs/juniper-ipopt-glpk/JuniperLibSm/crudeoil_li02.stdout:DATA, crudeoil_li02.jl, 1298, 240, 0, 5005, Max, NaN, 1.0187326994020948e8, UserLimit, 3600.9122910499573
./configs/juniper-ipopt-glpk/JuniperLibSm/graphpart_3pm-0344-0344.stdout:DATA, graphpart_3pm-0344-0344.jl, 145, 144, 0, 49, Min, -48.00000161211621, -48.00000161211621, Optimal, 94.45581293106079
./configs/juniper-ipopt-glpk/JuniperLibSm/bchoco08.stdout:DATA, bchoco08.jl, 169, 9, 0, 191, Max, NaN, NaN, UserLimit, 24.81245994567871
./configs/juniper-ipopt-glpk/JuniperLibSm/graphpart_3pm-0444-0444.stdout:DATA, graphpart_3pm-0444-0444.jl, 193, 192, 0, 65, Min, -65.0000023129357, -65.0000023129357, Optimal, 104.06866097450256
./configs/juniper-ipopt-glpk/JuniperLibSm/sfacloc1_4_80.stdout:DATA, sfacloc1_4_80.jl, 356, 62, 0, 2235, Min, 7.970759989652465, 7.970759989652465, Optimal, 34.33609390258789
./configs/juniper-ipopt-glpk/JuniperLibSm/squfl020-150.stdout:DATA, squfl020-150.jl, 3021, 20, 0, 3151, Min, 557.8485786688627, 557.7937565114745, Optimal, 1929.4792318344116
./configs/juniper-ipopt-glpk/JuniperLibSm/squfl020-040.stdout:DATA, squfl020-040.jl, 821, 20, 0, 841, Min, 209.25484651852003, 209.25484651852003, Optimal, 14.076904058456421
./configs/juniper-ipopt-glpk/JuniperLibSm/o7_ar3_1.stdout:DATA, o7_ar3_1.jl, 113, 0, 42, 270, Min, NaN, 91.98829503044516, UserLimit, 3600.057929992676
./configs/juniper-ipopt-glpk/JuniperLibSm/feedtray.stdout:DATA, feedtray.jl, 98, 7, 0, 92, Min, -13.406005562497812, 0.0, Optimal, 1.1110689640045166
./configs/juniper-ipopt-glpk/JuniperLibSm/crudeoil_pooling_dt4.stdout:DATA, crudeoil_pooling_dt4.jl, 5063, 1326, 0, 7699, Max, 0, NaN, Infeasible, 1403.1768090724945
./configs/juniper-ipopt-glpk/JuniperLibSm/csched2.stdout:DATA, csched2.jl, 401, 308, 0, 138, Min, 0, NaN, Unbounded, 1.470592975616455
./configs/juniper-ipopt-glpk/JuniperLibSm/nuclear14a.stdout:DATA, nuclear14a.jl, 993, 600, 0, 634, Min, -1.1286410065995458, -1.1286404610915437, Optimal, 5.301194906234741
./configs/juniper-ipopt-glpk/JuniperLibSm/edgecross14-058.stdout:DATA, edgecross14-058.jl, 183, 182, 0, 1457, Min, 383.9999999909091, 383.9999875927303, Optimal, 2.1330151557922363
./configs/juniper-ipopt-glpk/JuniperLibSm/synheat.stdout:DATA, synheat.jl, 57, 12, 0, 65, Min, 154997.33363741668, 154997.33363741668, Optimal, 2.3391079902648926
./configs/juniper-ipopt-glpk/JuniperLibSm/nuclear25.stdout:DATA, nuclear25.jl, 1679, 625, 0, 1304, Min, -1.1203214137733506, -1.1203214137733506, Optimal, 1393.7881438732147
./configs/juniper-ipopt-glpk/JuniperLibSm/heatexch_spec2.stdout:DATA, heatexch_spec2.jl, 77, 16, 0, 91, Min, 634976.3278214148, 634976.3278214148, Optimal, 7.3086559772491455
./configs/juniper-ipopt-glpk/JuniperLibSm/transswitch0118p.stdout:DATA, transswitch0118p.jl, 1240, 179, 0, 2480, Min, 129469.31381304086, 129457.87589205588, Optimal, 4.9055280685424805
./configs/juniper-ipopt-glpk/JuniperLibSm/watercontamination0303r.stdout:DATA, watercontamination0303r.jl, 385, 14, 0, 557, Min, 424.5440969501139, 424.5440969501139, Optimal, 3501.134402990341
./configs/juniper-ipopt-glpk/JuniperLibSm/nuclear10b.stdout:DATA, nuclear10b.jl, 23827, 10920, 0, 24972, Min, NaN, -1.1942299942262853, UserLimit, 3631.7238459587097
./configs/juniper-ipopt-glpk/JuniperLibSm/gasnet_al1.stdout:DATA, gasnet_al1.jl, 725, 136, 0, 831, Min, NaN, 11160.94801376776, UserLimit, 3600.533942937851
./configs/juniper-ipopt-glpk/JuniperLibSm/space960.stdout:DATA, space960.jl, 5538, 0, 960, 6498, Min, NaN, 7.625744756062182e6, UserLimit, 3600.396481990814
./configs/juniper-ipopt-glpk/JuniperLibSm/crudeoil_pooling_ct1.stdout:DATA, crudeoil_pooling_ct1.jl, 311, 80, 0, 566, Min, NaN, 158999.96297374443, UserLimit, 3600.4672088623047
./configs/juniper-ipopt-glpk/JuniperLibSm/ibs2.stdout:DATA, ibs2.jl, 3011, 1500, 0, 1822, Min, NaN, 4.451260043127719, UserLimit, 3600.0106370449066
./configs/juniper-ipopt-glpk/JuniperLibSm/nuclear25b.stdout:DATA, nuclear25b.jl, 1684, 650, 0, 1910, Min, -1.1044111837505997, -1.1688812183410402, UserLimit, 3600.2258729934692
./configs/juniper-ipopt-glpk/JuniperLibSm/genpooling_meyer15.stdout:DATA, genpooling_meyer15.jl, 735, 352, 0, 769, Min, 943734.0268721945, 943655.8490655008, Optimal, 79.30250191688538
./configs/juniper-ipopt-glpk/JuniperLibSm/gastrans582_warm15.stdout:DATA, gastrans582_warm15.jl, 2187, 0, 250, 3733, Min, 0, NaN, Infeasible, 394.25681614875793
./configs/juniper-ipopt-glpk/JuniperLibSm/sfacloc1_2_90.stdout:DATA, sfacloc1_2_90.jl, 200, 30, 0, 349, Min, 17.891542558636882, 17.891542558636882, Optimal, 2.7993619441986084
./configs/juniper-ipopt-glpk/JuniperLibSm/heatexch_spec3.stdout:DATA, heatexch_spec3.jl, 261, 60, 0, 251, Min, NaN, NaN, UserLimit, 33.59329295158386
./configs/juniper-ipopt-glpk/JuniperLibSm/squfl020-050.stdout:DATA, squfl020-050.jl, 1021, 20, 0, 1051, Min, 230.20211501901917, 230.20211501901917, Optimal, 62.31948399543762
./configs/juniper-ipopt-glpk/JuniperLibSm/sssd15-04persp.stdout:DATA, sssd15-04persp.jl, 89, 72, 0, 48, Min, 0, NaN, Infeasible, 1.562412977218628
./configs/juniper-ipopt-glpk/JuniperLibSm/eg_disc_s.stdout:DATA, eg_disc_s.jl, 8, 0, 4, 28, Min, 6.839043284612786, 6.839043284612786, Optimal, 51.29611110687256
./configs/juniper-ipopt-glpk/JuniperLibSm/edgecross20-040.stdout:DATA, edgecross20-040.jl, 381, 380, 0, 4561, Min, 56.999989942776466, 56.99998982281085, Optimal, 322.06638503074646
./configs/juniper-ipopt-glpk/JuniperLibSm/sssd20-04persp.stdout:DATA, sssd20-04persp.jl, 109, 92, 0, 53, Min, 0, NaN, Infeasible, 1.6785798072814941
./configs/juniper-ipopt-glpk/JuniperLibSm/sfacloc1_3_80.stdout:DATA, sfacloc1_3_80.jl, 294, 62, 0, 2162, Min, 8.608684724012653, 8.608684724012653, Optimal, 22.058325052261353
./configs/juniper-ipopt-glpk/JuniperLibSm/fo9_ar25_1.stdout:DATA, fo9_ar25_1.jl, 181, 0, 72, 436, Min, NaN, 21.95144292949213, UserLimit, 3600.0790779590607
./configs/juniper-ipopt-glpk/JuniperLibSm/fo8_ar4_1.stdout:DATA, fo8_ar4_1.jl, 145, 0, 56, 348, Min, NaN, 18.55578638956813, UserLimit, 3600.032191991806
./configs/juniper-ipopt-glpk/JuniperLibSm/gams01.stdout:DATA, gams01.jl, 146, 110, 0, 1269, Min, NaN, 1392.4727933244933, UserLimit, 3600.6379549503326
./configs/juniper-ipopt-glpk/JuniperLibSm/crudeoil_li06.stdout:DATA, crudeoil_li06.jl, 965, 132, 0, 2437, Max, NaN, 3374.629630245329, UserLimit, 3642.5689330101013
./configs/juniper-ipopt-glpk/JuniperLibSm/gasprod_sarawak16.stdout:DATA, gasprod_sarawak16.jl, 1527, 38, 0, 2253, Min, -32271.218395200678, -32271.218395200678, Optimal, 64.16406297683716
./configs/juniper-ipopt-glpk/JuniperLibSm/routingdelay_proj.stdout:DATA, routingdelay_proj.jl, 1124, 396, 0, 2978, Min, 146.6255689892768, 146.6255689892768, Optimal, 226.89624118804932
./configs/juniper-ipopt-glpk/JuniperLibSm/waterno2_12.stdout:DATA, waterno2_12.jl, 1993, 108, 0, 2471, Min, NaN, 606.7344778724095, UserLimit, 3610.7044348716736
./configs/juniper-ipopt-glpk/JuniperLibSm/sssd20-08.stdout:DATA, sssd20-08.jl, 217, 184, 0, 85, Min, NaN, 469470.7711906257, UserLimit, 3600.069899082184
./configs/juniper-ipopt-glpk/JuniperLibSm/graphpart_2g-0099-9211.stdout:DATA, graphpart_2g-0099-9211.jl, 244, 243, 0, 82, Min, -5.0312052007131865e6, -5.0312052007131865e6, Optimal, 81.24831891059875
./configs/juniper-ipopt-glpk/JuniperLibSm/crudeoil_pooling_dt1.stdout:DATA, crudeoil_pooling_dt1.jl, 3713, 916, 0, 5779, Min, NaN, 128558.98160425299, UserLimit, 3615.9307680130005
./configs/juniper-ipopt-glpk/JuniperLibSm/sssd15-06.stdout:DATA, sssd15-06.jl, 133, 108, 0, 64, Min, 539635.4068485375, 539633.5630708323, Optimal, 1806.037337064743
./configs/juniper-ipopt-glpk/JuniperLibSm/o7_ar2_1.stdout:DATA, o7_ar2_1.jl, 113, 0, 42, 270, Min, NaN, 102.73077502297105, UserLimit, 3600.0135159492493
./configs/juniper-ipopt-glpk/JuniperLibSm/sssd22-08.stdout:DATA, sssd22-08.jl, 233, 200, 0, 87, Min, NaN, 508473.96125673177, UserLimit, 3600.0739850997925
./configs/juniper-ipopt-glpk/JuniperLibSm/squfl040-080.stdout:DATA, squfl040-080.jl, 3241, 40, 0, 3281, Min, 2314.96333040871, 255.89855469725504, UserLimit, 3600.037250995636
./configs/juniper-ipopt-glpk/JuniperLibSm/waste.stdout:DATA, waste.jl, 2485, 400, 0, 1992, Min, NaN, 531.0103576615168, UserLimit, 3600.094699859619
./configs/juniper-ipopt-glpk/JuniperLibSm/transswitch0030r.stdout:DATA, transswitch0030r.jl, 278, 41, 0, 392, Min, 573.9373049225351, 573.9353194645347, Optimal, 25.430315017700195
./configs/juniper-ipopt-glpk/JuniperLibSm/supplychainp1_022020.stdout:DATA, supplychainp1_022020.jl, 2941, 460, 0, 5301, Min, 0, NaN, Infeasible, 274.0540461540222
./configs/juniper-ipopt-glpk/JuniperLibSm/portfol_classical200_2.stdout:DATA, portfol_classical200_2.jl, 601, 200, 0, 404, Min, -0.10063072864839333, -0.12004885378587787, UserLimit, 3600.238286972046
./configs/juniper-ipopt-glpk/JuniperLibSm/ndcc15.stdout:DATA, ndcc15.jl, 681, 40, 0, 307, Min, 94.611207098, 94.611207098, Optimal, 773.3304789066315
./configs/juniper-ipopt-glpk/JuniperLibSm/crudeoil_lee3_08.stdout:DATA, crudeoil_lee3_08.jl, 2049, 112, 0, 4557, Max, NaN, 91.03124976366921, UserLimit, 5325.925905942917
./configs/juniper-ipopt-glpk/JuniperLibSm/nuclearvb.stdout:DATA, nuclearvb.jl, 352, 168, 0, 318, Min, -1.0301292223951513, -1.0301292223951513, Optimal, 80.53750205039978
./configs/juniper-ipopt-glpk/JuniperLibSm/SLay08H.stdout:DATA, SLay08H.jl, 633, 112, 0, 813, Min, 84960.21215773224, 84960.21215773224, Optimal, 146.64270496368408
./configs/juniper-ipopt-glpk/JuniperLibSm/SLay10H.stdout:DATA, SLay10H.jl, 1011, 180, 0, 1306, Min, 130377.70383587436, 129269.0332447405, UserLimit, 3600.0824751853943
./configs/juniper-ipopt-glpk/JuniperLibSm/portfol_robust200_03.stdout:DATA, portfol_robust200_03.jl, 804, 201, 0, 607, Min, NaN, -0.13421644119484985, UserLimit, 3604.519598007202
./configs/juniper-ipopt-glpk/JuniperLibSm/space25a.stdout:DATA, space25a.jl, 384, 240, 0, 202, Min, 484.328642787551, 484.30131716016, Optimal, 70.7534031867981
./configs/juniper-ipopt-glpk/JuniperLibSm/kport40.stdout:DATA, kport40.jl, 268, 3, 111, 49, Min, NaN, 35.78935530544604, UserLimit, 3607.8368198871613
./configs/juniper-ipopt-glpk/JuniperLibSm/sssd25-08.stdout:DATA, sssd25-08.jl, 257, 224, 0, 90, Min, NaN, 471778.83772863046, UserLimit, 3600.033749818802
./configs/juniper-ipopt-glpk/JuniperLibSm/gams02.stdout:DATA, gams02.jl, 12689, 96, 0, 14609, Min, NaN, NaN, UserLimit, 423.1756911277771
./configs/juniper-ipopt-glpk/JuniperLibSm/wastepaper5.stdout:DATA, wastepaper5.jl, 105, 65, 0, 47, Min, 0.0008212021912905406, 0.0008212021912905406, Optimal, 11.683964014053345
./configs/juniper-ipopt-glpk/JuniperLibSm/deb6.stdout:DATA, deb6.jl, 476, 20, 0, 508, Min, 201.73926040328627, 201.73926040328627, Optimal, 29.928340911865234
./configs/juniper-ipopt-glpk/JuniperLibSm/crudeoil_li21.stdout:DATA, crudeoil_li21.jl, 1349, 216, 0, 4682, Max, NaN, NaN, UserLimit, 497.51373505592346
./configs/juniper-ipopt-glpk/JuniperLibSm/sfacloc1_4_90.stdout:DATA, sfacloc1_4_90.jl, 324, 30, 0, 495, Min, 10.457446492858521, 10.457446492858521, Optimal, 4.8308351039886475
./configs/juniper-ipopt-glpk/JuniperLibSm/crudeoil_pooling_dt3.stdout:DATA, crudeoil_pooling_dt3.jl, 9434, 1638, 0, 13835, Min, 0, NaN, Infeasible, 2106.655086994171
./configs/juniper-ipopt-glpk/JuniperLibSm/waterno2_06.stdout:DATA, waterno2_06.jl, 997, 54, 0, 1235, Min, NaN, 154.26561331889462, UserLimit, 3600.2977080345154
./configs/juniper-ipopt-glpk/JuniperLibSm/faclay20h.stdout:DATA, faclay20h.jl, 191, 190, 0, 2281, Min, 16432.99919307999, 0.0, Optimal, 1.6848900318145752
./configs/juniper-ipopt-glpk/JuniperLibSm/pooling_epa2.stdout:DATA, pooling_epa2.jl, 332, 45, 0, 525, Min, -4567.3558241049495, -4567.3558241049495, Optimal, 112.99943399429321
./configs/juniper-ipopt-glpk/JuniperLibSm/beuster.stdout:DATA, beuster.jl, 158, 52, 0, 115, Min, NaN, NaN, UserLimit, 17.658292055130005
./configs/juniper-ipopt-glpk/JuniperLibSm/o7_ar5_1.stdout:DATA, o7_ar5_1.jl, 113, 0, 42, 270, Min, NaN, 83.55603602608548, UserLimit, 3600.0111010074615
./configs/juniper-ipopt-glpk/JuniperLibSm/waterz.stdout:DATA, waterz.jl, 196, 126, 0, 138, Min, NaN, 760.0959789684497, UserLimit, 3600.298364877701
./configs/juniper-ipopt-glpk/JuniperLibSm/no7_ar3_1.stdout:DATA, no7_ar3_1.jl, 113, 0, 42, 270, Min, NaN, 76.22199902702302, UserLimit, 3600.0126898288727
./configs/juniper-ipopt-glpk/JuniperLibSm/CLay0205H.stdout:DATA, CLay0205H.jl, 261, 50, 0, 366, Min, 8092.4998504581545, 8092.4998504581545, Optimal, 2662.234714984894
./configs/juniper-ipopt-glpk/JuniperLibSm/edgecross14-078.stdout:DATA, edgecross14-078.jl, 183, 155, 0, 1457, Min, 724.9999779263666, 0.0, Optimal, 2.046030044555664
./configs/juniper-ipopt-glpk/JuniperLibSm/squfl015-080persp.stdout:DATA, squfl015-080persp.jl, 2416, 15, 0, 2481, Min, 402.48819281112657, 402.48819281112657, Optimal, 22.061569929122925
./configs/juniper-ipopt-glpk/JuniperLibSm/nuclear14b.stdout:DATA, nuclear14b.jl, 1569, 600, 0, 1786, Min, -1.114567734342136, -1.1674570056556914, UserLimit, 3600.1663410663605
./configs/juniper-ipopt-glpk/JuniperLibSm/ghg_3veh.stdout:DATA, ghg_3veh.jl, 97, 36, 0, 120, Min, 7.770442084699663, 7.770442084699663, Optimal, 6.858669996261597
./configs/juniper-ipopt-glpk/JuniperLibSm/tls6.stdout:DATA, tls6.jl, 216, 173, 6, 121, Min, NaN, 8.4488760913008, UserLimit, 3600.535717010498
./configs/juniper-ipopt-glpk/JuniperLibSm/water4.stdout:DATA, water4.jl, 196, 126, 0, 138, Min, NaN, 891.7930140536998, UserLimit, 3600.2235209941864
./configs/juniper-ipopt-glpk/JuniperLibSm/bchoco06.stdout:DATA, bchoco06.jl, 119, 7, 0, 135, Max, NaN, NaN, UserLimit, 16.18911600112915
./configs/juniper-ipopt-glpk/JuniperLibSm/RSyn0820M04M.stdout:DATA, RSyn0820M04M.jl, 1021, 416, 0, 2677, Max, NaN, 7402.162796736222, UserLimit, 3600.6274979114532
./configs/juniper-ipopt-glpk/JuniperLibSm/sssd16-07persp.stdout:DATA, sssd16-07persp.jl, 162, 133, 0, 73, Min, 0, NaN, Infeasible, 1.8068170547485352
./configs/juniper-ipopt-glpk/JuniperLibSm/ndcc13.stdout:DATA, ndcc13.jl, 631, 42, 0, 255, Min, NaN, 81.04692813145672, UserLimit, 3600.5927720069885
./configs/juniper-ipopt-glpk/JuniperLibSm/graphpart_clique-70.stdout:DATA, graphpart_clique-70.jl, 211, 210, 0, 71, Min, 6348.0, 6347.999456837259, Optimal, 3.4929418563842773
./configs/juniper-ipopt-glpk/JuniperLibSm/crudeoil_li01.stdout:DATA, crudeoil_li01.jl, 345, 48, 0, 696, Max, 5122.564513508949, 5122.564513508949, Optimal, 1781.0411899089813
./configs/juniper-ipopt-glpk/JuniperLibSm/eg_all_s.stdout:DATA, eg_all_s.jl, 8, 0, 7, 28, Min, 7.657751809751292, 7.657751809751292, Optimal, 15.224310874938965
./configs/juniper-ipopt-glpk/JuniperLibSm/sfacloc1_3_90.stdout:DATA, sfacloc1_3_90.jl, 262, 30, 0, 422, Min, 11.621976489560181, 11.621976489560181, Optimal, 3.446805000305176
./configs/juniper-ipopt-glpk/JuniperLibSm/squfl030-150.stdout:DATA, squfl030-150.jl, 4531, 30, 0, 4651, Min, 4021.742379249972, 382.44500884088046, UserLimit, 3600.428230047226
./configs/juniper-ipopt-glpk/JuniperLibSm/squfl015-060.stdout:DATA, squfl015-060.jl, 916, 15, 0, 961, Min, 366.621771206999, 366.621771206999, Optimal, 29.126713037490845
./configs/juniper-ipopt-glpk/JuniperLibSm/squfl040-080persp.stdout:DATA, squfl040-080persp.jl, 6441, 40, 0, 6481, Min, 263.89825585263117, 263.89825585263117, Optimal, 848.4099490642548
./configs/juniper-ipopt-glpk/JuniperLibSm/csched2a.stdout:DATA, csched2a.jl, 233, 140, 0, 138, Min, -165398.70159360027, -165414.6927168549, Optimal, 123.24978303909302
./configs/juniper-ipopt-glpk/JuniperLibSm/saa_2.stdout:DATA, saa_2.jl, 4408, 400, 0, 6206, Min, NaN, 11.884843131913712, UserLimit, 3608.581852912903
./configs/juniper-ipopt-glpk/JuniperLibSm/qapw.stdout:DATA, qapw.jl, 451, 225, 0, 256, Min, 391539.97855928075, 391539.97855928075, Optimal, 575.9518220424652
./configs/juniper-ipopt-glpk/JuniperLibSm/squfl025-030.stdout:DATA, squfl025-030.jl, 776, 25, 0, 781, Min, 205.5015941442071, 205.5015941442071, Optimal, 31.324825048446655
./configs/juniper-ipopt-glpk/JuniperLibSm/oil.stdout:DATA, oil.jl, 1536, 19, 0, 1547, Min, -0.8513745056523999, -0.8513745056523999, Optimal, 10.077171087265015
./configs/juniper-ipopt-glpk/JuniperLibSm/carton7.stdout:DATA, carton7.jl, 329, 200, 56, 688, Min, NaN, 79.71510362364117, UserLimit, 3603.5726912021637
./configs/juniper-ipopt-glpk/JuniperLibSm/crudeoil_lee3_07.stdout:DATA, crudeoil_lee3_07.jl, 1793, 98, 0, 3950, Max, 0, NaN, Infeasible, 2992.4001479148865
./configs/juniper-ipopt-glpk/JuniperLibSm/ndcc16persp.stdout:DATA, ndcc16persp.jl, 1141, 60, 0, 438, Min, NaN, 109.76003656608562, UserLimit, 3600.1464262008667
./configs/juniper-ipopt-glpk/JuniperLibSm/tln6.stdout:DATA, tln6.jl, 49, 6, 42, 37, Min, NaN, 14.947499974778504, UserLimit, 3600.0133860111237
./configs/juniper-ipopt-glpk/JuniperLibSm/sfacloc1_3_95.stdout:DATA, sfacloc1_3_95.jl, 234, 9, 0, 282, Min, 12.45671919327488, 12.456719205395741, Optimal, 1.4350340366363525
./configs/juniper-ipopt-glpk/JuniperLibSm/fo8_ar5_1.stdout:DATA, fo8_ar5_1.jl, 145, 0, 56, 348, Min, NaN, 17.287463829902617, UserLimit, 3600.023332834244
./configs/juniper-ipopt-glpk/JuniperLibSm/forest.stdout:DATA, forest.jl, 237, 73, 0, 310, Max, 1.439622652255031e7, 1.439622652255031e7, Optimal, 8.2380530834198
./configs/juniper-ipopt-glpk/JuniperLibSm/squfl015-080.stdout:DATA, squfl015-080.jl, 1216, 15, 0, 1281, Min, 402.48848553746416, 402.45531703884916, Optimal, 101.41937899589539
./configs/juniper-ipopt-glpk/JuniperLibSm/casctanks.stdout:DATA, casctanks.jl, 501, 40, 0, 518, Min, 9.163479125958352, 9.163479125958352, Optimal, 75.33461809158325
./configs/juniper-ipopt-glpk/JuniperLibSm/waterx.stdout:DATA, waterx.jl, 71, 14, 0, 55, Min, 909.02783309195, 909.02783309195, Optimal, 13.025570154190063
./configs/juniper-ipopt-glpk/JuniperLibSm/blend718.stdout:DATA, blend718.jl, 223, 87, 0, 607, Max, 7.393601902360752, 7.393601902360752, Optimal, 733.731682062149
./configs/juniper-ipopt-glpk/JuniperLibSm/blend531.stdout:DATA, blend531.jl, 273, 104, 0, 737, Max, 20.03900424431876, 20.040945260894823, Optimal, 1449.3939440250397
./configs/juniper-ipopt-glpk/JuniperLibSm/RSyn0840M04M.stdout:DATA, RSyn0840M04M.jl, 1441, 576, 0, 3729, Max, NaN, 15529.574732030216, UserLimit, 3609.1071140766144
./configs/juniper-ipopt-glpk/JuniperLibSm/nuclearvd.stdout:DATA, nuclearvd.jl, 352, 168, 0, 318, Min, -1.0399393670234074, -1.0399393670234074, Optimal, 13.791453838348389
./configs/juniper-ipopt-glpk/JuniperLibSm/sssd18-06.stdout:DATA, sssd18-06.jl, 151, 126, 0, 67, Min, 397992.24757194205, 397992.0680404631, Optimal, 915.8909480571747
./configs/juniper-ipopt-glpk/JuniperLibSm/contvar.stdout:DATA, contvar.jl, 297, 88, 0, 285, Min, 809149.810990485, 809149.810990485, Optimal, 353.490021944046
./configs/juniper-ipopt-glpk/JuniperLibSm/RSyn0815M04M.stdout:DATA, RSyn0815M04M.jl, 941, 376, 0, 2431, Max, NaN, 6478.473910111002, UserLimit, 3600.5337250232697
./configs/juniper-ipopt-glpk/JuniperLibSm/watertreatnd_flow.stdout:DATA, watertreatnd_flow.jl, 421, 5, 0, 380, Min, NaN, NaN, UserLimit, 51.95131707191467
./configs/juniper-ipopt-glpk/JuniperLibSm/bchoco07.stdout:DATA, bchoco07.jl, 135, 8, 0, 154, Max, NaN, NaN, UserLimit, 17.701292991638184
./configs/juniper-ipopt-glpk/JuniperLibSm/unitcommit2.stdout:DATA, unitcommit2.jl, 961, 720, 0, 5330, Min, NaN, 525638.8203716036, UserLimit, 3601.462150812149
./configs/juniper-ipopt-glpk/JuniperLibSm/sfacloc1_4_95.stdout:DATA, sfacloc1_4_95.jl, 296, 9, 0, 355, Min, 11.243001338655898, 11.243001338655898, Optimal, 3.254331111907959
./configs/juniper-ipopt-glpk/JuniperLibSm/sssd16-07.stdout:DATA, sssd16-07.jl, 162, 133, 0, 73, Min, 420463.6636159981, 416941.94694433024, UserLimit, 3600.0255179405212
./configs/juniper-ipopt-glpk/JuniperLibSm/wastepaper6.stdout:DATA, wastepaper6.jl, 137, 90, 0, 55, Min, 0.00012638308224782168, 0.00012638308224782168, Optimal, 51.92989802360535
./configs/juniper-ipopt-glpk/JuniperLibSm/qap.stdout:DATA, qap.jl, 226, 225, 0, 31, Min, 391667.9788254568, 391667.9788254568, Optimal, 1422.377650976181
./configs/juniper-ipopt-glpk/JuniperLibSm/edgecross22-048.stdout:DATA, edgecross22-048.jl, 463, 462, 0, 6161, Min, 83.99998507923439, 83.99998507923439, Optimal, 1616.3308429718018
./configs/juniper-ipopt-glpk/JuniperLibSm/graphpart_clique-40.stdout:DATA, graphpart_clique-40.jl, 121, 120, 0, 41, Min, 1183.0, 1182.9998982333314, Optimal, 1.3894548416137695
./configs/juniper-ipopt-glpk/JuniperLibSm/graphpart_clique-60.stdout:DATA, graphpart_clique-60.jl, 181, 180, 0, 61, Min, 3989.9996599082733, 0.0, Optimal, 2.048276901245117
./configs/juniper-ipopt-glpk/JuniperLibSm/no7_ar5_1.stdout:DATA, no7_ar5_1.jl, 113, 0, 42, 270, Min, NaN, 67.0838766580465, UserLimit, 3600.038668870926
./configs/juniper-ipopt-glpk/JuniperLibSm/multiplants_stg1c.stdout:DATA, multiplants_stg1c.jl, 477, 252, 0, 270, Max, 659.3931171578189, 770.7150915698339, UserLimit, 3600.787714958191
./configs/juniper-ipopt-glpk/JuniperLibSm/blend721.stdout:DATA, blend721.jl, 223, 87, 0, 628, Max, 13.52680063010652, 13.528063412985853, Optimal, 394.5993149280548
./configs/juniper-ipopt-glpk/JuniperLibSm/transswitch0009r.stdout:DATA, transswitch0009r.jl, 70, 9, 0, 104, Min, 5296.686203261219, 5296.6862023809, Optimal, 14.271388053894043
./configs/juniper-ipopt-glpk/JuniperLibSm/transswitch0039p.stdout:DATA, transswitch0039p.jl, 329, 46, 0, 658, Min, 41866.123169064624, 41865.917756554925, Optimal, 4.255956172943115
./configs/juniper-ipopt-glpk/JuniperLibSm/o9_ar4_1.stdout:DATA, o9_ar4_1.jl, 181, 0, 72, 436, Min, NaN, 119.65028898361918, UserLimit, 3600.0200810432434
./configs/juniper-ipopt-glpk/JuniperLibSm/genpooling_meyer10.stdout:DATA, genpooling_meyer10.jl, 395, 187, 0, 424, Min, 1.1347518563766254e6, 1.1347518563766254e6, Optimal, 155.08486700057983
./configs/juniper-ipopt-glpk/JuniperLibSm/ndcc12persp.stdout:DATA, ndcc12persp.jl, 691, 46, 0, 284, Min, 106.35415532728759, 106.35415532728759, Optimal, 16.494306087493896
./configs/juniper-ipopt-glpk/JuniperLibSm/gasnet_al3.stdout:DATA, gasnet_al3.jl, 725, 136, 0, 831, Min, 8945.668405250402, 8945.668405250402, Optimal, 1601.2372579574585
./configs/juniper-ipopt-glpk/JuniperLibSm/transswitch0039r.stdout:DATA, transswitch0039r.jl, 329, 46, 0, 474, Min, 41866.123169084334, 41866.123169084334, Optimal, 43.99294590950012
./configs/juniper-ipopt-glpk/JuniperLibSm/edgecross14-098.stdout:DATA, edgecross14-098.jl, 183, 182, 0, 1457, Min, 1408.999999990909, 1408.9999753063685, Optimal, 2.176041841506958
./configs/juniper-ipopt-glpk/JuniperLibSm/nous1.stdout:DATA, nous1.jl, 51, 2, 0, 44, Min, 1.5670719637309114, 1.5670719637309114, Optimal, 3.29032301902771
./configs/juniper-ipopt-glpk/JuniperLibSm/pooling_epa3.stdout:DATA, pooling_epa3.jl, 1105, 150, 0, 1718, Min, NaN, -14998.090197876856, UserLimit, 3605.872274160385
./configs/juniper-ipopt-glpk/JuniperLibSm/var_con5.stdout:DATA, var_con5.jl, 574, 12, 0, 465, Min, 278.1447474837232, 278.1447474837232, Optimal, 5.682996988296509
./configs/juniper-ipopt-glpk/JuniperLibSm/fo9_ar2_1.stdout:DATA, fo9_ar2_1.jl, 181, 0, 72, 436, Min, NaN, 24.823955511074555, UserLimit, 3600.0653309822083
./configs/juniper-ipopt-glpk/JuniperLibSm/waterno2_04.stdout:DATA, waterno2_04.jl, 665, 36, 0, 823, Min, 153.3912251152999, 98.55784630448754, UserLimit, 3607.950782060623
./configs/juniper-ipopt-glpk/JuniperLibSm/nuclear49b.stdout:DATA, nuclear49b.jl, 5743, 2450, 0, 6234, Min, NaN, -1.1843716174594912, UserLimit, 3600.024399995804
./configs/juniper-ipopt-glpk/JuniperLibSm/o7.stdout:DATA, o7.jl, 115, 42, 0, 212, Min, NaN, 64.45327035222579, UserLimit, 3600.018219947815
./configs/juniper-ipopt-glpk/JuniperLibSm/RSyn0830M04M.stdout:DATA, RSyn0830M04M.jl, 1241, 496, 0, 3193, Max, NaN, 9777.875811657586, UserLimit, 3607.5333988666534
./configs/juniper-ipopt-glpk/JuniperLibSm/gastrans135.stdout:DATA, gastrans135.jl, 1194, 0, 232, 2473, Min, 0, NaN, Infeasible, 369.4025950431824
./configs/juniper-ipopt-glpk/JuniperLibSm/tspn12.stdout:DATA, tspn12.jl, 91, 66, 0, 27, Min, 265.85788083393373, 0.0, Optimal, 0.7530639171600342
./configs/juniper-ipopt-glpk/JuniperLibSm/squfl030-100persp.stdout:DATA, squfl030-100persp.jl, 6031, 30, 0, 6101, Min, 363.0930113206107, 363.0930113206107, Optimal, 605.598237991333
./configs/juniper-ipopt-glpk/JuniperLibSm/tln12.stdout:DATA, tln12.jl, 169, 12, 156, 73, Min, NaN, 85.6999999808164, UserLimit, 3600.014151096344
./configs/juniper-ipopt-glpk/JuniperLibSm/o8_ar4_1.stdout:DATA, o8_ar4_1.jl, 145, 0, 56, 348, Min, NaN, 135.7695421582596, UserLimit, 3600.0304448604584
./configs/juniper-ipopt-glpk/JuniperLibSm/ndcc12.stdout:DATA, ndcc12.jl, 645, 46, 0, 238, Min, 106.35415479599999, 106.35415479599999, Optimal, 143.47537779808044
./configs/juniper-ipopt-glpk/JuniperLibSm/squfl030-100.stdout:DATA, squfl030-100.jl, 3031, 30, 0, 3101, Min, 2334.026847139671, 347.93588909791856, UserLimit, 3600.1597108840942
./configs/juniper-ipopt-glpk/JuniperLibSm/sssd12-05persp.stdout:DATA, sssd12-05persp.jl, 96, 75, 0, 53, Min, 0, NaN, Infeasible, 1.5114710330963135
./configs/juniper-ipopt-glpk/JuniperLibSm/crudeoil_lee4_07.stdout:DATA, crudeoil_lee4_07.jl, 2738, 133, 0, 5966, Max, NaN, NaN, UserLimit, 6272.446980953217
./configs/juniper-ipopt-glpk/JuniperLibSm/nuclear25a.stdout:DATA, nuclear25a.jl, 1059, 650, 0, 660, Min, -1.1206760902074608, -1.120714609367808, Optimal, 227.59814310073853
./configs/juniper-ipopt-glpk/JuniperLibSm/FLay05H.stdout:DATA, FLay05H.jl, 383, 40, 0, 466, Min, 64.49806112088903, 61.8782067501098, UserLimit, 3600.016450881958
./configs/juniper-ipopt-glpk/JuniperLibSm/ndcc14persp.stdout:DATA, ndcc14persp.jl, 919, 54, 0, 360, Min, NaN, 99.22863335878317, UserLimit, 3602.851045846939
./configs/juniper-ipopt-glpk/JuniperLibSm/graphpart_2pm-0099-0999.stdout:DATA, graphpart_2pm-0099-0999.jl, 244, 243, 0, 82, Min, -64.00000221149203, -64.00000224884153, Optimal, 123.33412981033325
./configs/juniper-ipopt-glpk/JuniperLibSm/chp_shorttermplan2b.stdout:DATA, chp_shorttermplan2b.jl, 1393, 192, 0, 2553, Min, 0, NaN, Infeasible, 42.89787793159485
./configs/juniper-ipopt-glpk/JuniperLibSm/bchoco05.stdout:DATA, bchoco05.jl, 91, 6, 0, 104, Max, NaN, NaN, UserLimit, 190.36267280578613
./configs/juniper-ipopt-glpk/JuniperLibSm/gasprod_sarawak81.stdout:DATA, gasprod_sarawak81.jl, 7572, 38, 0, 11093, Min, -32273.00403278872, -32273.00403278872, Optimal, 660.6975018978119
./configs/juniper-ipopt-glpk/JuniperLibSm/squfl010-080persp.stdout:DATA, squfl010-080persp.jl, 1611, 10, 0, 1681, Min, 509.7057734825902, 509.7057734825902, Optimal, 8.579876899719238
./configs/juniper-ipopt-glpk/JuniperLibSm/nuclearva.stdout:DATA, nuclearva.jl, 352, 168, 0, 318, Min, -1.0136900064389964, -1.0136900064389964, Optimal, 53.6081748008728
./configs/juniper-ipopt-glpk/JuniperLibSm/blend146.stdout:DATA, blend146.jl, 223, 87, 0, 625, Max, 38.65000560887285, 45.72196791453361, UserLimit, 3600.274438858032
./configs/juniper-ipopt-glpk/JuniperLibSm/sfacloc1_2_80.stdout:DATA, sfacloc1_2_80.jl, 232, 62, 0, 2089, Min, 12.752053257353822, 12.752053257353822, Optimal, 19.322028160095215
./configs/juniper-ipopt-glpk/JuniperLibSm/ndcc13persp.stdout:DATA, ndcc13persp.jl, 673, 42, 0, 297, Min, NaN, 80.44283900373665, UserLimit, 3618.640144109726
./configs/juniper-ipopt-glpk/JuniperLibSm/multiplants_mtg1a.stdout:DATA, multiplants_mtg1a.jl, 194, 93, 0, 257, Max, 391.61353492475024, 391.61356918754785, Optimal, 930.299702167511
./configs/juniper-ipopt-glpk/JuniperLibSm/CLay0305H.stdout:DATA, CLay0305H.jl, 276, 55, 0, 396, Min, 8092.499850454574, 8092.499850454574, Optimal, 2907.836266040802
./configs/juniper-ipopt-glpk/JuniperLibSm/fo9_ar5_1.stdout:DATA, fo9_ar5_1.jl, 181, 0, 72, 436, Min, NaN, 16.65777922767071, UserLimit, 3600.1129899024963
./configs/juniper-ipopt-glpk/JuniperLibSm/crudeoil_lee4_10.stdout:DATA, crudeoil_lee4_10.jl, 3911, 190, 0, 8702, Max, NaN, NaN, UserLimit, 6378.443148136139
./configs/juniper-ipopt-glpk/JuniperLibSm/wastepaper4.stdout:DATA, wastepaper4.jl, 77, 44, 0, 39, Min, 0.0034791707953404417, 0.0034791707953404417, Optimal, 3.8921799659729004
./configs/juniper-ipopt-glpk/JuniperLibSm/transswitch0014p.stdout:DATA, transswitch0014p.jl, 139, 20, 0, 278, Min, 8082.581681729161, 8082.301045202543, Optimal, 1.3693089485168457
./configs/juniper-ipopt-glpk/JuniperLibSm/transswitch0118r.stdout:DATA, transswitch0118r.jl, 1240, 179, 0, 1764, Min, 130045.5631708964, 130045.5631708964, Optimal, 180.65588092803955
./configs/juniper-ipopt-glpk/JuniperLibSm/eg_int_s.stdout:DATA, eg_int_s.jl, 8, 0, 3, 28, Min, 6.453102885012206, 6.453102885012206, Optimal, 5.954837083816528
./configs/juniper-ipopt-glpk/JuniperLibSm/nuclearvc.stdout:DATA, nuclearvc.jl, 352, 168, 0, 318, Min, -0.9998951089611973, -0.9998949856726698, Optimal, 1.5098907947540283
./configs/juniper-ipopt-glpk/JuniperLibSm/nuclearvf.stdout:DATA, nuclearvf.jl, 352, 168, 0, 318, Min, -1.0218982114746356, -1.0218982114746356, Optimal, 101.69686794281006
./configs/juniper-ipopt-glpk/JuniperLibSm/fo8.stdout:DATA, fo8.jl, 147, 56, 0, 274, Min, NaN, 11.706942289539514, UserLimit, 3600.021567106247
./configs/juniper-ipopt-glpk/JuniperLibSm/ex1233.stdout:DATA, ex1233.jl, 53, 12, 0, 65, Min, 155010.671249535, 155010.671249535, Optimal, 2.295006036758423
./configs/juniper-ipopt-glpk/JuniperLibSm/sssd25-08persp.stdout:DATA, sssd25-08persp.jl, 257, 224, 0, 90, Min, 0, NaN, Infeasible, 2.052168130874634
./configs/juniper-ipopt-glpk/JuniperLibSm/supplychainr1_022020.stdout:DATA, supplychainr1_022020.jl, 1441, 460, 0, 1841, Min, NaN, NaN, UserLimit, 106.98454809188843
./configs/juniper-ipopt-glpk/JuniperLibSm/fo9_ar4_1.stdout:DATA, fo9_ar4_1.jl, 181, 0, 72, 436, Min, NaN, 18.450029542299674, UserLimit, 3600.047749042511
./configs/juniper-ipopt-glpk/JuniperLibSm/procurement1large.stdout:DATA, procurement1large.jl, 7177, 400, 0, 6055, Max, NaN, 3870.2576779040946, UserLimit, 3601.436099052429
./configs/juniper-ipopt-glpk/JuniperLibSm/blend852.stdout:DATA, blend852.jl, 305, 120, 0, 861, Max, 53.96270125309064, 53.96801377247328, Optimal, 3429.594712972641
./configs/juniper-ipopt-glpk/JuniperLibSm/crudeoil_lee3_09.stdout:DATA, crudeoil_lee3_09.jl, 2305, 126, 0, 5181, Max, NaN, NaN, UserLimit, 4933.002410888672
./configs/juniper-ipopt-glpk/JuniperLibSm/fo8_ar25_1.stdout:DATA, fo8_ar25_1.jl, 145, 0, 56, 348, Min, NaN, 21.52646670938645, UserLimit, 3600.0721459388733
./configs/juniper-ipopt-glpk/JuniperLibSm/transswitch0030p.stdout:DATA, transswitch0030p.jl, 278, 41, 0, 556, Min, 573.9181315228445, 573.9181313391466, Optimal, 2.8352839946746826
./configs/juniper-ipopt-glpk/JuniperLibSm/crossdock_15x7.stdout:DATA, crossdock_15x7.jl, 211, 210, 0, 45, Min, 14682.0, 14399.754436041043, UserLimit, 3600.2147238254547
./configs/juniper-ipopt-glpk/JuniperLibSm/portfol_shortfall100_04.stdout:DATA, portfol_shortfall100_04.jl, 405, 101, 0, 308, Min, -1.1178789799389548, -1.1198218224615912, UserLimit, 3600.198799133301
./configs/juniper-ipopt-glpk/JuniperLibSm/cecil_13.stdout:DATA, cecil_13.jl, 841, 180, 0, 899, Min, -115656.50007682409, -115824.16488791286, UserLimit, 3600.0287249088287
./configs/juniper-ipopt-glpk/JuniperLibSm/eg_disc2_s.stdout:DATA, eg_disc2_s.jl, 8, 0, 3, 28, Min, 5.93326877115948, 5.933236241253049, Optimal, 4.8111090660095215
./configs/juniper-ipopt-glpk/JuniperLibSm/carton9.stdout:DATA, carton9.jl, 361, 216, 72, 894, Min, NaN, 101.87514338577184, UserLimit, 3600.005768060684
./configs/juniper-ipopt-glpk/JuniperLibSm/netmod_dol1.stdout:DATA, netmod_dol1.jl, 1999, 462, 0, 3138, Min, NaN, -0.6206346831490198, UserLimit, 3600.2655420303345
./configs/juniper-ipopt-glpk/JuniperLibSm/blend480.stdout:DATA, blend480.jl, 313, 124, 0, 885, Max, 4.479274426771799, 9.814601494237053, UserLimit, 3600.358241081238
./configs/juniper-ipopt-glpk/JuniperLibSm/waterno2_18.stdout:DATA, waterno2_18.jl, 2989, 162, 0, 3707, Min, NaN, 1290.4770665042524, UserLimit, 3600.748503923416
./configs/juniper-ipopt-glpk/JuniperLibSm/FLay05M.stdout:DATA, FLay05M.jl, 63, 40, 0, 66, Min, 64.49806174547926, 64.49508465984259, Optimal, 1342.5576288700104
