./solvers/juniper/JuniperLibSm/crudeoil_li11.stdout:DATA, crudeoil_li11.jl, 1178, 180, 0, 3506, Max, NaN, 4744.616793911242, UserLimit, 3603.7606461048126
./solvers/juniper/JuniperLibSm/nuclear49a.stdout:DATA, nuclear49a.jl, 3342, 2450, 0, 1432, Min, -1.1515062524760926, -1.1515000329309726, Optimal, 64.66291499137878
./solvers/juniper/JuniperLibSm/sfacloc2_4_80.stdout:DATA, sfacloc2_4_80.jl, 401, 122, 0, 2372, Min, 11.294441967837017, 9.211429713013484, UserLimit, 3600.0266671180725
./solvers/juniper/JuniperLibSm/FLay06M.stdout:DATA, FLay06M.jl, 87, 60, 0, 94, Min, 66.93279556538376, 60.72278851515589, UserLimit, 3600.0493190288544
./solvers/juniper/JuniperLibSm/sssd12-05.stdout:DATA, sssd12-05.jl, 96, 75, 0, 53, Min, 281408.6037803432, 281407.83994148555, Optimal, 69.966068983078
./solvers/juniper/JuniperLibSm/sssd20-04.stdout:DATA, sssd20-04.jl, 109, 92, 0, 53, Min, 347691.36842039035, 347691.36842039035, Optimal, 27.992794036865234
./solvers/juniper/JuniperLibSm/edgecross14-039.stdout:DATA, edgecross14-039.jl, 183, 80, 0, 1457, Min, 113.9999952571122, 113.99999337336922, Optimal, 2.7211668491363525
./solvers/juniper/JuniperLibSm/squfl025-040persp.stdout:DATA, squfl025-040persp.jl, 2026, 25, 0, 2041, Min, 197.3335774992797, 197.3335774992797, Optimal, 111.31064081192017
./solvers/juniper/JuniperLibSm/oil2.stdout:DATA, oil2.jl, 937, 2, 0, 927, Min, -0.7332600156032035, -0.7332600156032035, Optimal, 15.071764945983887
./solvers/juniper/JuniperLibSm/waterno2_09.stdout:DATA, waterno2_09.jl, 1495, 81, 0, 1853, Min, 1168.7426035190633, 314.3591365426805, UserLimit, 3600.480817079544
./solvers/juniper/JuniperLibSm/fo7.stdout:DATA, fo7.jl, 115, 42, 0, 212, Min, 34.83571569246082, 15.56038269263828, UserLimit, 3600.0191190242767
./solvers/juniper/JuniperLibSm/hvb11.stdout:DATA, hvb11.jl, 9818, 9537, 0, 10252, Min, 46961.99999911503, 46961.98951753498, Optimal, 1570.5108258724213
./solvers/juniper/JuniperLibSm/sssd22-08persp.stdout:DATA, sssd22-08persp.jl, 233, 200, 0, 87, Min, 4.857963065961409e6, 4.857963065961409e6, Optimal, 4.8961169719696045
./solvers/juniper/JuniperLibSm/var_con10.stdout:DATA, var_con10.jl, 574, 12, 0, 465, Min, 444.2137870850568, 444.20044188627776, Optimal, 10.199676990509033
./solvers/juniper/JuniperLibSm/crudeoil_li03.stdout:DATA, crudeoil_li03.jl, 965, 132, 0, 2443, Max, NaN, NaN, UserLimit, 112.33154702186584
./solvers/juniper/JuniperLibSm/FLay06H.stdout:DATA, FLay06H.jl, 567, 60, 0, 694, Min, 66.93280228497889, 59.024054509623895, UserLimit, 3600.012612104416
./solvers/juniper/JuniperLibSm/waterno2_03.stdout:DATA, waterno2_03.jl, 499, 27, 0, 617, Min, 115.00442904188996, 115.00442904188996, Optimal, 130.29490208625793
./solvers/juniper/JuniperLibSm/hydroenergy1.stdout:DATA, hydroenergy1.jl, 289, 96, 0, 429, Max, 209721.01386680562, 209721.01386680562, Optimal, 7.005407094955444
./solvers/juniper/JuniperLibSm/tln7.stdout:DATA, tln7.jl, 64, 7, 56, 43, Min, NaN, 13.845637108985313, UserLimit, 3600.0169320106506
./solvers/juniper/JuniperLibSm/crudeoil_lee2_09.stdout:DATA, crudeoil_lee2_09.jl, 2080, 126, 0, 4828, Max, NaN, NaN, UserLimit, 3212.206825017929
./solvers/juniper/JuniperLibSm/kport20.stdout:DATA, kport20.jl, 102, 2, 38, 28, Min, 31.809297885444668, 31.80929737141404, Optimal, 911.2060029506683
./solvers/juniper/JuniperLibSm/nuclear14.stdout:DATA, nuclear14.jl, 1563, 576, 0, 1227, Min, -1.1296284894061193, -1.1296281984798378, Optimal, 17.693312883377075
./solvers/juniper/JuniperLibSm/edgecross10-080.stdout:DATA, edgecross10-080.jl, 91, 74, 0, 481, Min, 1041.9999980073849, 1041.9999907377999, Optimal, 1.9469799995422363
./solvers/juniper/JuniperLibSm/sssd18-06persp.stdout:DATA, sssd18-06persp.jl, 151, 126, 0, 67, Min, 0, NaN, Infeasible, 2.4696221351623535
./solvers/juniper/JuniperLibSm/tspn08.stdout:DATA, tspn08.jl, 45, 28, 0, 19, Min, 290.56684767323907, 0.0, Optimal, 2.019860029220581
./solvers/juniper/JuniperLibSm/squfl025-025.stdout:DATA, squfl025-025.jl, 651, 25, 0, 651, Min, 168.80717835690118, 168.80717835690118, Optimal, 21.039845943450928
./solvers/juniper/JuniperLibSm/sssd20-08persp.stdout:DATA, sssd20-08persp.jl, 217, 184, 0, 85, Min, 0, NaN, Infeasible, 3.0826990604400635
./solvers/juniper/JuniperLibSm/crudeoil_pooling_ct2.stdout:DATA, crudeoil_pooling_ct2.jl, 404, 108, 0, 733, Max, 10246.21999570577, 10246.220000416692, Optimal, 628.1489751338959
./solvers/juniper/JuniperLibSm/multiplants_stg1a.stdout:DATA, multiplants_stg1a.jl, 424, 216, 0, 250, Max, 362.5399682150662, 395.5719157658811, UserLimit, 3604.7936708927155
./solvers/juniper/JuniperLibSm/squfl030-150persp.stdout:DATA, squfl030-150persp.jl, 9031, 30, 0, 9151, Min, 430.5753126193894, 430.5753126193894, Optimal, 339.1210958957672
./solvers/juniper/JuniperLibSm/sssd18-08.stdout:DATA, sssd18-08.jl, 201, 168, 0, 83, Min, 862176.7722511629, 832074.2636159217, UserLimit, 3600.025309085846
./solvers/juniper/JuniperLibSm/transswitch0014r.stdout:DATA, transswitch0014r.jl, 139, 20, 0, 198, Min, 8082.581685533367, 8082.301049032616, Optimal, 19.097486972808838
./solvers/juniper/JuniperLibSm/ndcc14.stdout:DATA, ndcc14.jl, 865, 54, 0, 306, Min, 113.66696657300001, 64.79203118644503, UserLimit, 3606.2490842342377
./solvers/juniper/JuniperLibSm/chp_partload.stdout:DATA, chp_partload.jl, 2249, 45, 0, 2517, Min, NaN, 20.375593189195186, UserLimit, 3601.1637971401215
./solvers/juniper/JuniperLibSm/graphpart_clique-50.stdout:DATA, graphpart_clique-50.jl, 151, 150, 0, 51, Min, 2312.0, 2311.9997999919674, Optimal, 2.599792957305908
./solvers/juniper/JuniperLibSm/tspn05.stdout:DATA, tspn05.jl, 21, 10, 0, 11, Min, 191.25520715648022, 0.0, Optimal, 1.7272660732269287
./solvers/juniper/JuniperLibSm/procurement1mot.stdout:DATA, procurement1mot.jl, 785, 60, 0, 750, Max, 291.5416606667603, 291.5665657858038, Optimal, 1031.7894639968872
./solvers/juniper/JuniperLibSm/multiplants_stg1.stdout:DATA, multiplants_stg1.jl, 415, 198, 0, 262, Max, 287.32716318058647, 471.91267181097265, UserLimit, 3600.1990010738373
./solvers/juniper/JuniperLibSm/multiplants_mtg5.stdout:DATA, multiplants_mtg5.jl, 191, 78, 0, 309, Max, 5924.649350953524, 5925.223313295976, Optimal, 3197.1382899284363
./solvers/juniper/JuniperLibSm/sssd15-04.stdout:DATA, sssd15-04.jl, 89, 72, 0, 48, Min, 205054.43457382312, 205054.43063709972, Optimal, 12.58145809173584
./solvers/juniper/JuniperLibSm/genpooling_meyer04.stdout:DATA, genpooling_meyer04.jl, 119, 55, 0, 142, Min, 1.3687577071070585e6, 1.3687577071070585e6, Optimal, 44.5151641368866
./solvers/juniper/JuniperLibSm/fo9.stdout:DATA, fo9.jl, 183, 72, 0, 344, Min, NaN, 8.599999411680303, UserLimit, 3600.0019249916077
./solvers/juniper/JuniperLibSm/graphpart_3g-0444-0444.stdout:DATA, graphpart_3g-0444-0444.jl, 193, 192, 0, 65, Min, -7.51282024489064e6, 0.0, Optimal, 1.787693977355957
./solvers/juniper/JuniperLibSm/tspn15.stdout:DATA, tspn15.jl, 136, 105, 0, 35, Min, 334.291506595238, 0.0, Optimal, 5.03885817527771
./solvers/juniper/JuniperLibSm/heatexch_gen3.stdout:DATA, heatexch_gen3.jl, 581, 60, 0, 511, Min, 100940.74001634942, 100940.74001634942, Optimal, 758.4947321414948
./solvers/juniper/JuniperLibSm/product.stdout:DATA, product.jl, 1554, 107, 0, 1926, Min, -2139.840963690486, -2143.4046506177, UserLimit, 3600.2224259376526
./solvers/juniper/JuniperLibSm/sssd25-04persp.stdout:DATA, sssd25-04persp.jl, 129, 112, 0, 58, Min, 0, NaN, Infeasible, 2.3930580615997314
./solvers/juniper/JuniperLibSm/deb10.stdout:DATA, deb10.jl, 183, 22, 0, 130, Min, 209.42773566233973, 209.42773566233973, Optimal, 4.203636169433594
./solvers/juniper/JuniperLibSm/hydroenergy3.stdout:DATA, hydroenergy3.jl, 1009, 336, 0, 1499, Max, 744955.270053788, 744965.0797164897, Optimal, 64.98616194725037
./solvers/juniper/JuniperLibSm/space25.stdout:DATA, space25.jl, 894, 750, 0, 236, Min, 484.32864342437637, 484.32864342437637, Optimal, 171.5776081085205
./solvers/juniper/JuniperLibSm/chp_shorttermplan1b.stdout:DATA, chp_shorttermplan1b.jl, 1681, 288, 0, 3851, Min, 262.2263622704141, 262.2263622704141, Optimal, 139.4068169593811
./solvers/juniper/JuniperLibSm/crudeoil_lee4_08.stdout:DATA, crudeoil_lee4_08.jl, 3129, 152, 0, 6858, Max, NaN, NaN, UserLimit, 4457.291462182999
./solvers/juniper/JuniperLibSm/supplychainr1_053050.stdout:DATA, supplychainr1_053050.jl, 5151, 1680, 0, 6581, Min, NaN, NaN, UserLimit, 129.44021701812744
./solvers/juniper/JuniperLibSm/crudeoil_pooling_ct4.stdout:DATA, crudeoil_pooling_ct4.jl, 534, 138, 0, 925, Max, 13258.268816310085, 13258.268823702892, Optimal, 1556.8410799503326
./solvers/juniper/JuniperLibSm/sfacloc1_2_95.stdout:DATA, sfacloc1_2_95.jl, 172, 9, 0, 209, Min, 18.850070175437857, 18.85007016792896, Optimal, 3.098701000213623
./solvers/juniper/JuniperLibSm/o7_2.stdout:DATA, o7_2.jl, 115, 42, 0, 212, Min, 174.23135331661666, 58.47966959062637, UserLimit, 3600.052453994751
./solvers/juniper/JuniperLibSm/edgecross10-060.stdout:DATA, edgecross10-060.jl, 91, 44, 0, 481, Min, 458.9999901023276, 0.0, Optimal, 1.873021125793457
./solvers/juniper/JuniperLibSm/super3t.stdout:DATA, super3t.jl, 1056, 44, 0, 1343, Min, -0.6364381275052289, -0.9015399849714972, UserLimit, 3601.146688938141
./solvers/juniper/JuniperLibSm/4stufen.stdout:DATA, 4stufen.jl, 150, 48, 0, 99, Min, NaN, NaN, UserLimit, 16.3871910572052
./solvers/juniper/JuniperLibSm/portfol_shortfall200_05.stdout:DATA, portfol_shortfall200_05.jl, 805, 201, 0, 608, Min, -1.091334908289339, -1.1441480821973398, UserLimit, 3601.198627948761
./solvers/juniper/JuniperLibSm/squfl025-040.stdout:DATA, squfl025-040.jl, 1026, 25, 0, 1041, Min, 197.33383429785118, 197.31723093993568, Optimal, 147.7743740081787
./solvers/juniper/JuniperLibSm/crudeoil_lee2_10.stdout:DATA, crudeoil_lee2_10.jl, 2311, 140, 0, 5432, Max, NaN, NaN, UserLimit, 3843.3764271736145
./solvers/juniper/JuniperLibSm/o7_ar4_1.stdout:DATA, o7_ar4_1.jl, 113, 0, 42, 270, Min, 188.2284674943966, 87.09822256288594, UserLimit, 3600.022047996521
./solvers/juniper/JuniperLibSm/tls5.stdout:DATA, tls5.jl, 162, 131, 5, 91, Min, NaN, 6.270826973894018, UserLimit, 3600.062294960022
./solvers/juniper/JuniperLibSm/ndcc16.stdout:DATA, ndcc16.jl, 1081, 60, 0, 378, Min, 115.52009792599999, 64.42546480370679, UserLimit, 3600.9541778564453
./solvers/juniper/JuniperLibSm/heatexch_spec1.stdout:DATA, heatexch_spec1.jl, 57, 12, 0, 65, Min, 154997.32922567436, 154997.32922567436, Optimal, 3.050869941711426
./solvers/juniper/JuniperLibSm/multiplants_mtg6.stdout:DATA, multiplants_mtg6.jl, 350, 176, 0, 481, Max, 5047.74417918971, 5331.020831609256, UserLimit, 3603.7568550109863
./solvers/juniper/JuniperLibSm/tls7.stdout:DATA, tls7.jl, 346, 289, 7, 155, Min, NaN, 3.7749999113971655, UserLimit, 3600.0295741558075
./solvers/juniper/JuniperLibSm/transswitch0009p.stdout:DATA, transswitch0009p.jl, 70, 9, 0, 140, Min, 5296.686202386669, 5296.686201340327, Optimal, 3.1493098735809326
./solvers/juniper/JuniperLibSm/watercontamination0202r.stdout:DATA, watercontamination0202r.jl, 196, 7, 0, 284, Min, 97.9044323348775, 97.9044323348775, Optimal, 29.72791886329651
./solvers/juniper/JuniperLibSm/edgecross24-057.stdout:DATA, edgecross24-057.jl, 553, 552, 0, 8097, Min, 179.99999999250593, 179.99998453698404, Optimal, 18.603235960006714
./solvers/juniper/JuniperLibSm/multiplants_mtg2.stdout:DATA, multiplants_mtg2.jl, 230, 112, 0, 307, Max, 7099.186262692426, 7099.882159701203, Optimal, 1745.140634059906
./solvers/juniper/JuniperLibSm/hydroenergy2.stdout:DATA, hydroenergy2.jl, 577, 192, 0, 857, Max, 371811.87630132353, 371811.87630132353, Optimal, 41.62624716758728
./solvers/juniper/JuniperLibSm/heatexch_gen2.stdout:DATA, heatexch_gen2.jl, 149, 16, 0, 167, Min, 841019.2595156721, 841019.2595156721, Optimal, 34.46658277511597
./solvers/juniper/JuniperLibSm/waterno2_24.stdout:DATA, waterno2_24.jl, 3985, 216, 0, 4943, Min, NaN, 1527.9721531230603, UserLimit, 3600.4219179153442
./solvers/juniper/JuniperLibSm/sssd18-08persp.stdout:DATA, sssd18-08persp.jl, 201, 168, 0, 83, Min, 0, NaN, Infeasible, 2.8254759311676025
./solvers/juniper/JuniperLibSm/crudeoil_lee3_06.stdout:DATA, crudeoil_lee3_06.jl, 1537, 84, 0, 3360, Max, NaN, 90.61012000445963, UserLimit, 3763.435982942581
./solvers/juniper/JuniperLibSm/squfl020-150persp.stdout:DATA, squfl020-150persp.jl, 6021, 20, 0, 6151, Min, 557.8478238162107, 557.8478238162107, Optimal, 172.98600816726685
./solvers/juniper/JuniperLibSm/crossdock_15x8.stdout:DATA, crossdock_15x8.jl, 241, 240, 0, 47, Min, 16148.0, 15448.405301403138, UserLimit, 3600.003264904022
./solvers/juniper/JuniperLibSm/fo9_ar3_1.stdout:DATA, fo9_ar3_1.jl, 181, 0, 72, 436, Min, 53.25837652589484, 19.52635839110853, UserLimit, 3600.0448880195618
./solvers/juniper/JuniperLibSm/multiplants_stg1b.stdout:DATA, multiplants_stg1b.jl, 476, 243, 0, 280, Max, 467.6781416769434, 521.9511363623295, UserLimit, 3600.671481847763
./solvers/juniper/JuniperLibSm/tspn10.stdout:DATA, tspn10.jl, 66, 45, 0, 22, Min, 225.47372956548202, 0.0, Optimal, 1.7845420837402344
./solvers/juniper/JuniperLibSm/graphpart_3pm-0334-0334.stdout:DATA, graphpart_3pm-0334-0334.jl, 109, 108, 0, 37, Min, -36.00000121550089, -36.00000121550089, Optimal, 9.979275941848755
./solvers/juniper/JuniperLibSm/sssd25-04.stdout:DATA, sssd25-04.jl, 129, 112, 0, 58, Min, 300176.5280445456, 300176.5280445456, Optimal, 34.26457619667053
./solvers/juniper/JuniperLibSm/edgecross10-070.stdout:DATA, edgecross10-070.jl, 91, 90, 0, 481, Min, 716.9999897620929, 0.0, Optimal, 1.7754089832305908
./solvers/juniper/JuniperLibSm/sssd15-08persp.stdout:DATA, sssd15-08persp.jl, 177, 144, 0, 80, Min, 0, NaN, Infeasible, 2.60880708694458
./solvers/juniper/JuniperLibSm/nuclearve.stdout:DATA, nuclearve.jl, 352, 168, 0, 318, Min, -1.0282124626024476, -1.0282458403469663, Optimal, 2.991899013519287
./solvers/juniper/JuniperLibSm/sssd15-08.stdout:DATA, sssd15-08.jl, 177, 144, 0, 80, Min, 666047.2982918331, 562222.0770313556, UserLimit, 3600.025421857834
./solvers/juniper/JuniperLibSm/ndcc15persp.stdout:DATA, ndcc15persp.jl, 721, 40, 0, 347, Min, 94.61120709800004, 94.6033778007949, Optimal, 92.21999597549438
./solvers/juniper/JuniperLibSm/o7_ar25_1.stdout:DATA, o7_ar25_1.jl, 113, 0, 42, 270, Min, 178.36953011149802, 101.57434917665896, UserLimit, 3600.078952074051
./solvers/juniper/JuniperLibSm/routingdelay_bigm.stdout:DATA, routingdelay_bigm.jl, 1124, 396, 0, 2978, Min, 146.62556893697908, 146.62556893203578, Optimal, 208.37968182563782
./solvers/juniper/JuniperLibSm/graphpart_2g-1010-0824.stdout:DATA, graphpart_2g-1010-0824.jl, 301, 300, 0, 101, Min, -6.577088e6, -6.577088268510434e6, Optimal, 2.0300769805908203
./solvers/juniper/JuniperLibSm/nuclear49.stdout:DATA, nuclear49.jl, 5736, 2401, 0, 3874, Min, -1.1513579599872406, -1.1513519404439367, Optimal, 406.10175013542175
./solvers/juniper/JuniperLibSm/graphpart_clique-30.stdout:DATA, graphpart_clique-30.jl, 91, 90, 0, 31, Min, 494.9999575539694, 494.9999575539694, Optimal, 8.70221996307373
./solvers/juniper/JuniperLibSm/waternd2.stdout:DATA, waternd2.jl, 233, 72, 0, 250, Min, 1.0627060583212045e6, 1.0626930047491437e6, Optimal, 30.02215003967285
./solvers/juniper/JuniperLibSm/crudeoil_li05.stdout:DATA, crudeoil_li05.jl, 941, 132, 0, 1917, Max, NaN, 3194.8618495858077, UserLimit, 3603.895922899246
./solvers/juniper/JuniperLibSm/no7_ar4_1.stdout:DATA, no7_ar4_1.jl, 113, 0, 42, 270, Min, 131.69851485960058, 76.97458552713046, UserLimit, 3600.037875890732
./solvers/juniper/JuniperLibSm/crudeoil_pooling_ct3.stdout:DATA, crudeoil_pooling_ct3.jl, 730, 128, 0, 1199, Min, 421535.8491759386, 133194.73133359174, UserLimit, 3611.0071139335632
./solvers/juniper/JuniperLibSm/edgecross14-176.stdout:DATA, edgecross14-176.jl, 183, 182, 0, 1457, Min, 5874.999999992506, 5874.999970186589, Optimal, 2.8005449771881104
./solvers/juniper/JuniperLibSm/sssd15-06persp.stdout:DATA, sssd15-06persp.jl, 133, 108, 0, 64, Min, 0, NaN, Infeasible, 2.3690688610076904
./solvers/juniper/JuniperLibSm/ghg_2veh.stdout:DATA, ghg_2veh.jl, 58, 18, 0, 63, Min, 7.781621735588708, 7.781621686959218, Optimal, 7.258620023727417
./solvers/juniper/JuniperLibSm/crudeoil_li02.stdout:DATA, crudeoil_li02.jl, 1298, 240, 0, 5005, Max, 4.357903483466427e7, 1.0190259405310753e8, UserLimit, 3603.0394179821014
./solvers/juniper/JuniperLibSm/graphpart_3pm-0344-0344.stdout:DATA, graphpart_3pm-0344-0344.jl, 145, 144, 0, 49, Min, -48.000001612116215, -48.000001612116215, Optimal, 15.379962921142578
./solvers/juniper/JuniperLibSm/bchoco08.stdout:DATA, bchoco08.jl, 169, 9, 0, 191, Max, NaN, NaN, UserLimit, 27.94478487968445
./solvers/juniper/JuniperLibSm/graphpart_3pm-0444-0444.stdout:DATA, graphpart_3pm-0444-0444.jl, 193, 192, 0, 65, Min, -65.00000223686611, -65.00000223686611, Optimal, 20.301971912384033
./solvers/juniper/JuniperLibSm/sfacloc1_4_80.stdout:DATA, sfacloc1_4_80.jl, 356, 62, 0, 2235, Min, 8.211492709225729, 8.211492709225729, Optimal, 20.29259991645813
./solvers/juniper/JuniperLibSm/squfl020-150.stdout:DATA, squfl020-150.jl, 3021, 20, 0, 3151, Min, 557.8485786688627, 557.7937565114746, Optimal, 1233.7079501152039
./solvers/juniper/JuniperLibSm/squfl020-040.stdout:DATA, squfl020-040.jl, 821, 20, 0, 841, Min, 209.25484651852003, 209.25484651852003, Optimal, 10.988801002502441
./solvers/juniper/JuniperLibSm/multiplants_mtg1c.stdout:DATA, multiplants_mtg1c.jl, 245, 120, 0, 319, Max, 683.9715056501523, 683.9715713054032, Optimal, 1105.908595085144
./solvers/juniper/JuniperLibSm/o7_ar3_1.stdout:DATA, o7_ar3_1.jl, 113, 0, 42, 270, Min, 181.9995066702247, 94.36792846950699, UserLimit, 3600.028074979782
./solvers/juniper/JuniperLibSm/feedtray.stdout:DATA, feedtray.jl, 98, 7, 0, 92, Min, -13.406005552128235, 0.0, Optimal, 2.929987907409668
./solvers/juniper/JuniperLibSm/crudeoil_pooling_dt4.stdout:DATA, crudeoil_pooling_dt4.jl, 5063, 1326, 0, 7699, Max, NaN, 13414.04669498816, UserLimit, 3668.7796020507812
./solvers/juniper/JuniperLibSm/csched2.stdout:DATA, csched2.jl, 401, 308, 0, 138, Min, -166101.99947992456, -166101.99947992456, Optimal, 97.63617396354675
./solvers/juniper/JuniperLibSm/nuclear14a.stdout:DATA, nuclear14a.jl, 993, 600, 0, 634, Min, -1.1296569517186767, -1.1296554215442933, Optimal, 6.438274145126343
./solvers/juniper/JuniperLibSm/edgecross14-058.stdout:DATA, edgecross14-058.jl, 183, 182, 0, 1457, Min, 352.9999999925058, 352.9999874206795, Optimal, 2.4513540267944336
./solvers/juniper/JuniperLibSm/synheat.stdout:DATA, synheat.jl, 57, 12, 0, 65, Min, 154997.32922567442, 154997.32922567442, Optimal, 2.9934279918670654
./solvers/juniper/JuniperLibSm/nuclear25.stdout:DATA, nuclear25.jl, 1679, 625, 0, 1304, Min, -1.115724619855445, -1.1157448552823739, Optimal, 23.469952821731567
./solvers/juniper/JuniperLibSm/crudeoil_lee3_10.stdout:DATA, crudeoil_lee3_10.jl, 2561, 140, 0, 5822, Max, NaN, NaN, UserLimit, 4526.154871940613
./solvers/juniper/JuniperLibSm/heatexch_spec2.stdout:DATA, heatexch_spec2.jl, 77, 16, 0, 91, Min, 634976.3196236102, 634976.3196236102, Optimal, 5.52649188041687
./solvers/juniper/JuniperLibSm/transswitch0118p.stdout:DATA, transswitch0118p.jl, 1240, 179, 0, 2480, Min, 129467.74661034113, 129456.09238361781, Optimal, 5.706861972808838
./solvers/juniper/JuniperLibSm/watercontamination0303r.stdout:DATA, watercontamination0303r.jl, 385, 14, 0, 557, Min, 424.54398399232434, 424.54398399232434, Optimal, 1506.6743540763855
./solvers/juniper/JuniperLibSm/nuclear10b.stdout:DATA, nuclear10b.jl, 23827, 10920, 0, 24972, Min, NaN, -1.1942802366703118, UserLimit, 3638.4635350704193
./solvers/juniper/JuniperLibSm/gasnet_al1.stdout:DATA, gasnet_al1.jl, 725, 136, 0, 831, Min, 0, NaN, Infeasible, 26.930710077285767
./solvers/juniper/JuniperLibSm/space960.stdout:DATA, space960.jl, 5538, 0, 960, 6498, Min, NaN, 7.623513214145333e6, UserLimit, 3600.5661759376526
./solvers/juniper/JuniperLibSm/crudeoil_pooling_ct1.stdout:DATA, crudeoil_pooling_ct1.jl, 311, 80, 0, 566, Min, 241763.99650218652, 178470.4776614929, UserLimit, 3600.4217779636383
./solvers/juniper/JuniperLibSm/ibs2.stdout:DATA, ibs2.jl, 3011, 1500, 0, 1822, Min, NaN, 4.446594106016692, UserLimit, 3600.5267939567566
./solvers/juniper/JuniperLibSm/nuclear25b.stdout:DATA, nuclear25b.jl, 1684, 650, 0, 1910, Min, -1.0728094513980875, -1.1688796420831904, UserLimit, 3601.010396003723
./solvers/juniper/JuniperLibSm/genpooling_meyer15.stdout:DATA, genpooling_meyer15.jl, 735, 352, 0, 769, Min, 943734.0160732376, 943734.0160732376, Optimal, 107.90695691108704
./solvers/juniper/JuniperLibSm/gastrans582_warm15.stdout:DATA, gastrans582_warm15.jl, 2187, 0, 250, 3733, Min, 0, 0.0, Infeasible, 218.37412810325623
./solvers/juniper/JuniperLibSm/sfacloc1_2_90.stdout:DATA, sfacloc1_2_90.jl, 200, 30, 0, 349, Min, 17.89154250275158, 17.89154250275158, Optimal, 3.5019900798797607
./solvers/juniper/JuniperLibSm/heatexch_spec3.stdout:DATA, heatexch_spec3.jl, 261, 60, 0, 251, Min, NaN, NaN, UserLimit, 34.3193359375
./solvers/juniper/JuniperLibSm/squfl020-050.stdout:DATA, squfl020-050.jl, 1021, 20, 0, 1051, Min, 230.20211501901917, 230.20211501901917, Optimal, 42.75410294532776
./solvers/juniper/JuniperLibSm/sssd15-04persp.stdout:DATA, sssd15-04persp.jl, 89, 72, 0, 48, Min, 0, NaN, Infeasible, 2.374501943588257
./solvers/juniper/JuniperLibSm/eg_disc_s.stdout:DATA, eg_disc_s.jl, 8, 0, 4, 28, Min, 6.8390432846127895, 6.8390432846127895, Optimal, 19.452344179153442
./solvers/juniper/JuniperLibSm/edgecross20-040.stdout:DATA, edgecross20-040.jl, 381, 380, 0, 4561, Min, 56.999999992505906, 56.99999258916764, Optimal, 6.0671491622924805
./solvers/juniper/JuniperLibSm/sssd20-04persp.stdout:DATA, sssd20-04persp.jl, 109, 92, 0, 53, Min, 0, NaN, Infeasible, 2.4902379512786865
./solvers/juniper/JuniperLibSm/sfacloc1_3_80.stdout:DATA, sfacloc1_3_80.jl, 294, 62, 0, 2162, Min, 8.608684635240008, 8.608684635240008, Optimal, 15.178062915802002
./solvers/juniper/JuniperLibSm/fo9_ar25_1.stdout:DATA, fo9_ar25_1.jl, 181, 0, 72, 436, Min, NaN, 22.748840484888447, UserLimit, 3600.00683093071
./solvers/juniper/JuniperLibSm/fo8_ar4_1.stdout:DATA, fo8_ar4_1.jl, 145, 0, 56, 348, Min, 44.89221808998423, 19.12707540559665, UserLimit, 3600.0524599552155
./solvers/juniper/JuniperLibSm/gams01.stdout:DATA, gams01.jl, 146, 110, 0, 1269, Min, 29084.775989348826, 1487.8061539942498, UserLimit, 3600.303046941757
./solvers/juniper/JuniperLibSm/crudeoil_li06.stdout:DATA, crudeoil_li06.jl, 965, 132, 0, 2437, Max, NaN, 3364.31677140375, UserLimit, 3602.380584001541
./solvers/juniper/JuniperLibSm/gasprod_sarawak16.stdout:DATA, gasprod_sarawak16.jl, 1527, 38, 0, 2253, Min, -32271.21853707789, -32271.21853707789, Optimal, 58.29061794281006
./solvers/juniper/JuniperLibSm/routingdelay_proj.stdout:DATA, routingdelay_proj.jl, 1124, 396, 0, 2978, Min, 146.63726897593978, 146.62294561111378, Optimal, 522.9094700813293
./solvers/juniper/JuniperLibSm/waterno2_12.stdout:DATA, waterno2_12.jl, 1993, 108, 0, 2471, Min, 2826.648872671262, 707.4304445011662, UserLimit, 3600.430648803711
./solvers/juniper/JuniperLibSm/sssd20-08.stdout:DATA, sssd20-08.jl, 217, 184, 0, 85, Min, 489246.40077149705, 469474.9705109364, UserLimit, 3600.0005819797516
./solvers/juniper/JuniperLibSm/graphpart_2g-0099-9211.stdout:DATA, graphpart_2g-0099-9211.jl, 244, 243, 0, 82, Min, -5.031205201331526e6, -5.031205201331526e6, Optimal, 9.990921020507812
./solvers/juniper/JuniperLibSm/crudeoil_pooling_dt1.stdout:DATA, crudeoil_pooling_dt1.jl, 3713, 916, 0, 5779, Min, NaN, 145185.29693129548, UserLimit, 3601.9086849689484
./solvers/juniper/JuniperLibSm/sssd15-06.stdout:DATA, sssd15-06.jl, 133, 108, 0, 64, Min, 539644.6263682839, 539630.1435745219, Optimal, 1634.9759559631348
./solvers/juniper/JuniperLibSm/o7_ar2_1.stdout:DATA, o7_ar2_1.jl, 113, 0, 42, 270, Min, 176.37905404014492, 105.3844495311519, UserLimit, 3600.0194301605225
./solvers/juniper/JuniperLibSm/sssd22-08.stdout:DATA, sssd22-08.jl, 233, 200, 0, 87, Min, 533585.2335959207, 508474.66830592224, UserLimit, 3600.0127849578857
./solvers/juniper/JuniperLibSm/squfl040-080.stdout:DATA, squfl040-080.jl, 3241, 40, 0, 3281, Min, 263.8990723106604, 263.87282071417474, Optimal, 3368.463587999344
./solvers/juniper/JuniperLibSm/waste.stdout:DATA, waste.jl, 2485, 400, 0, 1992, Min, NaN, 526.5531186862102, UserLimit, 3603.1538548469543
./solvers/juniper/JuniperLibSm/transswitch0030r.stdout:DATA, transswitch0030r.jl, 278, 41, 0, 392, Min, 573.9181314383658, 573.9181314383658, Optimal, 30.863588094711304
./solvers/juniper/JuniperLibSm/supplychainp1_022020.stdout:DATA, supplychainp1_022020.jl, 2941, 460, 0, 5301, Min, 2.9969009563431065e6, 2.9969009563431065e6, Optimal, 30.708781003952026
./solvers/juniper/JuniperLibSm/portfol_classical200_2.stdout:DATA, portfol_classical200_2.jl, 601, 200, 0, 404, Min, -0.10754666835292614, -0.11942053592482525, UserLimit, 3600.496104955673
./solvers/juniper/JuniperLibSm/ndcc15.stdout:DATA, ndcc15.jl, 681, 40, 0, 307, Min, 94.61120709800004, 94.61120709800004, Optimal, 587.8141610622406
./solvers/juniper/JuniperLibSm/crudeoil_lee3_08.stdout:DATA, crudeoil_lee3_08.jl, 2049, 112, 0, 4557, Max, NaN, NaN, UserLimit, 3695.6494641304016
./solvers/juniper/JuniperLibSm/nuclearvb.stdout:DATA, nuclearvb.jl, 352, 168, 0, 318, Min, -1.0261079942383726, -1.0261079942383726, Optimal, 81.94827890396118
./solvers/juniper/JuniperLibSm/SLay08H.stdout:DATA, SLay08H.jl, 633, 112, 0, 813, Min, 84960.21215773227, 84960.21215773224, Optimal, 45.62876605987549
./solvers/juniper/JuniperLibSm/SLay10H.stdout:DATA, SLay10H.jl, 1011, 180, 0, 1306, Min, 129579.88309039584, 129579.88309039574, Optimal, 574.0155341625214
./solvers/juniper/JuniperLibSm/telecomsp_pacbell.stdout:DATA, telecomsp_pacbell.jl, 3571, 3528, 0, 2941, Min, NaN, 275748.7783514828, UserLimit, 4856.568626880646
./solvers/juniper/JuniperLibSm/portfol_robust200_03.stdout:DATA, portfol_robust200_03.jl, 804, 201, 0, 607, Min, -9.58835215552584e-9, -0.13511507174279908, UserLimit, 3600.86168718338
./solvers/juniper/JuniperLibSm/space25a.stdout:DATA, space25a.jl, 384, 240, 0, 202, Min, 484.32864357539074, 484.30131721671734, Optimal, 24.493499994277954
./solvers/juniper/JuniperLibSm/kport40.stdout:DATA, kport40.jl, 268, 3, 111, 49, Min, 43.814991112716626, 36.90113791777625, UserLimit, 3600.057844877243
./solvers/juniper/JuniperLibSm/sssd25-08.stdout:DATA, sssd25-08.jl, 257, 224, 0, 90, Min, 482004.25324912404, 471788.2740241249, UserLimit, 3600.0599398612976
./solvers/juniper/JuniperLibSm/wastepaper5.stdout:DATA, wastepaper5.jl, 105, 65, 0, 47, Min, 0.0009394873371897153, 0.0009394873371897153, Optimal, 54.728452920913696
./solvers/juniper/JuniperLibSm/crudeoil_li21.stdout:DATA, crudeoil_li21.jl, 1349, 216, 0, 4682, Max, NaN, 4844.371313081121, UserLimit, 3613.934688091278
./solvers/juniper/JuniperLibSm/sfacloc1_4_90.stdout:DATA, sfacloc1_4_90.jl, 324, 30, 0, 495, Min, 10.54473674840106, 10.54473674840106, Optimal, 5.945195198059082
./solvers/juniper/JuniperLibSm/crudeoil_pooling_dt3.stdout:DATA, crudeoil_pooling_dt3.jl, 9434, 1638, 0, 13835, Min, NaN, 126115.22276041134, UserLimit, 3730.4725959300995
./solvers/juniper/JuniperLibSm/waterno2_06.stdout:DATA, waterno2_06.jl, 997, 54, 0, 1235, Min, 328.3638261292369, 165.4947470036507, UserLimit, 3600.060760974884
./solvers/juniper/JuniperLibSm/faclay20h.stdout:DATA, faclay20h.jl, 191, 190, 0, 2281, Min, 16083.999181247531, 0.0, Optimal, 2.15510892868042
./solvers/juniper/JuniperLibSm/pooling_epa2.stdout:DATA, pooling_epa2.jl, 332, 45, 0, 525, Min, -4486.423376249875, -4486.423376249875, Optimal, 77.33561897277832
./solvers/juniper/JuniperLibSm/beuster.stdout:DATA, beuster.jl, 158, 52, 0, 115, Min, NaN, NaN, UserLimit, 25.02009916305542
./solvers/juniper/JuniperLibSm/o7_ar5_1.stdout:DATA, o7_ar5_1.jl, 113, 0, 42, 270, Min, 168.622147451449, 82.04207988829364, UserLimit, 3600.0501358509064
./solvers/juniper/JuniperLibSm/waterz.stdout:DATA, waterz.jl, 196, 126, 0, 138, Min, NaN, 708.6394884100745, UserLimit, 3602.577667951584
./solvers/juniper/JuniperLibSm/no7_ar3_1.stdout:DATA, no7_ar3_1.jl, 113, 0, 42, 270, Min, 129.94341141741148, 85.29869944809103, UserLimit, 3600.3037939071655
./solvers/juniper/JuniperLibSm/CLay0205H.stdout:DATA, CLay0205H.jl, 261, 50, 0, 366, Min, 8092.499850454553, 8092.499835062623, Optimal, 2774.7538690567017
./solvers/juniper/JuniperLibSm/edgecross14-078.stdout:DATA, edgecross14-078.jl, 183, 155, 0, 1457, Min, 724.9999793673416, 0.0, Optimal, 1.9735660552978516
./solvers/juniper/JuniperLibSm/squfl015-080persp.stdout:DATA, squfl015-080persp.jl, 2416, 15, 0, 2481, Min, 402.48819582934806, 402.48819582934806, Optimal, 24.48278498649597
./solvers/juniper/JuniperLibSm/nuclear14b.stdout:DATA, nuclear14b.jl, 1569, 600, 0, 1786, Min, -1.1141829114308743, -1.1674214178878708, UserLimit, 3600.0101478099823
./solvers/juniper/JuniperLibSm/ghg_3veh.stdout:DATA, ghg_3veh.jl, 97, 36, 0, 120, Min, 7.77054547500325, 7.77054547500325, Optimal, 11.506241083145142
./solvers/juniper/JuniperLibSm/tls6.stdout:DATA, tls6.jl, 216, 173, 6, 121, Min, NaN, 5.773014756528091, UserLimit, 3600.0625941753387
./solvers/juniper/JuniperLibSm/water4.stdout:DATA, water4.jl, 196, 126, 0, 138, Min, 1044.649531197382, 903.2653301831434, UserLimit, 3602.054862976074
./solvers/juniper/JuniperLibSm/bchoco06.stdout:DATA, bchoco06.jl, 119, 7, 0, 135, Max, 0, 0.9627763594111377, Infeasible, 81.17697215080261
./solvers/juniper/JuniperLibSm/RSyn0820M04M.stdout:DATA, RSyn0820M04M.jl, 1021, 416, 0, 2677, Max, 729.0424612614023, 6901.24316262197, UserLimit, 3600.3070211410522
./solvers/juniper/JuniperLibSm/sssd16-07persp.stdout:DATA, sssd16-07persp.jl, 162, 133, 0, 73, Min, 0, NaN, Infeasible, 2.6353161334991455
./solvers/juniper/JuniperLibSm/ndcc13.stdout:DATA, ndcc13.jl, 631, 42, 0, 255, Min, 90.13302668800004, 80.80457435096291, UserLimit, 3600.622484922409
./solvers/juniper/JuniperLibSm/graphpart_clique-70.stdout:DATA, graphpart_clique-70.jl, 211, 210, 0, 71, Min, 6348.0, 6347.999457061565, Optimal, 3.6391360759735107
./solvers/juniper/JuniperLibSm/crudeoil_li01.stdout:DATA, crudeoil_li01.jl, 345, 48, 0, 696, Max, 5117.1808574893175, 5123.681667843625, UserLimit, 3600.28027009964
./solvers/juniper/JuniperLibSm/eg_all_s.stdout:DATA, eg_all_s.jl, 8, 0, 7, 28, Min, 7.657751809751293, 7.657751809751293, Optimal, 13.475855112075806
./solvers/juniper/JuniperLibSm/sfacloc1_3_90.stdout:DATA, sfacloc1_3_90.jl, 262, 30, 0, 422, Min, 11.77181503381646, 11.77181503381646, Optimal, 4.309850215911865
./solvers/juniper/JuniperLibSm/squfl030-150.stdout:DATA, squfl030-150.jl, 4531, 30, 0, 4651, Min, 4021.742386222354, 395.3294875829088, UserLimit, 3600.0257499217987
./solvers/juniper/JuniperLibSm/squfl015-060.stdout:DATA, squfl015-060.jl, 916, 15, 0, 961, Min, 366.621771206999, 366.621771206999, Optimal, 20.802199125289917
./solvers/juniper/JuniperLibSm/squfl040-080persp.stdout:DATA, squfl040-080persp.jl, 6441, 40, 0, 6481, Min, 263.89826475830586, 263.89826475830586, Optimal, 307.84670090675354
./solvers/juniper/JuniperLibSm/csched2a.stdout:DATA, csched2a.jl, 233, 140, 0, 138, Min, -165398.70821511754, -165412.6294034271, Optimal, 74.1202130317688
./solvers/juniper/JuniperLibSm/saa_2.stdout:DATA, saa_2.jl, 4408, 400, 0, 6206, Min, 12.713733089072141, 11.892641238617642, UserLimit, 3600.950001001358
./solvers/juniper/JuniperLibSm/qapw.stdout:DATA, qapw.jl, 451, 225, 0, 256, Min, 392317.980214098, 392317.980214098, Optimal, 315.66626596450806
./solvers/juniper/JuniperLibSm/squfl025-030.stdout:DATA, squfl025-030.jl, 776, 25, 0, 781, Min, 205.5015941442071, 205.5015941442071, Optimal, 23.193264961242676
./solvers/juniper/JuniperLibSm/oil.stdout:DATA, oil.jl, 1536, 19, 0, 1547, Min, -0.8754155901099535, -0.9844394616756893, UserLimit, 3600.010724067688
./solvers/juniper/JuniperLibSm/carton7.stdout:DATA, carton7.jl, 329, 200, 56, 688, Min, NaN, NaN, UserLimit, 61.066850900650024
./solvers/juniper/JuniperLibSm/crudeoil_lee3_07.stdout:DATA, crudeoil_lee3_07.jl, 1793, 98, 0, 3950, Max, 0, 91.56250035640551, Infeasible, 3322.2771759033203
./solvers/juniper/JuniperLibSm/ndcc16persp.stdout:DATA, ndcc16persp.jl, 1141, 60, 0, 438, Min, NaN, 109.4994199278697, UserLimit, 3600.1188337802887
./solvers/juniper/JuniperLibSm/tln6.stdout:DATA, tln6.jl, 49, 6, 42, 37, Min, NaN, 15.199999636849338, UserLimit, 3600.007350921631
./solvers/juniper/JuniperLibSm/sfacloc1_3_95.stdout:DATA, sfacloc1_3_95.jl, 234, 9, 0, 282, Min, 12.456719378327229, 12.456719305664725, Optimal, 3.212351083755493
./solvers/juniper/JuniperLibSm/fo8_ar5_1.stdout:DATA, fo8_ar5_1.jl, 145, 0, 56, 348, Min, 44.571850157842626, 17.924085284731884, UserLimit, 3600.034146785736
./solvers/juniper/JuniperLibSm/forest.stdout:DATA, forest.jl, 237, 73, 0, 310, Max, 1.439622648655239e7, 1.4396317212141195e7, Optimal, 10.70720100402832
./solvers/juniper/JuniperLibSm/squfl015-080.stdout:DATA, squfl015-080.jl, 1216, 15, 0, 1281, Min, 402.48848553746416, 402.45531703884916, Optimal, 67.42989706993103
./solvers/juniper/JuniperLibSm/casctanks.stdout:DATA, casctanks.jl, 501, 40, 0, 518, Min, 9.163479125958325, 9.163479125958325, Optimal, 10.450309991836548
./solvers/juniper/JuniperLibSm/waterx.stdout:DATA, waterx.jl, 71, 14, 0, 55, Min, 910.4711145472171, 910.4711145472171, Optimal, 15.763535976409912
./solvers/juniper/JuniperLibSm/blend718.stdout:DATA, blend718.jl, 223, 87, 0, 607, Max, 7.3936018914903725, 7.393830571257754, Optimal, 533.5229868888855
./solvers/juniper/JuniperLibSm/blend531.stdout:DATA, blend531.jl, 273, 104, 0, 737, Max, 20.039004246766453, 20.040612819866134, Optimal, 312.5106999874115
./solvers/juniper/JuniperLibSm/RSyn0840M04M.stdout:DATA, RSyn0840M04M.jl, 1441, 576, 0, 3729, Max, 556.0871721850123, 11398.432284841896, UserLimit, 3600.567556142807
./solvers/juniper/JuniperLibSm/nuclearvd.stdout:DATA, nuclearvd.jl, 352, 168, 0, 318, Min, -1.035417739448581, -1.035417739448581, Optimal, 80.98759508132935
./solvers/juniper/JuniperLibSm/sssd18-06.stdout:DATA, sssd18-06.jl, 151, 126, 0, 67, Min, 397992.24769201584, 397992.0702504513, Optimal, 745.4525949954987
./solvers/juniper/JuniperLibSm/contvar.stdout:DATA, contvar.jl, 297, 88, 0, 285, Min, 809149.8109905011, 809149.8109905011, Optimal, 26.233814001083374
./solvers/juniper/JuniperLibSm/RSyn0815M04M.stdout:DATA, RSyn0815M04M.jl, 941, 376, 0, 2431, Max, 1927.7080107101067, 6214.065269400825, UserLimit, 3600.1705009937286
./solvers/juniper/JuniperLibSm/watertreatnd_flow.stdout:DATA, watertreatnd_flow.jl, 421, 5, 0, 380, Min, NaN, NaN, UserLimit, 17.163887977600098
./solvers/juniper/JuniperLibSm/bchoco07.stdout:DATA, bchoco07.jl, 135, 8, 0, 154, Max, NaN, NaN, UserLimit, 22.636712074279785
./solvers/juniper/JuniperLibSm/unitcommit2.stdout:DATA, unitcommit2.jl, 961, 720, 0, 5330, Min, 590882.8561926303, 528536.690581799, UserLimit, 3601.1222760677338
./solvers/juniper/JuniperLibSm/sfacloc1_4_95.stdout:DATA, sfacloc1_4_95.jl, 296, 9, 0, 355, Min, 11.682878645422088, 11.682878645422088, Optimal, 4.382017135620117
./solvers/juniper/JuniperLibSm/sssd16-07.stdout:DATA, sssd16-07.jl, 162, 133, 0, 73, Min, 418560.4279608877, 416970.269226265, UserLimit, 3600.0469748973846
./solvers/juniper/JuniperLibSm/wastepaper6.stdout:DATA, wastepaper6.jl, 137, 90, 0, 55, Min, 0.0001375769971804668, 0.0001375769971804668, Optimal, 332.9113619327545
./solvers/juniper/JuniperLibSm/qap.stdout:DATA, qap.jl, 226, 225, 0, 31, Min, 393233.9797626771, 393217.50694283884, Optimal, 1898.174735069275
./solvers/juniper/JuniperLibSm/edgecross22-048.stdout:DATA, edgecross22-048.jl, 463, 462, 0, 6161, Min, 85.9999999925059, 85.99998891192274, Optimal, 10.135383129119873
./solvers/juniper/JuniperLibSm/graphpart_clique-40.stdout:DATA, graphpart_clique-40.jl, 121, 120, 0, 41, Min, 1183.0, 1182.9998983632122, Optimal, 2.306083917617798
./solvers/juniper/JuniperLibSm/graphpart_clique-60.stdout:DATA, graphpart_clique-60.jl, 181, 180, 0, 61, Min, 3989.9996600995064, 0.0, Optimal, 2.653697967529297
./solvers/juniper/JuniperLibSm/no7_ar5_1.stdout:DATA, no7_ar5_1.jl, 113, 0, 42, 270, Min, 136.67753908549088, 66.21981650894946, UserLimit, 3600.045625925064
./solvers/juniper/JuniperLibSm/multiplants_stg1c.stdout:DATA, multiplants_stg1c.jl, 477, 252, 0, 270, Max, 627.8700883282479, 781.7315142808727, UserLimit, 3600.30935382843
./solvers/juniper/JuniperLibSm/blend721.stdout:DATA, blend721.jl, 223, 87, 0, 628, Max, 13.526800616543508, 13.528067401186307, Optimal, 352.9373390674591
./solvers/juniper/JuniperLibSm/transswitch0009r.stdout:DATA, transswitch0009r.jl, 70, 9, 0, 104, Min, 5296.686202380898, 5296.686202380898, Optimal, 21.230183839797974
./solvers/juniper/JuniperLibSm/transswitch0039p.stdout:DATA, transswitch0039p.jl, 329, 46, 0, 658, Min, 41866.12316908691, 41865.91772399378, Optimal, 6.883835077285767
./solvers/juniper/JuniperLibSm/o9_ar4_1.stdout:DATA, o9_ar4_1.jl, 181, 0, 72, 436, Min, 350.4828026100377, 111.20132696689329, UserLimit, 3600.008213043213
./solvers/juniper/JuniperLibSm/genpooling_meyer10.stdout:DATA, genpooling_meyer10.jl, 395, 187, 0, 424, Min, 1.187359239119526e6, 1.1872531612712285e6, Optimal, 1210.9860501289368
./solvers/juniper/JuniperLibSm/ndcc12persp.stdout:DATA, ndcc12persp.jl, 691, 46, 0, 284, Min, 106.354154796, 106.354154796, Optimal, 18.152792930603027
./solvers/juniper/JuniperLibSm/gasnet_al3.stdout:DATA, gasnet_al3.jl, 725, 136, 0, 831, Min, NaN, NaN, UserLimit, 28.91045594215393
./solvers/juniper/JuniperLibSm/edgecross14-098.stdout:DATA, edgecross14-098.jl, 183, 182, 0, 1457, Min, 1365.9999750686898, 0.0, Optimal, 2.1016409397125244
./solvers/juniper/JuniperLibSm/nous1.stdout:DATA, nous1.jl, 51, 2, 0, 44, Min, 1.5670719639161532, 1.5670719639161532, Optimal, 4.163224935531616
./solvers/juniper/JuniperLibSm/pooling_epa3.stdout:DATA, pooling_epa3.jl, 1105, 150, 0, 1718, Min, NaN, -14994.49365380989, UserLimit, 3628.3856728076935
./solvers/juniper/JuniperLibSm/multiplants_mtg1b.stdout:DATA, multiplants_mtg1b.jl, 194, 93, 0, 257, Max, 450.547878806458, 450.54788113618525, Optimal, 1950.5717070102692
./solvers/juniper/JuniperLibSm/var_con5.stdout:DATA, var_con5.jl, 574, 12, 0, 465, Min, 278.14474503160136, 278.14474503160136, Optimal, 8.80943489074707
./solvers/juniper/JuniperLibSm/fo9_ar2_1.stdout:DATA, fo9_ar2_1.jl, 181, 0, 72, 436, Min, NaN, 24.31860974381172, UserLimit, 3600.052011013031
./solvers/juniper/JuniperLibSm/waterno2_04.stdout:DATA, waterno2_04.jl, 665, 36, 0, 823, Min, 145.4396290653242, 145.4308003620697, Optimal, 1688.641399860382
./solvers/juniper/JuniperLibSm/nuclear49b.stdout:DATA, nuclear49b.jl, 5743, 2450, 0, 6234, Min, NaN, -1.1843704674299633, UserLimit, 3600.6513509750366
./solvers/juniper/JuniperLibSm/o7.stdout:DATA, o7.jl, 115, 42, 0, 212, Min, 202.1400300585419, 59.813557033446344, UserLimit, 3600.0515971183777
./solvers/juniper/JuniperLibSm/RSyn0830M04M.stdout:DATA, RSyn0830M04M.jl, 1241, 496, 0, 3193, Max, 565.4653658047016, 8516.341746668046, UserLimit, 3600.250584125519
./solvers/juniper/JuniperLibSm/tspn12.stdout:DATA, tspn12.jl, 91, 66, 0, 27, Min, 265.85788073261944, 0.0, Optimal, 1.7540419101715088
./solvers/juniper/JuniperLibSm/squfl030-100persp.stdout:DATA, squfl030-100persp.jl, 6031, 30, 0, 6101, Min, 363.0930111819621, 363.0930111819621, Optimal, 502.61893010139465
./solvers/juniper/JuniperLibSm/tln12.stdout:DATA, tln12.jl, 169, 12, 156, 73, Min, NaN, 85.6999991209744, UserLimit, 3600.0520210266113
./solvers/juniper/JuniperLibSm/o8_ar4_1.stdout:DATA, o8_ar4_1.jl, 145, 0, 56, 348, Min, 337.1457414015036, 135.14809100367685, UserLimit, 3600.0479159355164
./solvers/juniper/JuniperLibSm/crudeoil_lee4_09.stdout:DATA, crudeoil_lee4_09.jl, 3520, 171, 0, 7770, Max, NaN, NaN, UserLimit, 6071.748239994049
./solvers/juniper/JuniperLibSm/ndcc12.stdout:DATA, ndcc12.jl, 645, 46, 0, 238, Min, 106.35415479599999, 106.35415479599999, Optimal, 123.71046590805054
./solvers/juniper/JuniperLibSm/squfl030-100.stdout:DATA, squfl030-100.jl, 3031, 30, 0, 3101, Min, 366.39117317370057, 359.88866770383436, UserLimit, 3600.083312034607
./solvers/juniper/JuniperLibSm/sssd12-05persp.stdout:DATA, sssd12-05persp.jl, 96, 75, 0, 53, Min, 2.48116632485237e6, 2.48116632485237e6, Optimal, 3.622694969177246
./solvers/juniper/JuniperLibSm/crudeoil_lee4_07.stdout:DATA, crudeoil_lee4_07.jl, 2738, 133, 0, 5966, Max, NaN, NaN, UserLimit, 3839.4569602012634
./solvers/juniper/JuniperLibSm/nuclear25a.stdout:DATA, nuclear25a.jl, 1059, 650, 0, 660, Min, -1.1206990469600457, -1.1206990469600457, Optimal, 231.0640151500702
./solvers/juniper/JuniperLibSm/FLay05H.stdout:DATA, FLay05H.jl, 383, 40, 0, 466, Min, 64.4980611205646, 63.81209797364019, UserLimit, 3600.0334129333496
./solvers/juniper/JuniperLibSm/ndcc14persp.stdout:DATA, ndcc14persp.jl, 919, 54, 0, 360, Min, NaN, 105.32932320431149, UserLimit, 3600.3085899353027
./solvers/juniper/JuniperLibSm/graphpart_2pm-0099-0999.stdout:DATA, graphpart_2pm-0099-0999.jl, 244, 243, 0, 82, Min, -63.00000218350736, -63.00000227483005, Optimal, 28.26774001121521
./solvers/juniper/JuniperLibSm/chp_shorttermplan2b.stdout:DATA, chp_shorttermplan2b.jl, 1393, 192, 0, 2553, Min, -20843.72080013441, -20843.72080013441, Optimal, 520.5543539524078
./solvers/juniper/JuniperLibSm/bchoco05.stdout:DATA, bchoco05.jl, 91, 6, 0, 104, Max, NaN, NaN, UserLimit, 16.358537197113037
./solvers/juniper/JuniperLibSm/gasprod_sarawak81.stdout:DATA, gasprod_sarawak81.jl, 7572, 38, 0, 11093, Min, -32273.00417475764, -32273.00417475764, Optimal, 302.982262134552
./solvers/juniper/JuniperLibSm/squfl010-080persp.stdout:DATA, squfl010-080persp.jl, 1611, 10, 0, 1681, Min, 509.7057733354127, 509.7057733354127, Optimal, 7.629853010177612
./solvers/juniper/JuniperLibSm/nuclearva.stdout:DATA, nuclearva.jl, 352, 168, 0, 318, Min, -1.0116432328311418, -1.0116432328311418, Optimal, 11.957846879959106
./solvers/juniper/JuniperLibSm/blend146.stdout:DATA, blend146.jl, 223, 87, 0, 625, Max, 41.58645240083708, 45.5590619067046, UserLimit, 3600.1997649669647
./solvers/juniper/JuniperLibSm/sfacloc1_2_80.stdout:DATA, sfacloc1_2_80.jl, 232, 62, 0, 2089, Min, 12.752053191993465, 12.752053191993465, Optimal, 14.805655002593994
./solvers/juniper/JuniperLibSm/ndcc13persp.stdout:DATA, ndcc13persp.jl, 673, 42, 0, 297, Min, 84.62501276547948, 84.62110441351727, Optimal, 395.87600088119507
./solvers/juniper/JuniperLibSm/multiplants_mtg1a.stdout:DATA, multiplants_mtg1a.jl, 194, 93, 0, 257, Max, 391.6134957707721, 391.6135006602381, Optimal, 954.5393710136414
./solvers/juniper/JuniperLibSm/CLay0305H.stdout:DATA, CLay0305H.jl, 276, 55, 0, 396, Min, 88797.97546662981, 7974.9998539604685, UserLimit, 3600.4922251701355
./solvers/juniper/JuniperLibSm/fo9_ar5_1.stdout:DATA, fo9_ar5_1.jl, 181, 0, 72, 436, Min, 50.24999997217651, 16.25887087386447, UserLimit, 3600.004415035248
./solvers/juniper/JuniperLibSm/crudeoil_lee4_10.stdout:DATA, crudeoil_lee4_10.jl, 3911, 190, 0, 8702, Max, NaN, NaN, UserLimit, 4374.745145082474
./solvers/juniper/JuniperLibSm/transswitch0014p.stdout:DATA, transswitch0014p.jl, 139, 20, 0, 278, Min, 8082.581681737031, 8082.301044810765, Optimal, 3.0611109733581543
./solvers/juniper/JuniperLibSm/transswitch0118r.stdout:DATA, transswitch0118r.jl, 1240, 179, 0, 1764, Min, 129468.05261167068, 129468.05261167068, Optimal, 127.13268804550171
./solvers/juniper/JuniperLibSm/eg_int_s.stdout:DATA, eg_int_s.jl, 8, 0, 3, 28, Min, 6.4531028850122425, 6.4531028850122425, Optimal, 8.08761215209961
./solvers/juniper/JuniperLibSm/nuclearvc.stdout:DATA, nuclearvc.jl, 352, 168, 0, 318, Min, -0.996019239294868, -0.996019239294868, Optimal, 81.16943287849426
./solvers/juniper/JuniperLibSm/nuclearvf.stdout:DATA, nuclearvf.jl, 352, 168, 0, 318, Min, -1.0131964995212441, -1.0131964995212441, Optimal, 16.538350820541382
./solvers/juniper/JuniperLibSm/fo8.stdout:DATA, fo8.jl, 147, 56, 0, 274, Min, NaN, 12.358906622794278, UserLimit, 3600.0034759044647
./solvers/juniper/JuniperLibSm/ex1233.stdout:DATA, ex1233.jl, 53, 12, 0, 65, Min, 155010.66783024816, 155010.66783024816, Optimal, 3.2660818099975586
./solvers/juniper/JuniperLibSm/sssd25-08persp.stdout:DATA, sssd25-08persp.jl, 257, 224, 0, 90, Min, 0, NaN, Infeasible, 2.803230047225952
./solvers/juniper/JuniperLibSm/supplychainr1_022020.stdout:DATA, supplychainr1_022020.jl, 1441, 460, 0, 1841, Min, NaN, NaN, UserLimit, 39.43294906616211
./solvers/juniper/JuniperLibSm/fo9_ar4_1.stdout:DATA, fo9_ar4_1.jl, 181, 0, 72, 436, Min, 56.25000003406473, 16.4881279899181, UserLimit, 3600.0519239902496
./solvers/juniper/JuniperLibSm/procurement1large.stdout:DATA, procurement1large.jl, 7177, 400, 0, 6055, Max, 2107.1991706473914, 3857.835047006811, UserLimit, 3600.2177109718323
./solvers/juniper/JuniperLibSm/blend852.stdout:DATA, blend852.jl, 305, 120, 0, 861, Max, 26.679005988255778, 53.97916781341488, UserLimit, 3600.1041350364685
./solvers/juniper/JuniperLibSm/crudeoil_lee3_09.stdout:DATA, crudeoil_lee3_09.jl, 2305, 126, 0, 5181, Max, NaN, NaN, UserLimit, 4231.65003490448
./solvers/juniper/JuniperLibSm/fo8_ar25_1.stdout:DATA, fo8_ar25_1.jl, 145, 0, 56, 348, Min, NaN, 22.33296553358212, UserLimit, 3600.004551887512
./solvers/juniper/JuniperLibSm/transswitch0030p.stdout:DATA, transswitch0030p.jl, 278, 41, 0, 556, Min, 573.9181315249258, 573.9181313296752, Optimal, 6.134477138519287
./solvers/juniper/JuniperLibSm/crossdock_15x7.stdout:DATA, crossdock_15x7.jl, 211, 210, 0, 45, Min, 14430.999764245495, 14430.999764245495, Optimal, 3256.9103348255157
./solvers/juniper/JuniperLibSm/portfol_shortfall100_04.stdout:DATA, portfol_shortfall100_04.jl, 405, 101, 0, 308, Min, -1.1178789930948985, -1.1210662354388614, UserLimit, 3600.3118970394135
./solvers/juniper/JuniperLibSm/eg_disc2_s.stdout:DATA, eg_disc2_s.jl, 8, 0, 3, 28, Min, 5.936371978040559, 5.936371978040559, Optimal, 6.5421531200408936
./solvers/juniper/JuniperLibSm/carton9.stdout:DATA, carton9.jl, 361, 216, 72, 894, Min, 555.9827286982668, 96.93684627785498, UserLimit, 3605.4067919254303
./solvers/juniper/JuniperLibSm/netmod_dol1.stdout:DATA, netmod_dol1.jl, 1999, 462, 0, 3138, Min, 0.025962778599855133, -0.607604845901235, UserLimit, 3600.0949499607086
./solvers/juniper/JuniperLibSm/blend480.stdout:DATA, blend480.jl, 313, 124, 0, 885, Max, 3.335001565568599, 10.203291901519236, UserLimit, 3600.070858001709
./solvers/juniper/JuniperLibSm/waterno2_18.stdout:DATA, waterno2_18.jl, 2989, 162, 0, 3707, Min, NaN, 1276.8538651382619, UserLimit, 3600.6587340831757
./solvers/juniper/JuniperLibSm/FLay05M.stdout:DATA, FLay05M.jl, 63, 40, 0, 66, Min, 64.49805500547934, 64.49507971364423, Optimal, 956.7902290821075
