./settings/juniper-p04/JuniperLibSm/crudeoil_li11.stdout:DATA, crudeoil_li11.jl, 1178, 180, 0, 192, MAX_SENSE, NaN, 4742.73851831121, TIME_LIMIT, 3650.269240140915
./settings/juniper-p04/JuniperLibSm/nuclear49a.stdout:DATA, nuclear49a.jl, 3342, 2450, 0, 1332, MIN_SENSE, -1.1514423630249921, -1.1514423630249921, LOCALLY_SOLVED, 644.9547522068024
./settings/juniper-p04/JuniperLibSm/sfacloc2_4_80.stdout:DATA, sfacloc2_4_80.jl, 401, 122, 0, 60, MIN_SENSE, 9.953064825039364, 9.953064825039364, LOCALLY_SOLVED, 2366.4273369312286
./settings/juniper-p04/JuniperLibSm/FLay06M.stdout:DATA, FLay06M.jl, 87, 60, 0, 6, MIN_SENSE, 66.93279398530191, 63.403464937651734, TIME_LIMIT, 3600.0102031230927
./settings/juniper-p04/JuniperLibSm/sssd12-05.stdout:DATA, sssd12-05.jl, 96, 75, 0, 15, MIN_SENSE, 281408.6034793523, 281408.0032611376, LOCALLY_SOLVED, 46.73515796661377
./settings/juniper-p04/JuniperLibSm/sssd20-04.stdout:DATA, sssd20-04.jl, 109, 92, 0, 12, MIN_SENSE, 347691.3683973888, 347691.3683973888, LOCALLY_SOLVED, 42.70751905441284
./settings/juniper-p04/JuniperLibSm/edgecross14-039.stdout:DATA, edgecross14-039.jl, 183, 80, 0, 1, MIN_SENSE, 113.9999952570897, 113.99999337336922, LOCALLY_SOLVED, 1.3198421001434326
./settings/juniper-p04/JuniperLibSm/squfl025-040persp.stdout:DATA, squfl025-040persp.jl, 2026, 25, 0, 1000, MIN_SENSE, 197.33357749927953, 197.33357749927953, LOCALLY_SOLVED, 120.95781898498535
./settings/juniper-p04/JuniperLibSm/oil2.stdout:DATA, oil2.jl, 937, 2, 0, 284, MIN_SENSE, -0.7332600156032033, -0.7332600156032033, LOCALLY_SOLVED, 11.451349973678589
./settings/juniper-p04/JuniperLibSm/waterno2_09.stdout:DATA, waterno2_09.jl, 1495, 81, 0, 585, MIN_SENSE, 1086.1544372364415, 373.3046867353431, TIME_LIMIT, 3600.6279339790344
./settings/juniper-p04/JuniperLibSm/fo7.stdout:DATA, fo7.jl, 115, 42, 0, 14, MIN_SENSE, 20.72982294535035, 19.07378475798093, TIME_LIMIT, 3600.0488760471344
./settings/juniper-p04/JuniperLibSm/hvb11.stdout:DATA, hvb11.jl, 9818, 9537, 0, 17, MIN_SENSE, 64611.994803599286, 52867.968876290885, TIME_LIMIT, 3956.5333499908447
./settings/juniper-p04/JuniperLibSm/sssd22-08persp.stdout:DATA, sssd22-08persp.jl, 233, 200, 0, 24, MIN_SENSE, NaN, NaN, LOCALLY_INFEASIBLE, 2.2270848751068115
./settings/juniper-p04/JuniperLibSm/var_con10.stdout:DATA, var_con10.jl, 574, 12, 0, 272, MIN_SENSE, 444.21378724184274, 444.21378724184274, LOCALLY_SOLVED, 46.592763900756836
./settings/juniper-p04/JuniperLibSm/crudeoil_li03.stdout:DATA, crudeoil_li03.jl, 965, 132, 0, 192, MAX_SENSE, NaN, NaN, ITERATION_LIMIT, 120.10941219329834
./settings/juniper-p04/JuniperLibSm/FLay06H.stdout:DATA, FLay06H.jl, 567, 60, 0, 6, MIN_SENSE, 66.93280228497889, 60.34246572041274, TIME_LIMIT, 3601.174582004547
./settings/juniper-p04/JuniperLibSm/waterno2_03.stdout:DATA, waterno2_03.jl, 499, 27, 0, 195, MIN_SENSE, 115.00442905488894, 115.00442905488894, LOCALLY_SOLVED, 65.27909111976624
./settings/juniper-p04/JuniperLibSm/hydroenergy1.stdout:DATA, hydroenergy1.jl, 289, 96, 0, 48, MAX_SENSE, 209721.0138668055, 209721.0138668055, LOCALLY_SOLVED, 41.89682102203369
./settings/juniper-p04/JuniperLibSm/tln7.stdout:DATA, tln7.jl, 64, 7, 56, 7, MIN_SENSE, NaN, 14.060293976349163, TIME_LIMIT, 3600.043385028839
./settings/juniper-p04/JuniperLibSm/crudeoil_lee2_09.stdout:DATA, crudeoil_lee2_09.jl, 2080, 126, 0, 756, MAX_SENSE, NaN, NaN, ITERATION_LIMIT, 4480.713063001633
./settings/juniper-p04/JuniperLibSm/kport20.stdout:DATA, kport20.jl, 102, 2, 38, 20, MIN_SENSE, 31.80929787406103, 31.809297582925687, LOCALLY_SOLVED, 216.8730227947235
./settings/juniper-p04/JuniperLibSm/nuclear14.stdout:DATA, nuclear14.jl, 1563, 576, 0, 602, MIN_SENSE, -1.1289478087655125, -1.1289516860255777, LOCALLY_SOLVED, 56.543009996414185
./settings/juniper-p04/JuniperLibSm/edgecross10-080.stdout:DATA, edgecross10-080.jl, 91, 74, 0, 1, MIN_SENSE, 1041.9999980073912, 1041.9999907377999, LOCALLY_SOLVED, 0.8886768817901611
./settings/juniper-p04/JuniperLibSm/sssd18-06persp.stdout:DATA, sssd18-06persp.jl, 151, 126, 0, 18, MIN_SENSE, NaN, NaN, LOCALLY_INFEASIBLE, 1.687140941619873
./settings/juniper-p04/JuniperLibSm/tspn08.stdout:DATA, tspn08.jl, 45, 28, 0, 9, MIN_SENSE, 290.56684761749943, 290.56684761749943, LOCALLY_SOLVED, 3.9046437740325928
./settings/juniper-p04/JuniperLibSm/squfl025-025.stdout:DATA, squfl025-025.jl, 651, 25, 0, 1, MIN_SENSE, 168.80717835690118, 168.80717835690118, LOCALLY_SOLVED, 38.80682110786438
./settings/juniper-p04/JuniperLibSm/sssd20-08persp.stdout:DATA, sssd20-08persp.jl, 217, 184, 0, 24, MIN_SENSE, NaN, NaN, LOCALLY_INFEASIBLE, 2.056778907775879
./settings/juniper-p04/JuniperLibSm/crudeoil_pooling_ct2.stdout:DATA, crudeoil_pooling_ct2.jl, 404, 108, 0, 70, MAX_SENSE, 10209.525039646269, 10209.525041134433, LOCALLY_SOLVED, 321.66518902778625
./settings/juniper-p04/JuniperLibSm/multiplants_stg1a.stdout:DATA, multiplants_stg1a.jl, 424, 216, 0, 25, MAX_SENSE, 380.9843276473316, 381.0164590546223, LOCALLY_SOLVED, 2785.5690820217133
./settings/juniper-p04/JuniperLibSm/squfl030-150persp.stdout:DATA, squfl030-150persp.jl, 9031, 30, 0, 4500, MIN_SENSE, 430.5753126193894, 430.5753126193894, LOCALLY_SOLVED, 459.3834171295166
./settings/juniper-p04/JuniperLibSm/sssd18-08.stdout:DATA, sssd18-08.jl, 201, 168, 0, 24, MIN_SENSE, 862176.7722511629, 832210.109685248, TIME_LIMIT, 3600.039505958557
./settings/juniper-p04/JuniperLibSm/transswitch0014r.stdout:DATA, transswitch0014r.jl, 139, 20, 0, 149, MIN_SENSE, 8082.581685533256, 8082.301049033785, LOCALLY_SOLVED, 14.933235883712769
./settings/juniper-p04/JuniperLibSm/ndcc14.stdout:DATA, ndcc14.jl, 865, 54, 0, 54, MIN_SENSE, 113.66696657300001, 71.26193894449497, TIME_LIMIT, 3602.919937133789
./settings/juniper-p04/JuniperLibSm/chp_partload.stdout:DATA, chp_partload.jl, 2249, 45, 0, 490, MIN_SENSE, NaN, 21.867189125881737, TIME_LIMIT, 3602.738336801529
./settings/juniper-p04/JuniperLibSm/graphpart_clique-50.stdout:DATA, graphpart_clique-50.jl, 151, 150, 0, 1, MIN_SENSE, 2311.9997999854772, 2311.9997999919674, LOCALLY_SOLVED, 2.0421321392059326
./settings/juniper-p04/JuniperLibSm/tspn05.stdout:DATA, tspn05.jl, 21, 10, 0, 6, MIN_SENSE, 191.25520715648022, 191.25520715648022, LOCALLY_SOLVED, 1.0400550365447998
./settings/juniper-p04/JuniperLibSm/procurement1mot.stdout:DATA, procurement1mot.jl, 785, 60, 0, 1, MAX_SENSE, 291.54166063209357, 291.56794884434777, LOCALLY_SOLVED, 298.44048500061035
./settings/juniper-p04/JuniperLibSm/multiplants_stg1.stdout:DATA, multiplants_stg1.jl, 415, 198, 0, 34, MAX_SENSE, 349.9462899141155, 409.2321361672367, TIME_LIMIT, 3601.133244037628
./settings/juniper-p04/JuniperLibSm/multiplants_mtg5.stdout:DATA, multiplants_mtg5.jl, 191, 78, 0, 49, MAX_SENSE, 5924.649347166098, 5925.048282361702, ALMOST_LOCALLY_SOLVED, 228.9950089454651
./settings/juniper-p04/JuniperLibSm/sssd15-04.stdout:DATA, sssd15-04.jl, 89, 72, 0, 12, MIN_SENSE, 205054.4345614402, 205054.4345614402, LOCALLY_SOLVED, 36.710078954696655
./settings/juniper-p04/JuniperLibSm/genpooling_meyer04.stdout:DATA, genpooling_meyer04.jl, 119, 55, 0, 15, MIN_SENSE, 1.3882616760812018e6, 1.3882616760812018e6, LOCALLY_SOLVED, 88.65721893310547
./settings/juniper-p04/JuniperLibSm/fo9.stdout:DATA, fo9.jl, 183, 72, 0, 18, MIN_SENSE, NaN, -7.916983356907725e-8, TIME_LIMIT, 4920.167717218399
./settings/juniper-p04/JuniperLibSm/graphpart_3g-0444-0444.stdout:DATA, graphpart_3g-0444-0444.jl, 193, 192, 0, 1, MIN_SENSE, -7.51282024489064e6, -7.51282024489064e6, LOCALLY_SOLVED, 1.1181881427764893
./settings/juniper-p04/JuniperLibSm/tspn15.stdout:DATA, tspn15.jl, 136, 105, 0, 16, MIN_SENSE, 334.291506595238, 334.291506595238, LOCALLY_SOLVED, 4.432969093322754
./settings/juniper-p04/JuniperLibSm/heatexch_gen3.stdout:DATA, heatexch_gen3.jl, 581, 60, 0, 241, MIN_SENSE, 228482.7067172693, 228482.7067172693, ALMOST_LOCALLY_SOLVED, 127.4315459728241
./settings/juniper-p04/JuniperLibSm/product.stdout:DATA, product.jl, 1554, 107, 0, 132, MIN_SENSE, -2142.948108039521, -2143.161019309935, LOCALLY_SOLVED, 833.3441979885101
./settings/juniper-p04/JuniperLibSm/sssd25-04persp.stdout:DATA, sssd25-04persp.jl, 129, 112, 0, 12, MIN_SENSE, NaN, NaN, LOCALLY_INFEASIBLE, 1.5120849609375
./settings/juniper-p04/JuniperLibSm/deb10.stdout:DATA, deb10.jl, 183, 22, 0, 64, MIN_SENSE, 209.42773675229915, 209.42773675229915, LOCALLY_SOLVED, 37.911700963974
./settings/juniper-p04/JuniperLibSm/hydroenergy3.stdout:DATA, hydroenergy3.jl, 1009, 336, 0, 168, MAX_SENSE, 744963.0403858345, 744963.0403858345, LOCALLY_SOLVED, 78.47074007987976
./settings/juniper-p04/JuniperLibSm/space25.stdout:DATA, space25.jl, 894, 750, 0, 25, MIN_SENSE, 484.328643830515, 484.328643830515, LOCALLY_SOLVED, 231.20181393623352
./settings/juniper-p04/JuniperLibSm/chp_shorttermplan1b.stdout:DATA, chp_shorttermplan1b.jl, 1681, 288, 0, 768, MIN_SENSE, 264.01064276604757, 264.01064276604757, LOCALLY_SOLVED, 212.81599187850952
./settings/juniper-p04/JuniperLibSm/crudeoil_lee4_08.stdout:DATA, crudeoil_lee4_08.jl, 3129, 152, 0, 1216, MAX_SENSE, NaN, 132.58500104706653, TIME_LIMIT, 4418.324290037155
./settings/juniper-p04/JuniperLibSm/supplychainr1_053050.stdout:DATA, supplychainr1_053050.jl, 5151, 1680, 0, 1, MIN_SENSE, NaN, NaN, ITERATION_LIMIT, 108.97207593917847
./settings/juniper-p04/JuniperLibSm/crudeoil_pooling_ct4.stdout:DATA, crudeoil_pooling_ct4.jl, 534, 138, 0, 95, MAX_SENSE, 13258.268843428179, 13258.26885143207, LOCALLY_SOLVED, 436.03662514686584
./settings/juniper-p04/JuniperLibSm/sfacloc1_2_95.stdout:DATA, sfacloc1_2_95.jl, 172, 9, 0, 15, MIN_SENSE, 18.850070116757625, 18.850070168453332, LOCALLY_SOLVED, 2.5540859699249268
./settings/juniper-p04/JuniperLibSm/o7_2.stdout:DATA, o7_2.jl, 115, 42, 0, 14, MIN_SENSE, 174.5727580960822, 66.36267534799092, TIME_LIMIT, 3600.007887840271
./settings/juniper-p04/JuniperLibSm/edgecross10-060.stdout:DATA, edgecross10-060.jl, 91, 44, 0, 1, MIN_SENSE, 458.9999901023276, 458.9999901023276, LOCALLY_SOLVED, 0.869499921798706
./settings/juniper-p04/JuniperLibSm/super3t.stdout:DATA, super3t.jl, 1056, 44, 0, 240, MIN_SENSE, -0.6364381832365165, -0.7457995172906464, TIME_LIMIT, 3610.5842781066895
./settings/juniper-p04/JuniperLibSm/4stufen.stdout:DATA, 4stufen.jl, 150, 48, 0, 34, MIN_SENSE, NaN, NaN, ITERATION_LIMIT, 14.25449514389038
./settings/juniper-p04/JuniperLibSm/portfol_shortfall200_05.stdout:DATA, portfol_shortfall200_05.jl, 805, 201, 0, 2, MIN_SENSE, -1.091334908289339, -1.1423144396384244, TIME_LIMIT, 3600.6191308498383
./settings/juniper-p04/JuniperLibSm/squfl025-040.stdout:DATA, squfl025-040.jl, 1026, 25, 0, 1, MIN_SENSE, 197.33383429785118, 197.32957674786078, LOCALLY_SOLVED, 78.54589819908142
./settings/juniper-p04/JuniperLibSm/crudeoil_lee2_10.stdout:DATA, crudeoil_lee2_10.jl, 2311, 140, 0, 840, MAX_SENSE, NaN, NaN, ITERATION_LIMIT, 4514.845052957535
./settings/juniper-p04/JuniperLibSm/o7_ar4_1.stdout:DATA, o7_ar4_1.jl, 113, 0, 42, 14, MIN_SENSE, 177.70824798494942, 95.09951604260034, TIME_LIMIT, 3600.0368621349335
./settings/juniper-p04/JuniperLibSm/tls5.stdout:DATA, tls5.jl, 162, 131, 5, 5, MIN_SENSE, NaN, 6.408837582176174, TIME_LIMIT, 3600.0933558940887
./settings/juniper-p04/JuniperLibSm/ndcc16.stdout:DATA, ndcc16.jl, 1081, 60, 0, 60, MIN_SENSE, 115.52009792599999, 71.6227244936069, TIME_LIMIT, 3603.514382123947
./settings/juniper-p04/JuniperLibSm/heatexch_spec1.stdout:DATA, heatexch_spec1.jl, 57, 12, 0, 1, MIN_SENSE, 154997.32922568987, 154997.32922568987, LOCALLY_SOLVED, 38.401933908462524
./settings/juniper-p04/JuniperLibSm/multiplants_mtg6.stdout:DATA, multiplants_mtg6.jl, 350, 176, 0, 65, MAX_SENSE, 5047.465755647624, 5327.746886798853, TIME_LIMIT, 3603.598352909088
./settings/juniper-p04/JuniperLibSm/tls7.stdout:DATA, tls7.jl, 346, 289, 7, 7, MIN_SENSE, NaN, 4.099999923958519, TIME_LIMIT, 3600.05366897583
./settings/juniper-p04/JuniperLibSm/transswitch0009p.stdout:DATA, transswitch0009p.jl, 70, 9, 0, 55, MIN_SENSE, 5296.686202225454, 5296.686201340326, LOCALLY_SOLVED, 1.819770097732544
./settings/juniper-p04/JuniperLibSm/watercontamination0202r.stdout:DATA, watercontamination0202r.jl, 196, 7, 0, 1, MIN_SENSE, 97.9044323348775, 97.9044323348775, LOCALLY_SOLVED, 72.66071391105652
./settings/juniper-p04/JuniperLibSm/edgecross24-057.stdout:DATA, edgecross24-057.jl, 553, 552, 0, 1, MIN_SENSE, 179.9999999925059, 179.9999845369839, LOCALLY_SOLVED, 22.248356103897095
./settings/juniper-p04/JuniperLibSm/multiplants_mtg2.stdout:DATA, multiplants_mtg2.jl, 230, 112, 0, 37, MAX_SENSE, 7099.171240713668, 7099.875254298818, LOCALLY_SOLVED, 348.32530903816223
./settings/juniper-p04/JuniperLibSm/hydroenergy2.stdout:DATA, hydroenergy2.jl, 577, 192, 0, 96, MAX_SENSE, 371811.879897562, 371811.879897562, LOCALLY_SOLVED, 51.488630056381226
./settings/juniper-p04/JuniperLibSm/heatexch_gen2.stdout:DATA, heatexch_gen2.jl, 149, 16, 0, 65, MIN_SENSE, 835137.607971332, 835137.607971332, LOCALLY_SOLVED, 59.56044602394104
./settings/juniper-p04/JuniperLibSm/sssd18-08persp.stdout:DATA, sssd18-08persp.jl, 201, 168, 0, 24, MIN_SENSE, NaN, NaN, LOCALLY_INFEASIBLE, 1.8606500625610352
./settings/juniper-p04/JuniperLibSm/crudeoil_lee3_06.stdout:DATA, crudeoil_lee3_06.jl, 1537, 84, 0, 588, MAX_SENSE, NaN, 91.5624995729047, LOCALLY_INFEASIBLE, 2137.607283115387
./settings/juniper-p04/JuniperLibSm/squfl020-150persp.stdout:DATA, squfl020-150persp.jl, 6021, 20, 0, 3000, MIN_SENSE, 557.8478238162107, 557.8478238162107, LOCALLY_SOLVED, 201.9739511013031
./settings/juniper-p04/JuniperLibSm/crossdock_15x8.stdout:DATA, crossdock_15x8.jl, 241, 240, 0, 1, MIN_SENSE, 16088.999744372763, 15493.658095235647, TIME_LIMIT, 3600.4368789196014
./settings/juniper-p04/JuniperLibSm/fo9_ar3_1.stdout:DATA, fo9_ar3_1.jl, 181, 0, 72, 18, MIN_SENSE, 41.90476193666409, 19.50743770962637, TIME_LIMIT, 3600.034602880478
./settings/juniper-p04/JuniperLibSm/multiplants_stg1b.stdout:DATA, multiplants_stg1b.jl, 476, 243, 0, 28, MAX_SENSE, 403.2563228475224, 403.2563228475224, LOCALLY_SOLVED, 899.2640559673309
./settings/juniper-p04/JuniperLibSm/tspn10.stdout:DATA, tspn10.jl, 66, 45, 0, 11, MIN_SENSE, 225.47372956548202, 225.47372956548202, LOCALLY_SOLVED, 1.099487066268921
./settings/juniper-p04/JuniperLibSm/graphpart_3pm-0334-0334.stdout:DATA, graphpart_3pm-0334-0334.jl, 109, 108, 0, 1, MIN_SENSE, -36.00000121550089, -36.00000121550089, LOCALLY_SOLVED, 29.032721042633057
./settings/juniper-p04/JuniperLibSm/sssd25-04.stdout:DATA, sssd25-04.jl, 129, 112, 0, 12, MIN_SENSE, 300176.5280525697, 300176.5280525697, LOCALLY_SOLVED, 44.50526785850525
./settings/juniper-p04/JuniperLibSm/edgecross10-070.stdout:DATA, edgecross10-070.jl, 91, 90, 0, 1, MIN_SENSE, 716.9999897620929, 716.9999897620929, LOCALLY_SOLVED, 0.7666599750518799
./settings/juniper-p04/JuniperLibSm/sssd15-08persp.stdout:DATA, sssd15-08persp.jl, 177, 144, 0, 24, MIN_SENSE, NaN, NaN, LOCALLY_INFEASIBLE, 1.7046198844909668
./settings/juniper-p04/JuniperLibSm/nuclearve.stdout:DATA, nuclearve.jl, 352, 168, 0, 267, MIN_SENSE, -1.03102989855267, -1.03102989855267, LOCALLY_SOLVED, 53.19187903404236
./settings/juniper-p04/JuniperLibSm/sssd15-08.stdout:DATA, sssd15-08.jl, 177, 144, 0, 24, MIN_SENSE, 564899.7458419438, 562323.7455917897, TIME_LIMIT, 3600.0294020175934
./settings/juniper-p04/JuniperLibSm/ndcc15persp.stdout:DATA, ndcc15persp.jl, 721, 40, 0, 40, MIN_SENSE, 94.611207098, 94.60550214584774, LOCALLY_SOLVED, 76.969899892807
./settings/juniper-p04/JuniperLibSm/o7_ar25_1.stdout:DATA, o7_ar25_1.jl, 113, 0, 42, 14, MIN_SENSE, 178.36951563637882, 119.74432049381001, TIME_LIMIT, 3600.034415960312
./settings/juniper-p04/JuniperLibSm/routingdelay_bigm.stdout:DATA, routingdelay_bigm.jl, 1124, 396, 0, 396, MIN_SENSE, 146.6255689372562, 146.62556891980583, LOCALLY_SOLVED, 172.94466495513916
./settings/juniper-p04/JuniperLibSm/graphpart_2g-1010-0824.stdout:DATA, graphpart_2g-1010-0824.jl, 301, 300, 0, 1, MIN_SENSE, -6.577088268508646e6, -6.577088268510434e6, LOCALLY_SOLVED, 1.8672499656677246
./settings/juniper-p04/JuniperLibSm/nuclear49.stdout:DATA, nuclear49.jl, 5736, 2401, 0, 1374, MIN_SENSE, -1.151136123175008, -1.1512193636000874, LOCALLY_SOLVED, 1150.7985439300537
./settings/juniper-p04/JuniperLibSm/graphpart_clique-30.stdout:DATA, graphpart_clique-30.jl, 91, 90, 0, 1, MIN_SENSE, 494.9999575541526, 494.9999575541526, LOCALLY_SOLVED, 21.56312894821167
./settings/juniper-p04/JuniperLibSm/waternd2.stdout:DATA, waternd2.jl, 233, 72, 0, 46, MIN_SENSE, 1.0627060583204154e6, 1.0626942691667231e6, LOCALLY_SOLVED, 74.87292098999023
./settings/juniper-p04/JuniperLibSm/crudeoil_li05.stdout:DATA, crudeoil_li05.jl, 941, 132, 0, 192, MAX_SENSE, NaN, 3173.0337117280533, TIME_LIMIT, 3609.0330300331116
./settings/juniper-p04/JuniperLibSm/no7_ar4_1.stdout:DATA, no7_ar4_1.jl, 113, 0, 42, 14, MIN_SENSE, 151.78606452145323, 86.37099869564219, TIME_LIMIT, 3600.0283110141754
./settings/juniper-p04/JuniperLibSm/crudeoil_pooling_ct3.stdout:DATA, crudeoil_pooling_ct3.jl, 730, 128, 0, 211, MIN_SENSE, 420591.986151624, 171488.0708848543, TIME_LIMIT, 3616.38787817955
./settings/juniper-p04/JuniperLibSm/edgecross14-176.stdout:DATA, edgecross14-176.jl, 183, 182, 0, 1, MIN_SENSE, 5874.999999992506, 5874.999970186589, LOCALLY_SOLVED, 2.2205870151519775
./settings/juniper-p04/JuniperLibSm/sssd15-06persp.stdout:DATA, sssd15-06persp.jl, 133, 108, 0, 18, MIN_SENSE, NaN, NaN, LOCALLY_INFEASIBLE, 1.6457791328430176
./settings/juniper-p04/JuniperLibSm/ghg_2veh.stdout:DATA, ghg_2veh.jl, 58, 18, 0, 48, MIN_SENSE, 7.781621735344037, 7.781621686959219, LOCALLY_SOLVED, 3.5110859870910645
./settings/juniper-p04/JuniperLibSm/crudeoil_li02.stdout:DATA, crudeoil_li02.jl, 1298, 240, 0, 54, MAX_SENSE, 4.357886961680809e7, 1.0186495133495048e8, TIME_LIMIT, 3612.9391961097717
./settings/juniper-p04/JuniperLibSm/graphpart_3pm-0344-0344.stdout:DATA, graphpart_3pm-0344-0344.jl, 145, 144, 0, 1, MIN_SENSE, -48.000001612116215, -48.000001612116215, LOCALLY_SOLVED, 90.53865003585815
./settings/juniper-p04/JuniperLibSm/bchoco08.stdout:DATA, bchoco08.jl, 169, 9, 0, 79, MAX_SENSE, NaN, NaN, ITERATION_LIMIT, 24.14948010444641
./settings/juniper-p04/JuniperLibSm/graphpart_3pm-0444-0444.stdout:DATA, graphpart_3pm-0444-0444.jl, 193, 192, 0, 1, MIN_SENSE, -65.00000226231734, -65.00000226231734, LOCALLY_SOLVED, 132.40763902664185
./settings/juniper-p04/JuniperLibSm/sfacloc1_4_80.stdout:DATA, sfacloc1_4_80.jl, 356, 62, 0, 15, MIN_SENSE, 8.209102743119573, 8.209102743119573, LOCALLY_SOLVED, 36.70249605178833
./settings/juniper-p04/JuniperLibSm/squfl020-150.stdout:DATA, squfl020-150.jl, 3021, 20, 0, 1, MIN_SENSE, 557.8485786688627, 557.7963179334644, LOCALLY_SOLVED, 456.13454413414
./settings/juniper-p04/JuniperLibSm/squfl020-040.stdout:DATA, squfl020-040.jl, 821, 20, 0, 1, MIN_SENSE, 209.25484653509488, 209.25484653509488, LOCALLY_SOLVED, 37.642760038375854
./settings/juniper-p04/JuniperLibSm/multiplants_mtg1c.stdout:DATA, multiplants_mtg1c.jl, 245, 120, 0, 28, MAX_SENSE, 683.9712635330247, 683.9712938791083, ALMOST_LOCALLY_SOLVED, 151.8964650630951
./settings/juniper-p04/JuniperLibSm/o7_ar3_1.stdout:DATA, o7_ar3_1.jl, 113, 0, 42, 14, MIN_SENSE, 181.99949335580712, 108.11506400768802, TIME_LIMIT, 3600.088320016861
./settings/juniper-p04/JuniperLibSm/feedtray.stdout:DATA, feedtray.jl, 98, 7, 0, 62, MIN_SENSE, -13.406005552127844, -13.406005552127844, LOCALLY_SOLVED, 1.7088069915771484
./settings/juniper-p04/JuniperLibSm/crudeoil_pooling_dt4.stdout:DATA, crudeoil_pooling_dt4.jl, 5063, 1326, 0, 1121, MAX_SENSE, 13244.150004122173, 13414.046710510316, TIME_LIMIT, 3788.5521161556244
./settings/juniper-p04/JuniperLibSm/csched2.stdout:DATA, csched2.jl, 401, 308, 0, 1, MIN_SENSE, -166101.99948716394, -166101.99948716394, LOCALLY_SOLVED, 51.26207613945007
./settings/juniper-p04/JuniperLibSm/nuclear14a.stdout:DATA, nuclear14a.jl, 993, 600, 0, 584, MIN_SENSE, -1.1296569513425547, -1.1296554215442938, LOCALLY_SOLVED, 5.786832094192505
./settings/juniper-p04/JuniperLibSm/edgecross14-058.stdout:DATA, edgecross14-058.jl, 183, 182, 0, 1, MIN_SENSE, 352.9999999925059, 352.99998742067953, LOCALLY_SOLVED, 1.3435571193695068
./settings/juniper-p04/JuniperLibSm/synheat.stdout:DATA, synheat.jl, 57, 12, 0, 1, MIN_SENSE, 154997.32922568973, 154997.32922568973, LOCALLY_SOLVED, 38.84061288833618
./settings/juniper-p04/JuniperLibSm/nuclear25.stdout:DATA, nuclear25.jl, 1679, 625, 0, 628, MIN_SENSE, -1.1205606008159739, -1.1205606008159739, LOCALLY_SOLVED, 472.458890914917
./settings/juniper-p04/JuniperLibSm/crudeoil_lee3_10.stdout:DATA, crudeoil_lee3_10.jl, 2561, 140, 0, 980, MAX_SENSE, NaN, NaN, ITERATION_LIMIT, 4440.119976043701
./settings/juniper-p04/JuniperLibSm/heatexch_spec2.stdout:DATA, heatexch_spec2.jl, 77, 16, 0, 1, MIN_SENSE, 634976.3196235901, 634976.3196235901, LOCALLY_SOLVED, 42.231189012527466
./settings/juniper-p04/JuniperLibSm/transswitch0118p.stdout:DATA, transswitch0118p.jl, 1240, 179, 0, 1075, MIN_SENSE, 129467.74660709228, 129456.09238361513, LOCALLY_SOLVED, 4.295199871063232
./settings/juniper-p04/JuniperLibSm/watercontamination0303r.stdout:DATA, watercontamination0303r.jl, 385, 14, 0, 1, MIN_SENSE, 424.5439997272998, 424.5439997272998, LOCALLY_SOLVED, 789.4264829158783
./settings/juniper-p04/JuniperLibSm/nuclear10b.stdout:DATA, nuclear10b.jl, 23827, 10920, 0, 3026, MIN_SENSE, NaN, -1.19428033903203, TIME_LIMIT, 3639.8608000278473
./settings/juniper-p04/JuniperLibSm/gasnet_al1.stdout:DATA, gasnet_al1.jl, 725, 136, 0, 382, MIN_SENSE, NaN, NaN, ITERATION_LIMIT, 21.23693299293518
./settings/juniper-p04/JuniperLibSm/space960.stdout:DATA, space960.jl, 5538, 0, 960, 960, MIN_SENSE, NaN, 7.659389960223152e6, TIME_LIMIT, 3602.0908579826355
./settings/juniper-p04/JuniperLibSm/crudeoil_pooling_ct1.stdout:DATA, crudeoil_pooling_ct1.jl, 311, 80, 0, 37, MIN_SENSE, 210537.49213601724, 210537.49213601724, LOCALLY_SOLVED, 2770.5190649032593
./settings/juniper-p04/JuniperLibSm/ibs2.stdout:DATA, ibs2.jl, 3011, 1500, 0, 10, MIN_SENSE, NaN, 4.448537530053688, TIME_LIMIT, 3600.305769920349
./settings/juniper-p04/JuniperLibSm/nuclear25b.stdout:DATA, nuclear25b.jl, 1684, 650, 0, 583, MIN_SENSE, -1.1113686888633456, -1.168444031583939, TIME_LIMIT, 3600.222597837448
./settings/juniper-p04/JuniperLibSm/genpooling_meyer15.stdout:DATA, genpooling_meyer15.jl, 735, 352, 0, 48, MIN_SENSE, 943734.0160444312, 943734.0160444312, LOCALLY_SOLVED, 74.6981508731842
./settings/juniper-p04/JuniperLibSm/gastrans582_warm15.stdout:DATA, gastrans582_warm15.jl, 2187, 0, 250, 909, MIN_SENSE, NaN, 1.1688378030243986e-23, LOCALLY_INFEASIBLE, 162.5508360862732
./settings/juniper-p04/JuniperLibSm/sfacloc1_2_90.stdout:DATA, sfacloc1_2_90.jl, 200, 30, 0, 15, MIN_SENSE, 17.891542502751584, 17.891542502751584, LOCALLY_SOLVED, 6.1820361614227295
./settings/juniper-p04/JuniperLibSm/heatexch_spec3.stdout:DATA, heatexch_spec3.jl, 261, 60, 0, 1, MIN_SENSE, NaN, NaN, ITERATION_LIMIT, 33.26677894592285
./settings/juniper-p04/JuniperLibSm/squfl020-050.stdout:DATA, squfl020-050.jl, 1021, 20, 0, 1, MIN_SENSE, 230.202114971511, 230.1880458744686, LOCALLY_SOLVED, 42.709348917007446
./settings/juniper-p04/JuniperLibSm/sssd15-04persp.stdout:DATA, sssd15-04persp.jl, 89, 72, 0, 12, MIN_SENSE, NaN, NaN, LOCALLY_INFEASIBLE, 1.4551448822021484
./settings/juniper-p04/JuniperLibSm/eg_disc_s.stdout:DATA, eg_disc_s.jl, 8, 0, 4, 28, MIN_SENSE, 6.8390432846127895, 6.8390432846127895, LOCALLY_SOLVED, 52.81669616699219
./settings/juniper-p04/JuniperLibSm/edgecross20-040.stdout:DATA, edgecross20-040.jl, 381, 380, 0, 1, MIN_SENSE, 56.99999999250592, 56.99999258916764, LOCALLY_SOLVED, 5.250516891479492
./settings/juniper-p04/JuniperLibSm/sssd20-04persp.stdout:DATA, sssd20-04persp.jl, 109, 92, 0, 12, MIN_SENSE, NaN, NaN, LOCALLY_INFEASIBLE, 1.567497968673706
./settings/juniper-p04/JuniperLibSm/sfacloc1_3_80.stdout:DATA, sfacloc1_3_80.jl, 294, 62, 0, 15, MIN_SENSE, 8.618360166940244, 8.618360166940244, LOCALLY_SOLVED, 51.36798095703125
./settings/juniper-p04/JuniperLibSm/fo9_ar25_1.stdout:DATA, fo9_ar25_1.jl, 181, 0, 72, 18, MIN_SENSE, 45.87500020406805, 21.657501582235696, TIME_LIMIT, 3600.047765016556
./settings/juniper-p04/JuniperLibSm/fo8_ar4_1.stdout:DATA, fo8_ar4_1.jl, 145, 0, 56, 16, MIN_SENSE, 48.65802552815656, 18.750029321129322, TIME_LIMIT, 3600.0646591186523
./settings/juniper-p04/JuniperLibSm/gams01.stdout:DATA, gams01.jl, 146, 110, 0, 111, MIN_SENSE, 29084.775892858775, 2393.9085088551265, TIME_LIMIT, 3602.758985042572
./settings/juniper-p04/JuniperLibSm/crudeoil_li06.stdout:DATA, crudeoil_li06.jl, 965, 132, 0, 192, MAX_SENSE, NaN, 3374.0054175480905, TIME_LIMIT, 3625.423753976822
./settings/juniper-p04/JuniperLibSm/gasprod_sarawak16.stdout:DATA, gasprod_sarawak16.jl, 1527, 38, 0, 544, MIN_SENSE, -32271.2185339239, -32271.2185339239, LOCALLY_SOLVED, 85.9586079120636
./settings/juniper-p04/JuniperLibSm/routingdelay_proj.stdout:DATA, routingdelay_proj.jl, 1124, 396, 0, 396, MIN_SENSE, 146.62556898913232, 146.62556898415107, LOCALLY_SOLVED, 225.0124809741974
./settings/juniper-p04/JuniperLibSm/waterno2_12.stdout:DATA, waterno2_12.jl, 1993, 108, 0, 780, MIN_SENSE, 2837.727979351315, 759.2164111214973, TIME_LIMIT, 3604.3824911117554
./settings/juniper-p04/JuniperLibSm/sssd20-08.stdout:DATA, sssd20-08.jl, 217, 184, 0, 24, MIN_SENSE, 489246.400771497, 469508.75118919846, TIME_LIMIT, 3600.0679800510406
./settings/juniper-p04/JuniperLibSm/graphpart_2g-0099-9211.stdout:DATA, graphpart_2g-0099-9211.jl, 244, 243, 0, 1, MIN_SENSE, -5.031205202927576e6, -5.031205202927576e6, LOCALLY_SOLVED, 59.764660120010376
./settings/juniper-p04/JuniperLibSm/sssd15-06.stdout:DATA, sssd15-06.jl, 133, 108, 0, 18, MIN_SENSE, 539638.6483940047, 539631.5347768131, LOCALLY_SOLVED, 263.50265884399414
./settings/juniper-p04/JuniperLibSm/o7_ar2_1.stdout:DATA, o7_ar2_1.jl, 113, 0, 42, 14, MIN_SENSE, NaN, 118.06197121848837, TIME_LIMIT, 3600.04878783226
./settings/juniper-p04/JuniperLibSm/sssd22-08.stdout:DATA, sssd22-08.jl, 233, 200, 0, 24, MIN_SENSE, 533585.2335959207, 508550.8023016199, TIME_LIMIT, 3600.0253469944
./settings/juniper-p04/JuniperLibSm/squfl040-080.stdout:DATA, squfl040-080.jl, 3241, 40, 0, 1, MIN_SENSE, 263.8990721402936, 263.8729021711429, LOCALLY_SOLVED, 1185.46066904068
./settings/juniper-p04/JuniperLibSm/waste.stdout:DATA, waste.jl, 2485, 400, 0, 1368, MIN_SENSE, NaN, 536.4618350527813, TIME_LIMIT, 3608.3011770248413
./settings/juniper-p04/JuniperLibSm/transswitch0030r.stdout:DATA, transswitch0030r.jl, 278, 41, 0, 307, MIN_SENSE, 573.9181314383661, 573.9181314383661, LOCALLY_SOLVED, 56.173243045806885
./settings/juniper-p04/JuniperLibSm/supplychainp1_022020.stdout:DATA, supplychainp1_022020.jl, 2941, 460, 0, 1, MIN_SENSE, 2.99690095059926e6, 2.99690095059926e6, LOCALLY_SOLVED, 58.24066996574402
./settings/juniper-p04/JuniperLibSm/portfol_classical200_2.stdout:DATA, portfol_classical200_2.jl, 601, 200, 0, 1, MIN_SENSE, -0.1085978673082381, -0.11815982359808838, TIME_LIMIT, 3600.950911998749
./settings/juniper-p04/JuniperLibSm/ndcc15.stdout:DATA, ndcc15.jl, 681, 40, 0, 40, MIN_SENSE, 94.611207098, 94.611207098, LOCALLY_SOLVED, 331.66506004333496
./settings/juniper-p04/JuniperLibSm/crudeoil_lee3_08.stdout:DATA, crudeoil_lee3_08.jl, 2049, 112, 0, 784, MAX_SENSE, NaN, NaN, ITERATION_LIMIT, 3739.4369220733643
./settings/juniper-p04/JuniperLibSm/nuclearvb.stdout:DATA, nuclearvb.jl, 352, 168, 0, 267, MIN_SENSE, -1.0262335784081764, -1.0262993073856594, LOCALLY_SOLVED, 120.37163186073303
./settings/juniper-p04/JuniperLibSm/SLay08H.stdout:DATA, SLay08H.jl, 633, 112, 0, 1, MIN_SENSE, 84960.21215773227, 84960.21215773224, LOCALLY_SOLVED, 67.54456305503845
./settings/juniper-p04/JuniperLibSm/SLay10H.stdout:DATA, SLay10H.jl, 1011, 180, 0, 1, MIN_SENSE, 129579.88309039577, 129579.88309039573, LOCALLY_SOLVED, 248.98623299598694
./settings/juniper-p04/JuniperLibSm/portfol_robust200_03.stdout:DATA, portfol_robust200_03.jl, 804, 201, 0, 2, MIN_SENSE, -0.12705312898853383, -0.13338247502910017, TIME_LIMIT, 3602.833650827408
./settings/juniper-p04/JuniperLibSm/space25a.stdout:DATA, space25a.jl, 384, 240, 0, 25, MIN_SENSE, 484.3286437556104, 484.3286437556104, LOCALLY_SOLVED, 57.965174198150635
./settings/juniper-p04/JuniperLibSm/kport40.stdout:DATA, kport40.jl, 268, 3, 111, 38, MIN_SENSE, 42.72794238210203, 36.93845496932448, TIME_LIMIT, 3601.7836470603943
./settings/juniper-p04/JuniperLibSm/sssd25-08.stdout:DATA, sssd25-08.jl, 257, 224, 0, 24, MIN_SENSE, 482004.22234383645, 471857.56622403266, TIME_LIMIT, 3600.0710549354553
./settings/juniper-p04/JuniperLibSm/wastepaper5.stdout:DATA, wastepaper5.jl, 105, 65, 0, 24, MIN_SENSE, 0.0010720685994941366, 0.0010720685994941366, LOCALLY_SOLVED, 39.008811950683594
./settings/juniper-p04/JuniperLibSm/deb6.stdout:DATA, deb6.jl, 476, 20, 0, 252, MIN_SENSE, 201.73925702429744, 201.73925702429744, ALMOST_LOCALLY_SOLVED, 52.451647996902466
./settings/juniper-p04/JuniperLibSm/crudeoil_li21.stdout:DATA, crudeoil_li21.jl, 1349, 216, 0, 192, MAX_SENSE, NaN, 4844.432114308866, TIME_LIMIT, 3697.234699010849
./settings/juniper-p04/JuniperLibSm/sfacloc1_4_90.stdout:DATA, sfacloc1_4_90.jl, 324, 30, 0, 15, MIN_SENSE, 10.545190078108883, 10.545190078108883, LOCALLY_SOLVED, 7.998439073562622
./settings/juniper-p04/JuniperLibSm/waterno2_06.stdout:DATA, waterno2_06.jl, 997, 54, 0, 390, MIN_SENSE, 331.29284481425503, 183.83202162432997, TIME_LIMIT, 3600.4197981357574
./settings/juniper-p04/JuniperLibSm/faclay20h.stdout:DATA, faclay20h.jl, 191, 190, 0, 1, MIN_SENSE, 16083.999181247531, 16083.999181247531, LOCALLY_SOLVED, 1.1001980304718018
./settings/juniper-p04/JuniperLibSm/pooling_epa2.stdout:DATA, pooling_epa2.jl, 332, 45, 0, 86, MIN_SENSE, -2621.958406243236, -2621.958406243236, ALMOST_LOCALLY_SOLVED, 49.89156413078308
./settings/juniper-p04/JuniperLibSm/beuster.stdout:DATA, beuster.jl, 158, 52, 0, 47, MIN_SENSE, NaN, NaN, ITERATION_LIMIT, 22.149595022201538
./settings/juniper-p04/JuniperLibSm/o7_ar5_1.stdout:DATA, o7_ar5_1.jl, 113, 0, 42, 14, MIN_SENSE, 159.0496396744875, 86.1856287807319, TIME_LIMIT, 3600.067101955414
./settings/juniper-p04/JuniperLibSm/waterz.stdout:DATA, waterz.jl, 196, 126, 0, 15, MIN_SENSE, NaN, 817.5552829707848, TIME_LIMIT, 3601.2236540317535
./settings/juniper-p04/JuniperLibSm/no7_ar3_1.stdout:DATA, no7_ar3_1.jl, 113, 0, 42, 14, MIN_SENSE, 134.3056570464051, 94.8255535851065, TIME_LIMIT, 3600.0418219566345
./settings/juniper-p04/JuniperLibSm/CLay0205H.stdout:DATA, CLay0205H.jl, 261, 50, 0, 40, MIN_SENSE, 8092.499850032942, 8092.499835057253, LOCALLY_SOLVED, 479.90742087364197
./settings/juniper-p04/JuniperLibSm/edgecross14-078.stdout:DATA, edgecross14-078.jl, 183, 155, 0, 1, MIN_SENSE, 724.9999793673414, 724.9999793673414, LOCALLY_SOLVED, 0.9163849353790283
./settings/juniper-p04/JuniperLibSm/squfl015-080persp.stdout:DATA, squfl015-080persp.jl, 2416, 15, 0, 1200, MIN_SENSE, 402.48819582934806, 402.48819582934806, LOCALLY_SOLVED, 23.33555793762207
./settings/juniper-p04/JuniperLibSm/nuclear14b.stdout:DATA, nuclear14b.jl, 1569, 600, 0, 560, MIN_SENSE, -1.120171258660909, -1.166994215501751, TIME_LIMIT, 3606.04852104187
./settings/juniper-p04/JuniperLibSm/ghg_3veh.stdout:DATA, ghg_3veh.jl, 97, 36, 0, 88, MIN_SENSE, 7.770545474631694, 7.770545474631694, LOCALLY_SOLVED, 13.333153009414673
./settings/juniper-p04/JuniperLibSm/tls6.stdout:DATA, tls6.jl, 216, 173, 6, 6, MIN_SENSE, NaN, 8.099999789115095, TIME_LIMIT, 3600.048972129822
./settings/juniper-p04/JuniperLibSm/water4.stdout:DATA, water4.jl, 196, 126, 0, 15, MIN_SENSE, 906.9983027563521, 906.9982972963563, LOCALLY_SOLVED, 1165.8078200817108
./settings/juniper-p04/JuniperLibSm/bchoco06.stdout:DATA, bchoco06.jl, 119, 7, 0, 47, MAX_SENSE, 0.9627647643016816, 0.962776419495803, LOCALLY_SOLVED, 21.35302996635437
./settings/juniper-p04/JuniperLibSm/RSyn0820M04M.stdout:DATA, RSyn0820M04M.jl, 1021, 416, 0, 56, MAX_SENSE, 729.0429464084577, 6377.581616880487, TIME_LIMIT, 3600.4967749118805
./settings/juniper-p04/JuniperLibSm/sssd16-07persp.stdout:DATA, sssd16-07persp.jl, 162, 133, 0, 21, MIN_SENSE, NaN, NaN, LOCALLY_INFEASIBLE, 1.8902270793914795
./settings/juniper-p04/JuniperLibSm/ndcc13.stdout:DATA, ndcc13.jl, 631, 42, 0, 42, MIN_SENSE, 84.62501278467089, 84.61706432381905, LOCALLY_SOLVED, 2173.1874849796295
./settings/juniper-p04/JuniperLibSm/graphpart_clique-70.stdout:DATA, graphpart_clique-70.jl, 211, 210, 0, 1, MIN_SENSE, 6347.999457056539, 6347.999457061565, LOCALLY_SOLVED, 2.880255937576294
./settings/juniper-p04/JuniperLibSm/crudeoil_li01.stdout:DATA, crudeoil_li01.jl, 345, 48, 0, 56, MAX_SENSE, 5120.851291598356, 5121.3482336316265, ALMOST_LOCALLY_SOLVED, 1015.3695039749146
./settings/juniper-p04/JuniperLibSm/sfacloc1_3_90.stdout:DATA, sfacloc1_3_90.jl, 262, 30, 0, 15, MIN_SENSE, 11.771815033816475, 11.771815033816475, LOCALLY_SOLVED, 39.06324887275696
./settings/juniper-p04/JuniperLibSm/squfl030-150.stdout:DATA, squfl030-150.jl, 4531, 30, 0, 1, MIN_SENSE, 430.57644398581596, 424.12598215433843, TIME_LIMIT, 3600.2982239723206
./settings/juniper-p04/JuniperLibSm/squfl015-060.stdout:DATA, squfl015-060.jl, 916, 15, 0, 1, MIN_SENSE, 366.621771206999, 366.621771206999, LOCALLY_SOLVED, 38.41346621513367
./settings/juniper-p04/JuniperLibSm/squfl040-080persp.stdout:DATA, squfl040-080persp.jl, 6441, 40, 0, 3200, MIN_SENSE, 263.89826475830586, 263.89826475830586, LOCALLY_SOLVED, 367.73682713508606
./settings/juniper-p04/JuniperLibSm/csched2a.stdout:DATA, csched2a.jl, 233, 140, 0, 1, MIN_SENSE, -164806.44456472035, -164806.44456472035, LOCALLY_SOLVED, 55.01253008842468
./settings/juniper-p04/JuniperLibSm/saa_2.stdout:DATA, saa_2.jl, 4408, 400, 0, 3800, MIN_SENSE, 12.71373308313722, 12.070276504691325, TIME_LIMIT, 3604.1876089572906
./settings/juniper-p04/JuniperLibSm/qapw.stdout:DATA, qapw.jl, 451, 225, 0, 1, MIN_SENSE, 388987.9825433493, 388987.9825433493, LOCALLY_SOLVED, 232.98588490486145
./settings/juniper-p04/JuniperLibSm/squfl025-030.stdout:DATA, squfl025-030.jl, 776, 25, 0, 1, MIN_SENSE, 205.5015941442071, 205.5015941442071, LOCALLY_SOLVED, 37.70036220550537
./settings/juniper-p04/JuniperLibSm/oil.stdout:DATA, oil.jl, 1536, 19, 0, 418, MIN_SENSE, -0.9325123714697414, -0.9325936745736808, LOCALLY_SOLVED, 1460.1918630599976
./settings/juniper-p04/JuniperLibSm/carton7.stdout:DATA, carton7.jl, 329, 200, 56, 64, MIN_SENSE, 400.39572118197486, 103.4735277441619, TIME_LIMIT, 3605.4039340019226
./settings/juniper-p04/JuniperLibSm/crudeoil_lee3_07.stdout:DATA, crudeoil_lee3_07.jl, 1793, 98, 0, 686, MAX_SENSE, NaN, 91.56250059045611, TIME_LIMIT, 3639.09871506691
./settings/juniper-p04/JuniperLibSm/ndcc16persp.stdout:DATA, ndcc16persp.jl, 1141, 60, 0, 60, MIN_SENSE, 112.07148304799999, 112.06044877503449, LOCALLY_SOLVED, 3145.892284154892
./settings/juniper-p04/JuniperLibSm/tln6.stdout:DATA, tln6.jl, 49, 6, 42, 6, MIN_SENSE, 15.299999610695508, 14.899999852483965, TIME_LIMIT, 3600.030951976776
./settings/juniper-p04/JuniperLibSm/sfacloc1_3_95.stdout:DATA, sfacloc1_3_95.jl, 234, 9, 0, 15, MIN_SENSE, 12.45671907995886, 12.456719305664736, LOCALLY_SOLVED, 2.744187116622925
./settings/juniper-p04/JuniperLibSm/fo8_ar5_1.stdout:DATA, fo8_ar5_1.jl, 145, 0, 56, 16, MIN_SENSE, 44.57184065556481, 18.406103301445402, TIME_LIMIT, 3600.032028913498
./settings/juniper-p04/JuniperLibSm/forest.stdout:DATA, forest.jl, 237, 73, 0, 24, MAX_SENSE, 1.4396226911524849e7, 1.4396226911524849e7, LOCALLY_SOLVED, 43.14205288887024
./settings/juniper-p04/JuniperLibSm/squfl015-080.stdout:DATA, squfl015-080.jl, 1216, 15, 0, 1, MIN_SENSE, 402.48848553757784, 402.4680288749094, LOCALLY_SOLVED, 51.08971905708313
./settings/juniper-p04/JuniperLibSm/casctanks.stdout:DATA, casctanks.jl, 501, 40, 0, 218, MIN_SENSE, 9.163479125958293, 9.163479125958293, LOCALLY_SOLVED, 50.15184307098389
./settings/juniper-p04/JuniperLibSm/waterx.stdout:DATA, waterx.jl, 71, 14, 0, 16, MIN_SENSE, 930.5888424137922, 930.5888424137922, LOCALLY_SOLVED, 50.65934610366821
./settings/juniper-p04/JuniperLibSm/blend718.stdout:DATA, blend718.jl, 223, 87, 0, 24, MAX_SENSE, 7.393601890012881, 7.3938305785275595, LOCALLY_SOLVED, 244.20778393745422
./settings/juniper-p04/JuniperLibSm/blend531.stdout:DATA, blend531.jl, 273, 104, 0, 32, MAX_SENSE, 20.039004073545055, 20.03982792759819, LOCALLY_SOLVED, 97.7373628616333
./settings/juniper-p04/JuniperLibSm/RSyn0840M04M.stdout:DATA, RSyn0840M04M.jl, 1441, 576, 0, 112, MAX_SENSE, 742.6286368109023, 11107.14267446349, TIME_LIMIT, 3600.547791004181
./settings/juniper-p04/JuniperLibSm/nuclearvd.stdout:DATA, nuclearvd.jl, 352, 168, 0, 267, MIN_SENSE, -1.0346393224539967, -1.0346393224539967, LOCALLY_SOLVED, 117.47113013267517
./settings/juniper-p04/JuniperLibSm/sssd18-06.stdout:DATA, sssd18-06.jl, 151, 126, 0, 18, MIN_SENSE, 397992.2559361697, 397992.0749618316, LOCALLY_SOLVED, 294.99122309684753
./settings/juniper-p04/JuniperLibSm/contvar.stdout:DATA, contvar.jl, 297, 88, 0, 120, MIN_SENSE, 809149.8109905039, 809149.8109905039, LOCALLY_SOLVED, 55.69570779800415
./settings/juniper-p04/JuniperLibSm/RSyn0815M04M.stdout:DATA, RSyn0815M04M.jl, 941, 376, 0, 44, MAX_SENSE, 1927.7085763196428, 5852.43081875385, TIME_LIMIT, 3600.4351150989532
./settings/juniper-p04/JuniperLibSm/watertreatnd_flow.stdout:DATA, watertreatnd_flow.jl, 421, 5, 0, 155, MIN_SENSE, NaN, NaN, LOCALLY_INFEASIBLE, 10.246287822723389
./settings/juniper-p04/JuniperLibSm/bchoco07.stdout:DATA, bchoco07.jl, 135, 8, 0, 56, MAX_SENSE, NaN, NaN, ITERATION_LIMIT, 19.819117069244385
./settings/juniper-p04/JuniperLibSm/unitcommit2.stdout:DATA, unitcommit2.jl, 961, 720, 0, 1, MIN_SENSE, 590882.8538436937, 515907.7499558305, TIME_LIMIT, 3602.004727125168
./settings/juniper-p04/JuniperLibSm/sfacloc1_4_95.stdout:DATA, sfacloc1_4_95.jl, 296, 9, 0, 15, MIN_SENSE, 11.682878639461185, 11.682878639461185, LOCALLY_SOLVED, 6.097378969192505
./settings/juniper-p04/JuniperLibSm/sssd16-07.stdout:DATA, sssd16-07.jl, 162, 133, 0, 21, MIN_SENSE, 418793.2498531502, 417077.7977680489, TIME_LIMIT, 3600.0463440418243
./settings/juniper-p04/JuniperLibSm/wastepaper6.stdout:DATA, wastepaper6.jl, 137, 90, 0, 28, MIN_SENSE, 0.00013972633395877213, 0.00013972633395877213, LOCALLY_SOLVED, 95.42898106575012
./settings/juniper-p04/JuniperLibSm/qap.stdout:DATA, qap.jl, 226, 225, 0, 1, MIN_SENSE, 390781.9805359138, 390781.9805359138, LOCALLY_SOLVED, 1298.7726500034332
./settings/juniper-p04/JuniperLibSm/edgecross22-048.stdout:DATA, edgecross22-048.jl, 463, 462, 0, 1, MIN_SENSE, 85.99999999250586, 85.99998891192274, LOCALLY_SOLVED, 7.1131978034973145
./settings/juniper-p04/JuniperLibSm/graphpart_clique-40.stdout:DATA, graphpart_clique-40.jl, 121, 120, 0, 1, MIN_SENSE, 1182.9998983578387, 1182.9998983632122, LOCALLY_SOLVED, 1.7465448379516602
./settings/juniper-p04/JuniperLibSm/graphpart_clique-60.stdout:DATA, graphpart_clique-60.jl, 181, 180, 0, 1, MIN_SENSE, 3989.9996600995064, 3989.9996600995064, LOCALLY_SOLVED, 1.6106500625610352
./settings/juniper-p04/JuniperLibSm/no7_ar5_1.stdout:DATA, no7_ar5_1.jl, 113, 0, 42, 14, MIN_SENSE, 142.53939465701814, 74.92093001104874, TIME_LIMIT, 3600.0297379493713
./settings/juniper-p04/JuniperLibSm/multiplants_stg1c.stdout:DATA, multiplants_stg1c.jl, 477, 252, 0, 22, MAX_SENSE, 681.3057692102049, 717.5249123722872, TIME_LIMIT, 3601.476650953293
./settings/juniper-p04/JuniperLibSm/blend721.stdout:DATA, blend721.jl, 223, 87, 0, 24, MAX_SENSE, 13.526800646579508, 13.527714586210505, LOCALLY_SOLVED, 161.9076771736145
./settings/juniper-p04/JuniperLibSm/transswitch0009r.stdout:DATA, transswitch0009r.jl, 70, 9, 0, 73, MIN_SENSE, 5296.686203268171, 5296.6862023972935, LOCALLY_SOLVED, 12.902324914932251
./settings/juniper-p04/JuniperLibSm/transswitch0039p.stdout:DATA, transswitch0039p.jl, 329, 46, 0, 277, MIN_SENSE, 41866.123136497125, 41865.917723993756, LOCALLY_SOLVED, 4.351824045181274
./settings/juniper-p04/JuniperLibSm/o9_ar4_1.stdout:DATA, o9_ar4_1.jl, 181, 0, 72, 18, MIN_SENSE, 413.40987069806584, 122.88500189742093, TIME_LIMIT, 3600.0576899051666
./settings/juniper-p04/JuniperLibSm/genpooling_meyer10.stdout:DATA, genpooling_meyer10.jl, 395, 187, 0, 33, MIN_SENSE, 1.1350881189766258e6, 1.1350881189766258e6, LOCALLY_SOLVED, 220.6150119304657
./settings/juniper-p04/JuniperLibSm/ndcc12persp.stdout:DATA, ndcc12persp.jl, 691, 46, 0, 46, MIN_SENSE, 106.35415479599999, 106.35415479599999, LOCALLY_SOLVED, 51.19223189353943
./settings/juniper-p04/JuniperLibSm/gasnet_al3.stdout:DATA, gasnet_al3.jl, 725, 136, 0, 382, MIN_SENSE, NaN, NaN, ITERATION_LIMIT, 32.520512104034424
./settings/juniper-p04/JuniperLibSm/edgecross14-098.stdout:DATA, edgecross14-098.jl, 183, 182, 0, 1, MIN_SENSE, 1365.9999750686895, 1365.9999750686895, LOCALLY_SOLVED, 1.012589931488037
./settings/juniper-p04/JuniperLibSm/nous1.stdout:DATA, nous1.jl, 51, 2, 0, 29, MIN_SENSE, 1.5670719639161532, 1.5670719639161532, LOCALLY_SOLVED, 5.062958002090454
./settings/juniper-p04/JuniperLibSm/pooling_epa3.stdout:DATA, pooling_epa3.jl, 1105, 150, 0, 274, MIN_SENSE, -14963.946134292002, -14963.946134299864, LOCALLY_SOLVED, 3246.825833082199
./settings/juniper-p04/JuniperLibSm/multiplants_mtg1b.stdout:DATA, multiplants_mtg1b.jl, 194, 93, 0, 28, MAX_SENSE, 450.54786836841106, 450.5478720624831, ALMOST_LOCALLY_SOLVED, 535.3648099899292
./settings/juniper-p04/JuniperLibSm/var_con5.stdout:DATA, var_con5.jl, 574, 12, 0, 272, MIN_SENSE, 278.14474452995574, 278.14474452995574, LOCALLY_SOLVED, 43.30425310134888
./settings/juniper-p04/JuniperLibSm/fo9_ar2_1.stdout:DATA, fo9_ar2_1.jl, 181, 0, 72, 18, MIN_SENSE, 45.124648098038165, 24.738349076349465, TIME_LIMIT, 3600.031504869461
./settings/juniper-p04/JuniperLibSm/waterno2_04.stdout:DATA, waterno2_04.jl, 665, 36, 0, 260, MIN_SENSE, 145.43962895898383, 145.43819226573484, LOCALLY_SOLVED, 491.4221279621124
./settings/juniper-p04/JuniperLibSm/nuclear49b.stdout:DATA, nuclear49b.jl, 5743, 2450, 0, 1283, MIN_SENSE, -1.1253200581662075, -1.1843702307274424, TIME_LIMIT, 3601.1753339767456
./settings/juniper-p04/JuniperLibSm/o7.stdout:DATA, o7.jl, 115, 42, 0, 14, MIN_SENSE, 180.3464268377747, 80.20871246652196, TIME_LIMIT, 3600.01793217659
./settings/juniper-p04/JuniperLibSm/RSyn0830M04M.stdout:DATA, RSyn0830M04M.jl, 1241, 496, 0, 80, MAX_SENSE, 752.0068380201352, 7896.341851480321, TIME_LIMIT, 3600.5631971359253
./settings/juniper-p04/JuniperLibSm/gastrans135.stdout:DATA, gastrans135.jl, 1194, 0, 232, 510, MIN_SENSE, 0.0, 0.0, LOCALLY_SOLVED, 30.259864807128906
./settings/juniper-p04/JuniperLibSm/tspn12.stdout:DATA, tspn12.jl, 91, 66, 0, 13, MIN_SENSE, 265.85788073261944, 265.85788073261944, LOCALLY_SOLVED, 1.0497829914093018
./settings/juniper-p04/JuniperLibSm/squfl030-100persp.stdout:DATA, squfl030-100persp.jl, 6031, 30, 0, 3000, MIN_SENSE, 363.0930196668578, 363.0930196668578, LOCALLY_SOLVED, 216.4411940574646
./settings/juniper-p04/JuniperLibSm/tln12.stdout:DATA, tln12.jl, 169, 12, 156, 12, MIN_SENSE, NaN, 85.35458256644438, TIME_LIMIT, 14836.96391916275
./settings/juniper-p04/JuniperLibSm/o8_ar4_1.stdout:DATA, o8_ar4_1.jl, 145, 0, 56, 16, MIN_SENSE, 337.14570459450846, 143.6791590721983, TIME_LIMIT, 3600.0534811019897
./settings/juniper-p04/JuniperLibSm/crudeoil_lee4_09.stdout:DATA, crudeoil_lee4_09.jl, 3520, 171, 0, 1368, MAX_SENSE, NaN, NaN, ITERATION_LIMIT, 5499.268707990646
./settings/juniper-p04/JuniperLibSm/ndcc12.stdout:DATA, ndcc12.jl, 645, 46, 0, 46, MIN_SENSE, 106.35415479599999, 106.35415479599999, LOCALLY_SOLVED, 96.82964301109314
./settings/juniper-p04/JuniperLibSm/squfl030-100.stdout:DATA, squfl030-100.jl, 3031, 30, 0, 1, MIN_SENSE, 363.09375734373356, 363.0577557901355, LOCALLY_SOLVED, 1391.4467549324036
./settings/juniper-p04/JuniperLibSm/sssd12-05persp.stdout:DATA, sssd12-05persp.jl, 96, 75, 0, 15, MIN_SENSE, 2.48116632485237e6, 2.48116632485237e6, ALMOST_LOCALLY_SOLVED, 3.4941329956054688
./settings/juniper-p04/JuniperLibSm/crudeoil_lee4_07.stdout:DATA, crudeoil_lee4_07.jl, 2738, 133, 0, 1064, MAX_SENSE, NaN, NaN, ITERATION_LIMIT, 3713.0805950164795
./settings/juniper-p04/JuniperLibSm/nuclear25a.stdout:DATA, nuclear25a.jl, 1059, 650, 0, 608, MIN_SENSE, -1.1207121266199203, -1.1207121266199203, LOCALLY_SOLVED, 302.2343821525574
./settings/juniper-p04/JuniperLibSm/FLay05H.stdout:DATA, FLay05H.jl, 383, 40, 0, 5, MIN_SENSE, 64.4980611209214, 64.49508429574345, LOCALLY_SOLVED, 1085.558249950409
./settings/juniper-p04/JuniperLibSm/ndcc14persp.stdout:DATA, ndcc14persp.jl, 919, 54, 0, 54, MIN_SENSE, 116.67360058300001, 107.53322379242393, TIME_LIMIT, 3601.357594013214
./settings/juniper-p04/JuniperLibSm/graphpart_2pm-0099-0999.stdout:DATA, graphpart_2pm-0099-0999.jl, 244, 243, 0, 1, MIN_SENSE, -63.000002265613624, -63.000002265613624, LOCALLY_SOLVED, 135.54566311836243
./settings/juniper-p04/JuniperLibSm/chp_shorttermplan2b.stdout:DATA, chp_shorttermplan2b.jl, 1393, 192, 0, 672, MIN_SENSE, -21266.96818005748, -21266.96818005748, LOCALLY_SOLVED, 314.97332406044006
./settings/juniper-p04/JuniperLibSm/bchoco05.stdout:DATA, bchoco05.jl, 91, 6, 0, 30, MAX_SENSE, NaN, NaN, ITERATION_LIMIT, 13.725001096725464
./settings/juniper-p04/JuniperLibSm/gasprod_sarawak81.stdout:DATA, gasprod_sarawak81.jl, 7572, 38, 0, 2754, MIN_SENSE, -32273.004166180835, -32273.004166180835, LOCALLY_SOLVED, 410.21331095695496
./settings/juniper-p04/JuniperLibSm/squfl010-080persp.stdout:DATA, squfl010-080persp.jl, 1611, 10, 0, 800, MIN_SENSE, 509.70577333541206, 509.70577333541206, LOCALLY_SOLVED, 9.902276992797852
./settings/juniper-p04/JuniperLibSm/nuclearva.stdout:DATA, nuclearva.jl, 352, 168, 0, 267, MIN_SENSE, -1.0133789230719146, -1.0133789230719146, LOCALLY_SOLVED, 108.56361508369446
./settings/juniper-p04/JuniperLibSm/blend146.stdout:DATA, blend146.jl, 223, 87, 0, 24, MAX_SENSE, 45.280400899395616, 45.28491966082032, LOCALLY_SOLVED, 1583.6942539215088
./settings/juniper-p04/JuniperLibSm/sfacloc1_2_80.stdout:DATA, sfacloc1_2_80.jl, 232, 62, 0, 15, MIN_SENSE, 12.752053221034439, 12.752053221034439, LOCALLY_SOLVED, 52.97294211387634
./settings/juniper-p04/JuniperLibSm/ndcc13persp.stdout:DATA, ndcc13persp.jl, 673, 42, 0, 42, MIN_SENSE, 84.62501275895723, 84.62501275895723, LOCALLY_SOLVED, 138.06587886810303
./settings/juniper-p04/JuniperLibSm/multiplants_mtg1a.stdout:DATA, multiplants_mtg1a.jl, 194, 93, 0, 28, MAX_SENSE, 391.6135559456804, 391.6136565153567, LOCALLY_SOLVED, 258.44530606269836
./settings/juniper-p04/JuniperLibSm/CLay0305H.stdout:DATA, CLay0305H.jl, 276, 55, 0, 60, MIN_SENSE, 8092.499850458727, 8092.499835057264, LOCALLY_SOLVED, 388.1176059246063
./settings/juniper-p04/JuniperLibSm/fo9_ar5_1.stdout:DATA, fo9_ar5_1.jl, 181, 0, 72, 18, MIN_SENSE, 50.24999043579437, 17.89834395181226, TIME_LIMIT, 3600.04549407959
./settings/juniper-p04/JuniperLibSm/crudeoil_lee4_10.stdout:DATA, crudeoil_lee4_10.jl, 3911, 190, 0, 1520, MAX_SENSE, NaN, 132.58500145867663, TIME_LIMIT, 3913.6617209911346
./settings/juniper-p04/JuniperLibSm/transswitch0014p.stdout:DATA, transswitch0014p.jl, 139, 20, 0, 121, MIN_SENSE, 8082.5816813058755, 8082.301044810768, LOCALLY_SOLVED, 1.6981470584869385
./settings/juniper-p04/JuniperLibSm/transswitch0118r.stdout:DATA, transswitch0118r.jl, 1240, 179, 0, 1311, MIN_SENSE, 129727.86428164154, 129727.86428164154, LOCALLY_SOLVED, 146.5510458946228
./settings/juniper-p04/JuniperLibSm/nuclearvc.stdout:DATA, nuclearvc.jl, 352, 168, 0, 267, MIN_SENSE, -0.9932367542358951, -0.9932367542358951, LOCALLY_SOLVED, 68.05747509002686
./settings/juniper-p04/JuniperLibSm/nuclearvf.stdout:DATA, nuclearvf.jl, 352, 168, 0, 267, MIN_SENSE, -1.0156698579581835, -1.0157553416826133, LOCALLY_SOLVED, 48.79578995704651
./settings/juniper-p04/JuniperLibSm/fo8.stdout:DATA, fo8.jl, 147, 56, 0, 16, MIN_SENSE, 44.89221524865106, 17.622515901093163, TIME_LIMIT, 3600.0543649196625
./settings/juniper-p04/JuniperLibSm/ex1233.stdout:DATA, ex1233.jl, 53, 12, 0, 1, MIN_SENSE, 155010.66783047028, 155010.66783047028, LOCALLY_SOLVED, 38.87126088142395
./settings/juniper-p04/JuniperLibSm/sssd25-08persp.stdout:DATA, sssd25-08persp.jl, 257, 224, 0, 24, MIN_SENSE, NaN, NaN, LOCALLY_INFEASIBLE, 1.855781078338623
./settings/juniper-p04/JuniperLibSm/supplychainr1_022020.stdout:DATA, supplychainr1_022020.jl, 1441, 460, 0, 1, MIN_SENSE, NaN, NaN, ITERATION_LIMIT, 112.87258410453796
./settings/juniper-p04/JuniperLibSm/fo9_ar4_1.stdout:DATA, fo9_ar4_1.jl, 181, 0, 72, 18, MIN_SENSE, 56.249987279090256, 19.25002798486186, TIME_LIMIT, 3600.0546820163727
./settings/juniper-p04/JuniperLibSm/procurement1large.stdout:DATA, procurement1large.jl, 7177, 400, 0, 1, MAX_SENSE, 2107.1991706473914, 3865.4371592862267, TIME_LIMIT, 3607.3813700675964
./settings/juniper-p04/JuniperLibSm/blend852.stdout:DATA, blend852.jl, 305, 120, 0, 32, MAX_SENSE, 53.962701260913136, 53.96800128788015, LOCALLY_SOLVED, 1013.8052380084991
./settings/juniper-p04/JuniperLibSm/crudeoil_lee3_09.stdout:DATA, crudeoil_lee3_09.jl, 2305, 126, 0, 882, MAX_SENSE, NaN, NaN, ITERATION_LIMIT, 5127.653386116028
./settings/juniper-p04/JuniperLibSm/fo8_ar25_1.stdout:DATA, fo8_ar25_1.jl, 145, 0, 56, 16, MIN_SENSE, 36.41629464056099, 21.67956735633311, TIME_LIMIT, 3600.0707790851593
./settings/juniper-p04/JuniperLibSm/transswitch0030p.stdout:DATA, transswitch0030p.jl, 278, 41, 0, 247, MIN_SENSE, 573.9181315155311, 573.9181313296771, LOCALLY_SOLVED, 6.432458162307739
./settings/juniper-p04/JuniperLibSm/crossdock_15x7.stdout:DATA, crossdock_15x7.jl, 211, 210, 0, 1, MIN_SENSE, 14430.999770443821, 14429.559272958155, LOCALLY_SOLVED, 1427.642390012741
./settings/juniper-p04/JuniperLibSm/portfol_shortfall100_04.stdout:DATA, portfol_shortfall100_04.jl, 405, 101, 0, 2, MIN_SENSE, -1.1178789917717387, -1.1188876619302812, TIME_LIMIT, 3600.1150209903717
./settings/juniper-p04/JuniperLibSm/eg_disc2_s.stdout:DATA, eg_disc2_s.jl, 8, 0, 3, 28, MIN_SENSE, 5.936371978040559, 5.936371978040559, LOCALLY_SOLVED, 5.082839012145996
./settings/juniper-p04/JuniperLibSm/carton9.stdout:DATA, carton9.jl, 361, 216, 72, 68, MIN_SENSE, 555.9827286982667, 120.94379944704859, TIME_LIMIT, 3610.148684978485
./settings/juniper-p04/JuniperLibSm/netmod_dol1.stdout:DATA, netmod_dol1.jl, 1999, 462, 0, 1, MIN_SENSE, 0.005223819351378798, -0.5999069374828907, TIME_LIMIT, 3600.258069038391
./settings/juniper-p04/JuniperLibSm/blend480.stdout:DATA, blend480.jl, 313, 124, 0, 32, MAX_SENSE, 3.2950016138580906, 9.414241247105759, TIME_LIMIT, 3600.4948329925537
./settings/juniper-p04/JuniperLibSm/waterno2_18.stdout:DATA, waterno2_18.jl, 2989, 162, 0, 1170, MIN_SENSE, NaN, 829.40140794023, TIME_LIMIT, 6439.365978002548
./settings/juniper-p04/JuniperLibSm/FLay05M.stdout:DATA, FLay05M.jl, 63, 40, 0, 5, MIN_SENSE, 64.49805500547932, 64.49507971364424, LOCALLY_SOLVED, 337.4288909435272
