./configs/juniper-ipopt-cbc/JuniperLibSm/crudeoil_li11.stdout:DATA, crudeoil_li11.jl, 1178, 180, 0, 3506, Max, NaN, 4735.682311395957, UserLimit, 3615.9887311458588
./configs/juniper-ipopt-cbc/JuniperLibSm/nuclear49a.stdout:DATA, nuclear49a.jl, 3342, 2450, 0, 1432, Min, -1.1514558450640309, -1.151453616387115, Optimal, 35.40516519546509
./configs/juniper-ipopt-cbc/JuniperLibSm/sfacloc2_4_80.stdout:DATA, sfacloc2_4_80.jl, 401, 122, 0, 2372, Min, 11.741178817271116, 6.089644958677887, UserLimit, 3600.224616765976
./configs/juniper-ipopt-cbc/JuniperLibSm/FLay06M.stdout:DATA, FLay06M.jl, 87, 60, 0, 94, Min, 80.24744849739683, 61.34779565147365, UserLimit, 3600.114601135254
./configs/juniper-ipopt-cbc/JuniperLibSm/sssd12-05.stdout:DATA, sssd12-05.jl, 96, 75, 0, 53, Min, 281408.60382534686, 281407.85759868706, Optimal, 77.53007102012634
./configs/juniper-ipopt-cbc/JuniperLibSm/sssd20-04.stdout:DATA, sssd20-04.jl, 109, 92, 0, 53, Min, 347691.3683866921, 347690.2455245812, Optimal, 31.887897968292236
./configs/juniper-ipopt-cbc/JuniperLibSm/edgecross14-039.stdout:DATA, edgecross14-039.jl, 183, 80, 0, 1457, Min, 113.99999239677537, 113.99999239677537, Optimal, 17.804233074188232
./configs/juniper-ipopt-cbc/JuniperLibSm/squfl025-040persp.stdout:DATA, squfl025-040persp.jl, 2026, 25, 0, 2041, Min, 198.90763047462556, 198.90763047462556, Optimal, 80.0452790260315
./configs/juniper-ipopt-cbc/JuniperLibSm/oil2.stdout:DATA, oil2.jl, 937, 2, 0, 927, Min, -0.7332600129747349, -0.7332600129747349, Optimal, 6.054113864898682
./configs/juniper-ipopt-cbc/JuniperLibSm/waterno2_09.stdout:DATA, waterno2_09.jl, 1495, 81, 0, 1853, Min, 1361.040383331962, 332.7876401925348, UserLimit, 3600.653652191162
./configs/juniper-ipopt-cbc/JuniperLibSm/fo7.stdout:DATA, fo7.jl, 115, 42, 0, 212, Min, 31.343567712261965, 12.10157548225074, UserLimit, 3600.067703962326
./configs/juniper-ipopt-cbc/JuniperLibSm/hvb11.stdout:DATA, hvb11.jl, 9818, 9537, 0, 10252, Min, 59661.999999423606, 43737.2206386363, UserLimit, 3608.300055027008
./configs/juniper-ipopt-cbc/JuniperLibSm/sssd22-08persp.stdout:DATA, sssd22-08persp.jl, 233, 200, 0, 87, Min, 0, NaN, Infeasible, 2.1333839893341064
./configs/juniper-ipopt-cbc/JuniperLibSm/var_con10.stdout:DATA, var_con10.jl, 574, 12, 0, 465, Min, 444.21379142646384, 444.2004461843042, Optimal, 6.41178297996521
./configs/juniper-ipopt-cbc/JuniperLibSm/crudeoil_li03.stdout:DATA, crudeoil_li03.jl, 965, 132, 0, 2443, Max, NaN, NaN, UserLimit, 1695.6170930862427
./configs/juniper-ipopt-cbc/JuniperLibSm/FLay06H.stdout:DATA, FLay06H.jl, 567, 60, 0, 694, Min, 66.93280125300407, 57.52065098030074, UserLimit, 3600.6817479133606
./configs/juniper-ipopt-cbc/JuniperLibSm/waterno2_03.stdout:DATA, waterno2_03.jl, 499, 27, 0, 617, Min, 115.00451163986709, 115.00451163986709, Optimal, 172.62507796287537
./configs/juniper-ipopt-cbc/JuniperLibSm/hydroenergy1.stdout:DATA, hydroenergy1.jl, 289, 96, 0, 429, Max, 209721.01028478364, 209721.01028478364, Optimal, 6.473160982131958
./configs/juniper-ipopt-cbc/JuniperLibSm/tln7.stdout:DATA, tln7.jl, 64, 7, 56, 43, Min, NaN, 13.946441176912085, UserLimit, 3600.016680955887
./configs/juniper-ipopt-cbc/JuniperLibSm/crudeoil_lee2_09.stdout:DATA, crudeoil_lee2_09.jl, 2080, 126, 0, 4828, Max, 0, NaN, Infeasible, 4196.61699795723
./configs/juniper-ipopt-cbc/JuniperLibSm/kport20.stdout:DATA, kport20.jl, 102, 2, 38, 28, Min, 32.12573597314357, 31.701836820666934, UserLimit, 3600.0053918361664
./configs/juniper-ipopt-cbc/JuniperLibSm/nuclear14.stdout:DATA, nuclear14.jl, 1563, 576, 0, 1227, Min, -1.1287839680824945, -1.128748955798468, Optimal, 45.92005205154419
./configs/juniper-ipopt-cbc/JuniperLibSm/edgecross10-080.stdout:DATA, edgecross10-080.jl, 91, 74, 0, 481, Min, 1047.999998132449, 1047.999990466364, Optimal, 1.0242221355438232
./configs/juniper-ipopt-cbc/JuniperLibSm/sssd18-06persp.stdout:DATA, sssd18-06persp.jl, 151, 126, 0, 67, Min, 0, NaN, Infeasible, 1.8288519382476807
./configs/juniper-ipopt-cbc/JuniperLibSm/tspn08.stdout:DATA, tspn08.jl, 45, 28, 0, 19, Min, 290.5668497473755, 0.0, Optimal, 1.409404993057251
./configs/juniper-ipopt-cbc/JuniperLibSm/squfl025-025.stdout:DATA, squfl025-025.jl, 651, 25, 0, 651, Min, 168.80717835690118, 168.80717835690118, Optimal, 27.812936782836914
./configs/juniper-ipopt-cbc/JuniperLibSm/sssd20-08persp.stdout:DATA, sssd20-08persp.jl, 217, 184, 0, 85, Min, 0, NaN, Infeasible, 2.1357131004333496
./configs/juniper-ipopt-cbc/JuniperLibSm/crudeoil_pooling_ct2.stdout:DATA, crudeoil_pooling_ct2.jl, 404, 108, 0, 733, Max, 10246.219998093628, 10246.219998097475, Optimal, 766.3991060256958
./configs/juniper-ipopt-cbc/JuniperLibSm/multiplants_stg1a.stdout:DATA, multiplants_stg1a.jl, 424, 216, 0, 250, Max, 374.9046820867376, 404.06205576908167, UserLimit, 3602.1175458431244
./configs/juniper-ipopt-cbc/JuniperLibSm/squfl030-150persp.stdout:DATA, squfl030-150persp.jl, 9031, 30, 0, 9151, Min, 430.57530008856264, 430.5352210689594, Optimal, 909.7829740047455
./configs/juniper-ipopt-cbc/JuniperLibSm/sssd18-08.stdout:DATA, sssd18-08.jl, 201, 168, 0, 83, Min, 4.0411748301927904e6, 832054.8672307959, UserLimit, 3600.0117449760437
./configs/juniper-ipopt-cbc/JuniperLibSm/transswitch0014r.stdout:DATA, transswitch0014r.jl, 139, 20, 0, 198, Min, 8082.581685525506, 8082.3010489942035, Optimal, 14.9287691116333
./configs/juniper-ipopt-cbc/JuniperLibSm/ndcc14.stdout:DATA, ndcc14.jl, 865, 54, 0, 306, Min, 119.285959737, 60.227771218154494, UserLimit, 3616.5611729621887
./configs/juniper-ipopt-cbc/JuniperLibSm/chp_partload.stdout:DATA, chp_partload.jl, 2249, 45, 0, 2517, Min, 25.329140269770296, 20.158681076050506, UserLimit, 3602.8564779758453
./configs/juniper-ipopt-cbc/JuniperLibSm/graphpart_clique-50.stdout:DATA, graphpart_clique-50.jl, 151, 150, 0, 51, Min, 2312.0, 2311.999799830089, Optimal, 1.8629529476165771
./configs/juniper-ipopt-cbc/JuniperLibSm/tspn05.stdout:DATA, tspn05.jl, 21, 10, 0, 11, Min, 191.25520713154873, 0.0, Optimal, 0.6988279819488525
./configs/juniper-ipopt-cbc/JuniperLibSm/procurement1mot.stdout:DATA, procurement1mot.jl, 785, 60, 0, 750, Max, 291.54166162188676, 291.54166162188676, Optimal, 444.1062579154968
./configs/juniper-ipopt-cbc/JuniperLibSm/multiplants_stg1.stdout:DATA, multiplants_stg1.jl, 415, 198, 0, 262, Max, 93.38080655822658, 469.1576128771607, UserLimit, 3601.248866081238
./configs/juniper-ipopt-cbc/JuniperLibSm/multiplants_mtg5.stdout:DATA, multiplants_mtg5.jl, 191, 78, 0, 309, Max, 5924.649333987281, 5924.649333987281, Optimal, 1838.304517030716
./configs/juniper-ipopt-cbc/JuniperLibSm/sssd15-04.stdout:DATA, sssd15-04.jl, 89, 72, 0, 48, Min, 205054.4345738232, 205054.43063709958, Optimal, 13.472781896591187
./configs/juniper-ipopt-cbc/JuniperLibSm/genpooling_meyer04.stdout:DATA, genpooling_meyer04.jl, 119, 55, 0, 142, Min, 1.3882616877199528e6, 1.3882616877199528e6, Optimal, 25.010279893875122
./configs/juniper-ipopt-cbc/JuniperLibSm/fo9.stdout:DATA, fo9.jl, 183, 72, 0, 344, Min, NaN, 9.651824500705143, UserLimit, 3600.031886100769
./configs/juniper-ipopt-cbc/JuniperLibSm/graphpart_3g-0444-0444.stdout:DATA, graphpart_3g-0444-0444.jl, 193, 192, 0, 65, Min, -7.513024246449329e6, 0.0, Optimal, 0.7762899398803711
./configs/juniper-ipopt-cbc/JuniperLibSm/tspn15.stdout:DATA, tspn15.jl, 136, 105, 0, 35, Min, 331.089299483446, 0.0, Optimal, 0.8602569103240967
./configs/juniper-ipopt-cbc/JuniperLibSm/heatexch_gen3.stdout:DATA, heatexch_gen3.jl, 581, 60, 0, 511, Min, 77034.34955541078, 77034.34955541078, Optimal, 150.38158202171326
./configs/juniper-ipopt-cbc/JuniperLibSm/product.stdout:DATA, product.jl, 1554, 107, 0, 1926, Min, -2141.8159935361705, -2145.409023079476, UserLimit, 3600.731607913971
./configs/juniper-ipopt-cbc/JuniperLibSm/sssd25-04persp.stdout:DATA, sssd25-04persp.jl, 129, 112, 0, 58, Min, 0, NaN, Infeasible, 1.6499090194702148
./configs/juniper-ipopt-cbc/JuniperLibSm/deb10.stdout:DATA, deb10.jl, 183, 22, 0, 130, Min, 209.4277410973742, 209.4277410973742, Optimal, 5.287851095199585
./configs/juniper-ipopt-cbc/JuniperLibSm/hydroenergy3.stdout:DATA, hydroenergy3.jl, 1009, 336, 0, 1499, Max, 744963.7591529381, 744963.7591529381, Optimal, 98.19381499290466
./configs/juniper-ipopt-cbc/JuniperLibSm/space25.stdout:DATA, space25.jl, 894, 750, 0, 236, Min, 484.32864368800625, 484.32864368800625, Optimal, 184.96595907211304
./configs/juniper-ipopt-cbc/JuniperLibSm/chp_shorttermplan1b.stdout:DATA, chp_shorttermplan1b.jl, 1681, 288, 0, 3851, Min, 274.41090256504856, 274.41090256504856, Optimal, 19.110806941986084
./configs/juniper-ipopt-cbc/JuniperLibSm/supplychainr1_053050.stdout:DATA, supplychainr1_053050.jl, 5151, 1680, 0, 6581, Min, NaN, NaN, UserLimit, 156.24499201774597
./configs/juniper-ipopt-cbc/JuniperLibSm/crudeoil_pooling_ct4.stdout:DATA, crudeoil_pooling_ct4.jl, 534, 138, 0, 925, Max, 13258.26881868307, 13258.26881868307, Optimal, 1205.5065507888794
./configs/juniper-ipopt-cbc/JuniperLibSm/sfacloc1_2_95.stdout:DATA, sfacloc1_2_95.jl, 172, 9, 0, 209, Min, 18.850070001936963, 18.850070011276497, Optimal, 1.2812349796295166
./configs/juniper-ipopt-cbc/JuniperLibSm/o7_2.stdout:DATA, o7_2.jl, 115, 42, 0, 212, Min, 159.4459503710961, 61.51510458285707, UserLimit, 3600.0202338695526
./configs/juniper-ipopt-cbc/JuniperLibSm/edgecross10-060.stdout:DATA, edgecross10-060.jl, 91, 44, 0, 481, Min, 461.99999481909094, 461.99999481909094, Optimal, 1.7290198802947998
./configs/juniper-ipopt-cbc/JuniperLibSm/super3t.stdout:DATA, super3t.jl, 1056, 44, 0, 1343, Min, NaN, -1.000000009090909, UserLimit, 3610.0094108581543
./configs/juniper-ipopt-cbc/JuniperLibSm/4stufen.stdout:DATA, 4stufen.jl, 150, 48, 0, 99, Min, NaN, NaN, UserLimit, 15.628573894500732
./configs/juniper-ipopt-cbc/JuniperLibSm/portfol_shortfall200_05.stdout:DATA, portfol_shortfall200_05.jl, 805, 201, 0, 608, Min, -1.122457743382665, -1.1433782950050586, UserLimit, 3600.2863178253174
./configs/juniper-ipopt-cbc/JuniperLibSm/squfl025-040.stdout:DATA, squfl025-040.jl, 1026, 25, 0, 1041, Min, 197.33383429785118, 197.31723093993568, Optimal, 216.81992292404175
./configs/juniper-ipopt-cbc/JuniperLibSm/crudeoil_lee2_10.stdout:DATA, crudeoil_lee2_10.jl, 2311, 140, 0, 5432, Max, 0, NaN, Infeasible, 4631.456076860428
./configs/juniper-ipopt-cbc/JuniperLibSm/o7_ar4_1.stdout:DATA, o7_ar4_1.jl, 113, 0, 42, 270, Min, 175.81263507248178, 85.16560654676518, UserLimit, 3600.0034589767456
./configs/juniper-ipopt-cbc/JuniperLibSm/tls5.stdout:DATA, tls5.jl, 162, 131, 5, 91, Min, NaN, 5.999999940282053, UserLimit, 3600.773269891739
./configs/juniper-ipopt-cbc/JuniperLibSm/ndcc16.stdout:DATA, ndcc16.jl, 1081, 60, 0, 378, Min, NaN, 61.406331303651825, UserLimit, 3600.2922880649567
./configs/juniper-ipopt-cbc/JuniperLibSm/heatexch_spec1.stdout:DATA, heatexch_spec1.jl, 57, 12, 0, 65, Min, 154997.3336374167, 154997.3336374167, Optimal, 2.412775993347168
./configs/juniper-ipopt-cbc/JuniperLibSm/multiplants_mtg6.stdout:DATA, multiplants_mtg6.jl, 350, 176, 0, 481, Max, 5047.744179839802, 5332.9427764052925, UserLimit, 3601.3302590847015
./configs/juniper-ipopt-cbc/JuniperLibSm/tls7.stdout:DATA, tls7.jl, 346, 289, 7, 155, Min, NaN, 5.2999998661826275, UserLimit, 3600.4834220409393
./configs/juniper-ipopt-cbc/JuniperLibSm/transswitch0009p.stdout:DATA, transswitch0009p.jl, 70, 9, 0, 140, Min, 5296.686202381859, 5296.686201501542, Optimal, 1.445077896118164
./configs/juniper-ipopt-cbc/JuniperLibSm/watercontamination0202r.stdout:DATA, watercontamination0202r.jl, 196, 7, 0, 284, Min, 97.90443362928654, 97.90443362928654, Optimal, 20.175994873046875
./configs/juniper-ipopt-cbc/JuniperLibSm/edgecross24-057.stdout:DATA, edgecross24-057.jl, 553, 552, 0, 8097, Min, 221.99999999090906, 221.99998203906833, Optimal, 22.946678161621094
./configs/juniper-ipopt-cbc/JuniperLibSm/multiplants_mtg2.stdout:DATA, multiplants_mtg2.jl, 230, 112, 0, 307, Max, 7099.1862401595645, 7099.875575293121, Optimal, 2590.6351778507233
./configs/juniper-ipopt-cbc/JuniperLibSm/hydroenergy2.stdout:DATA, hydroenergy2.jl, 577, 192, 0, 857, Max, 371811.87631537725, 371811.87631537725, Optimal, 24.984074115753174
./configs/juniper-ipopt-cbc/JuniperLibSm/heatexch_gen2.stdout:DATA, heatexch_gen2.jl, 149, 16, 0, 167, Min, 844525.9062930767, 844525.9062930767, Optimal, 36.509862184524536
./configs/juniper-ipopt-cbc/JuniperLibSm/waterno2_24.stdout:DATA, waterno2_24.jl, 3985, 216, 0, 4943, Min, NaN, 1449.34328759249, UserLimit, 3600.487072944641
./configs/juniper-ipopt-cbc/JuniperLibSm/sssd18-08persp.stdout:DATA, sssd18-08persp.jl, 201, 168, 0, 83, Min, 0, NaN, Infeasible, 2.053481101989746
./configs/juniper-ipopt-cbc/JuniperLibSm/squfl020-150persp.stdout:DATA, squfl020-150persp.jl, 6021, 20, 0, 6151, Min, 557.8478156443348, 557.8478156443348, Optimal, 240.39351797103882
./configs/juniper-ipopt-cbc/JuniperLibSm/crossdock_15x8.stdout:DATA, crossdock_15x8.jl, 241, 240, 0, 47, Min, 16914.0, 15491.60917963287, UserLimit, 3600.6727719306946
./configs/juniper-ipopt-cbc/JuniperLibSm/fo9_ar3_1.stdout:DATA, fo9_ar3_1.jl, 181, 0, 72, 436, Min, 59.48529359556604, 20.94288672725443, UserLimit, 3600.0758221149445
./configs/juniper-ipopt-cbc/JuniperLibSm/multiplants_stg1b.stdout:DATA, multiplants_stg1b.jl, 476, 243, 0, 280, Max, 419.3813938787966, 518.3607322335455, UserLimit, 3600.616287946701
./configs/juniper-ipopt-cbc/JuniperLibSm/tspn10.stdout:DATA, tspn10.jl, 66, 45, 0, 22, Min, 225.12606528743066, 0.0, Optimal, 0.7716789245605469
./configs/juniper-ipopt-cbc/JuniperLibSm/graphpart_3pm-0334-0334.stdout:DATA, graphpart_3pm-0334-0334.jl, 109, 108, 0, 37, Min, -36.00000121583062, -36.00000121583062, Optimal, 20.43243908882141
./configs/juniper-ipopt-cbc/JuniperLibSm/sssd25-04.stdout:DATA, sssd25-04.jl, 129, 112, 0, 58, Min, 300176.528046431, 300176.528046431, Optimal, 38.25921702384949
./configs/juniper-ipopt-cbc/JuniperLibSm/edgecross10-070.stdout:DATA, edgecross10-070.jl, 91, 90, 0, 481, Min, 722.9999999909091, 722.9999894545454, Optimal, 0.9730589389801025
./configs/juniper-ipopt-cbc/JuniperLibSm/sssd15-08persp.stdout:DATA, sssd15-08persp.jl, 177, 144, 0, 80, Min, 0, NaN, Infeasible, 1.7817950248718262
./configs/juniper-ipopt-cbc/JuniperLibSm/nuclearve.stdout:DATA, nuclearve.jl, 352, 168, 0, 318, Min, -1.0370177522720496, -1.0370177522720496, Optimal, 19.204510927200317
./configs/juniper-ipopt-cbc/JuniperLibSm/sssd15-08.stdout:DATA, sssd15-08.jl, 177, 144, 0, 80, Min, 666047.2980854335, 562222.2482846517, UserLimit, 3600.0426909923553
./configs/juniper-ipopt-cbc/JuniperLibSm/ndcc15persp.stdout:DATA, ndcc15persp.jl, 721, 40, 0, 347, Min, 94.611207098, 94.611207098, Optimal, 49.096232175827026
./configs/juniper-ipopt-cbc/JuniperLibSm/o7_ar25_1.stdout:DATA, o7_ar25_1.jl, 113, 0, 42, 270, Min, 178.36953011336686, 98.84884974920467, UserLimit, 3600.130693912506
./configs/juniper-ipopt-cbc/JuniperLibSm/routingdelay_bigm.stdout:DATA, routingdelay_bigm.jl, 1124, 396, 0, 2978, Min, 146.62556895280588, 146.6255689527905, Optimal, 222.38438487052917
./configs/juniper-ipopt-cbc/JuniperLibSm/graphpart_2g-1010-0824.stdout:DATA, graphpart_2g-1010-0824.jl, 301, 300, 0, 101, Min, -6.961160279820057e6, -6.961160279820057e6, Optimal, 28.879640102386475
./configs/juniper-ipopt-cbc/JuniperLibSm/nuclear49.stdout:DATA, nuclear49.jl, 5736, 2401, 0, 3874, Min, -1.1513097772903291, -1.1513093303888813, Optimal, 669.7901360988617
./configs/juniper-ipopt-cbc/JuniperLibSm/graphpart_clique-30.stdout:DATA, graphpart_clique-30.jl, 91, 90, 0, 31, Min, 494.99995745602405, 0.0, Optimal, 1.0722548961639404
./configs/juniper-ipopt-cbc/JuniperLibSm/waternd2.stdout:DATA, waternd2.jl, 233, 72, 0, 250, Min, 1.0682027135852755e6, 1.0682027135852755e6, Optimal, 32.61984586715698
./configs/juniper-ipopt-cbc/JuniperLibSm/crudeoil_li05.stdout:DATA, crudeoil_li05.jl, 941, 132, 0, 1917, Max, NaN, 3190.607935787675, UserLimit, 3601.116226911545
./configs/juniper-ipopt-cbc/JuniperLibSm/no7_ar4_1.stdout:DATA, no7_ar4_1.jl, 113, 0, 42, 270, Min, 167.15885442435263, 58.75013302201701, UserLimit, 3600.911749124527
./configs/juniper-ipopt-cbc/JuniperLibSm/crudeoil_pooling_ct3.stdout:DATA, crudeoil_pooling_ct3.jl, 730, 128, 0, 1199, Min, 380827.9930198762, 103500.22371800659, UserLimit, 3607.115015029907
./configs/juniper-ipopt-cbc/JuniperLibSm/edgecross14-176.stdout:DATA, edgecross14-176.jl, 183, 182, 0, 1457, Min, 5902.999999990909, 5902.999970019096, Optimal, 1.8398070335388184
./configs/juniper-ipopt-cbc/JuniperLibSm/sssd15-06persp.stdout:DATA, sssd15-06persp.jl, 133, 108, 0, 64, Min, 0, NaN, Infeasible, 1.740121841430664
./configs/juniper-ipopt-cbc/JuniperLibSm/ghg_2veh.stdout:DATA, ghg_2veh.jl, 58, 18, 0, 63, Min, 7.7709044454472815, 7.7709044454472815, Optimal, 4.101292848587036
./configs/juniper-ipopt-cbc/JuniperLibSm/crudeoil_li02.stdout:DATA, crudeoil_li02.jl, 1298, 240, 0, 5005, Max, 1.80100333768098e7, 1.0187326994020948e8, UserLimit, 3605.364890098572
./configs/juniper-ipopt-cbc/JuniperLibSm/graphpart_3pm-0344-0344.stdout:DATA, graphpart_3pm-0344-0344.jl, 145, 144, 0, 49, Min, -48.00000161211621, -48.00000161211621, Optimal, 34.842915058135986
./configs/juniper-ipopt-cbc/JuniperLibSm/bchoco08.stdout:DATA, bchoco08.jl, 169, 9, 0, 191, Max, NaN, NaN, UserLimit, 24.71523690223694
./configs/juniper-ipopt-cbc/JuniperLibSm/graphpart_3pm-0444-0444.stdout:DATA, graphpart_3pm-0444-0444.jl, 193, 192, 0, 65, Min, -65.0000023129357, -65.0000023129357, Optimal, 44.15180516242981
./configs/juniper-ipopt-cbc/JuniperLibSm/sfacloc1_4_80.stdout:DATA, sfacloc1_4_80.jl, 356, 62, 0, 2235, Min, 7.970759989652465, 7.970759989652465, Optimal, 32.495397090911865
./configs/juniper-ipopt-cbc/JuniperLibSm/squfl020-150.stdout:DATA, squfl020-150.jl, 3021, 20, 0, 3151, Min, 557.8485786688627, 557.7937565114745, Optimal, 1964.9483571052551
./configs/juniper-ipopt-cbc/JuniperLibSm/squfl020-040.stdout:DATA, squfl020-040.jl, 821, 20, 0, 841, Min, 209.25484651852003, 209.25484651852003, Optimal, 14.340460062026978
./configs/juniper-ipopt-cbc/JuniperLibSm/multiplants_mtg1c.stdout:DATA, multiplants_mtg1c.jl, 245, 120, 0, 319, Max, 683.971251405921, 683.971251405921, Optimal, 920.204216003418
./configs/juniper-ipopt-cbc/JuniperLibSm/o7_ar3_1.stdout:DATA, o7_ar3_1.jl, 113, 0, 42, 270, Min, 181.99950666962005, 92.05842202298362, UserLimit, 3600.0587441921234
./configs/juniper-ipopt-cbc/JuniperLibSm/feedtray.stdout:DATA, feedtray.jl, 98, 7, 0, 92, Min, -13.406005562497812, 0.0, Optimal, 1.1241791248321533
./configs/juniper-ipopt-cbc/JuniperLibSm/crudeoil_pooling_dt4.stdout:DATA, crudeoil_pooling_dt4.jl, 5063, 1326, 0, 7699, Max, 13244.150005022746, 13244.150005022746, Optimal, 1368.431158065796
./configs/juniper-ipopt-cbc/JuniperLibSm/csched2.stdout:DATA, csched2.jl, 401, 308, 0, 138, Min, 0, NaN, Unbounded, 1.474472999572754
./configs/juniper-ipopt-cbc/JuniperLibSm/nuclear14a.stdout:DATA, nuclear14a.jl, 993, 600, 0, 634, Min, -1.1286410065995458, -1.1286404610915437, Optimal, 5.581804037094116
./configs/juniper-ipopt-cbc/JuniperLibSm/edgecross14-058.stdout:DATA, edgecross14-058.jl, 183, 182, 0, 1457, Min, 383.9999999909091, 383.9999875927303, Optimal, 1.8508310317993164
./configs/juniper-ipopt-cbc/JuniperLibSm/synheat.stdout:DATA, synheat.jl, 57, 12, 0, 65, Min, 154997.33363741668, 154997.33363741668, Optimal, 2.3760571479797363
./configs/juniper-ipopt-cbc/JuniperLibSm/nuclear25.stdout:DATA, nuclear25.jl, 1679, 625, 0, 1304, Min, -1.1203214137733506, -1.1203214137733506, Optimal, 1364.5930318832397
./configs/juniper-ipopt-cbc/JuniperLibSm/crudeoil_lee3_10.stdout:DATA, crudeoil_lee3_10.jl, 2561, 140, 0, 5822, Max, NaN, 91.562499239448, UserLimit, 4407.195471048355
./configs/juniper-ipopt-cbc/JuniperLibSm/heatexch_spec2.stdout:DATA, heatexch_spec2.jl, 77, 16, 0, 91, Min, 634976.3278214148, 634976.3278214148, Optimal, 7.067753076553345
./configs/juniper-ipopt-cbc/JuniperLibSm/transswitch0118p.stdout:DATA, transswitch0118p.jl, 1240, 179, 0, 2480, Min, 129469.31381304086, 129457.87589205588, Optimal, 4.759974002838135
./configs/juniper-ipopt-cbc/JuniperLibSm/watercontamination0303r.stdout:DATA, watercontamination0303r.jl, 385, 14, 0, 557, Min, 424.5440969501139, 424.5440969501139, Optimal, 3487.5189819335938
./configs/juniper-ipopt-cbc/JuniperLibSm/nuclear10b.stdout:DATA, nuclear10b.jl, 23827, 10920, 0, 24972, Min, -1.1566256845487153, -1.1942240856128925, UserLimit, 3624.961233854294
./configs/juniper-ipopt-cbc/JuniperLibSm/gasnet_al1.stdout:DATA, gasnet_al1.jl, 725, 136, 0, 831, Min, NaN, 11146.66003583959, UserLimit, 3600.31480884552
./configs/juniper-ipopt-cbc/JuniperLibSm/space960.stdout:DATA, space960.jl, 5538, 0, 960, 6498, Min, NaN, 7.625648719569208e6, UserLimit, 3600.081330060959
./configs/juniper-ipopt-cbc/JuniperLibSm/crudeoil_pooling_ct1.stdout:DATA, crudeoil_pooling_ct1.jl, 311, 80, 0, 566, Min, 302797.7107174455, 155289.69776421145, UserLimit, 3600.416818857193
./configs/juniper-ipopt-cbc/JuniperLibSm/ibs2.stdout:DATA, ibs2.jl, 3011, 1500, 0, 1822, Min, NaN, 4.447077243790499, UserLimit, 3600.6153988838196
./configs/juniper-ipopt-cbc/JuniperLibSm/nuclear25b.stdout:DATA, nuclear25b.jl, 1684, 650, 0, 1910, Min, -1.0952341148343292, -1.1688816459657347, UserLimit, 3601.1207189559937
./configs/juniper-ipopt-cbc/JuniperLibSm/genpooling_meyer15.stdout:DATA, genpooling_meyer15.jl, 735, 352, 0, 769, Min, 943734.0268721945, 943655.8490655008, Optimal, 69.80811595916748
./configs/juniper-ipopt-cbc/JuniperLibSm/gastrans582_warm15.stdout:DATA, gastrans582_warm15.jl, 2187, 0, 250, 3733, Min, 0, NaN, Infeasible, 397.61354780197144
./configs/juniper-ipopt-cbc/JuniperLibSm/sfacloc1_2_90.stdout:DATA, sfacloc1_2_90.jl, 200, 30, 0, 349, Min, 17.891542558636882, 17.891542558636882, Optimal, 2.8035380840301514
./configs/juniper-ipopt-cbc/JuniperLibSm/heatexch_spec3.stdout:DATA, heatexch_spec3.jl, 261, 60, 0, 251, Min, NaN, NaN, UserLimit, 33.653995990753174
./configs/juniper-ipopt-cbc/JuniperLibSm/squfl020-050.stdout:DATA, squfl020-050.jl, 1021, 20, 0, 1051, Min, 230.20211501901917, 230.20211501901917, Optimal, 62.45819687843323
./configs/juniper-ipopt-cbc/JuniperLibSm/sssd15-04persp.stdout:DATA, sssd15-04persp.jl, 89, 72, 0, 48, Min, 0, NaN, Infeasible, 1.5571489334106445
./configs/juniper-ipopt-cbc/JuniperLibSm/eg_disc_s.stdout:DATA, eg_disc_s.jl, 8, 0, 4, 28, Min, 6.839043284612786, 6.839043284612786, Optimal, 51.4431209564209
./configs/juniper-ipopt-cbc/JuniperLibSm/edgecross20-040.stdout:DATA, edgecross20-040.jl, 381, 380, 0, 4561, Min, 57.99999999090911, 57.99998970817098, Optimal, 11.2290198802948
./configs/juniper-ipopt-cbc/JuniperLibSm/sssd20-04persp.stdout:DATA, sssd20-04persp.jl, 109, 92, 0, 53, Min, 0, NaN, Infeasible, 1.6585869789123535
./configs/juniper-ipopt-cbc/JuniperLibSm/sfacloc1_3_80.stdout:DATA, sfacloc1_3_80.jl, 294, 62, 0, 2162, Min, 8.608684724012653, 8.608684724012653, Optimal, 21.805757999420166
./configs/juniper-ipopt-cbc/JuniperLibSm/fo9_ar25_1.stdout:DATA, fo9_ar25_1.jl, 181, 0, 72, 436, Min, NaN, 21.951442930389746, UserLimit, 3600.0285930633545
./configs/juniper-ipopt-cbc/JuniperLibSm/fo8_ar4_1.stdout:DATA, fo8_ar4_1.jl, 145, 0, 56, 348, Min, 44.89221799576782, 18.558153714979532, UserLimit, 3600.056130886078
./configs/juniper-ipopt-cbc/JuniperLibSm/gams01.stdout:DATA, gams01.jl, 146, 110, 0, 1269, Min, 29084.77539150173, 1401.122719560626, UserLimit, 3600.948142051697
./configs/juniper-ipopt-cbc/JuniperLibSm/crudeoil_li06.stdout:DATA, crudeoil_li06.jl, 965, 132, 0, 2437, Max, NaN, 3374.7020393998155, UserLimit, 3633.900528907776
./configs/juniper-ipopt-cbc/JuniperLibSm/gasprod_sarawak16.stdout:DATA, gasprod_sarawak16.jl, 1527, 38, 0, 2253, Min, -32271.218395200678, -32271.218395200678, Optimal, 65.07308292388916
./configs/juniper-ipopt-cbc/JuniperLibSm/routingdelay_proj.stdout:DATA, routingdelay_proj.jl, 1124, 396, 0, 2978, Min, 146.625568999845, 146.625568999845, Optimal, 226.2673008441925
./configs/juniper-ipopt-cbc/JuniperLibSm/waterno2_12.stdout:DATA, waterno2_12.jl, 1993, 108, 0, 2471, Min, 2824.8485937608725, 697.7437919666888, UserLimit, 3600.6106898784637
./configs/juniper-ipopt-cbc/JuniperLibSm/sssd20-08.stdout:DATA, sssd20-08.jl, 217, 184, 0, 85, Min, 489246.4013211286, 469471.44311252824, UserLimit, 3600.009344816208
./configs/juniper-ipopt-cbc/JuniperLibSm/graphpart_2g-0099-9211.stdout:DATA, graphpart_2g-0099-9211.jl, 244, 243, 0, 82, Min, -5.0312052007131865e6, -5.0312052007131865e6, Optimal, 21.78107190132141
./configs/juniper-ipopt-cbc/JuniperLibSm/crudeoil_pooling_dt1.stdout:DATA, crudeoil_pooling_dt1.jl, 3713, 916, 0, 5779, Min, 981384.925040567, 128558.98163624862, UserLimit, 3600.5373311042786
./configs/juniper-ipopt-cbc/JuniperLibSm/sssd15-06.stdout:DATA, sssd15-06.jl, 133, 108, 0, 64, Min, 539635.4068485375, 539633.5630708323, Optimal, 1765.1011369228363
./configs/juniper-ipopt-cbc/JuniperLibSm/o7_ar2_1.stdout:DATA, o7_ar2_1.jl, 113, 0, 42, 270, Min, NaN, 102.83475492144036, UserLimit, 3600.0005428791046
./configs/juniper-ipopt-cbc/JuniperLibSm/sssd22-08.stdout:DATA, sssd22-08.jl, 233, 200, 0, 87, Min, 533585.2360319784, 508474.5170518146, UserLimit, 3600.0530829429626
./configs/juniper-ipopt-cbc/JuniperLibSm/squfl040-080.stdout:DATA, squfl040-080.jl, 3241, 40, 0, 3281, Min, 2314.96333040871, 255.9811643506873, UserLimit, 3600.0869410037994
./configs/juniper-ipopt-cbc/JuniperLibSm/waste.stdout:DATA, waste.jl, 2485, 400, 0, 1992, Min, 972.7979282408942, 531.1036472205784, UserLimit, 3609.0448939800262
./configs/juniper-ipopt-cbc/JuniperLibSm/transswitch0030r.stdout:DATA, transswitch0030r.jl, 278, 41, 0, 392, Min, 573.9373049225351, 573.9353194645347, Optimal, 26.178406953811646
./configs/juniper-ipopt-cbc/JuniperLibSm/supplychainp1_022020.stdout:DATA, supplychainp1_022020.jl, 2941, 460, 0, 5301, Min, 2.996900940495849e6, 2.996900940495849e6, Optimal, 216.8887038230896
./configs/juniper-ipopt-cbc/JuniperLibSm/portfol_classical200_2.stdout:DATA, portfol_classical200_2.jl, 601, 200, 0, 404, Min, -0.10063072864839333, -0.12005157842823197, UserLimit, 3600.4010560512543
./configs/juniper-ipopt-cbc/JuniperLibSm/ndcc15.stdout:DATA, ndcc15.jl, 681, 40, 0, 307, Min, 94.611207098, 94.611207098, Optimal, 761.9457619190216
./configs/juniper-ipopt-cbc/JuniperLibSm/crudeoil_lee3_08.stdout:DATA, crudeoil_lee3_08.jl, 2049, 112, 0, 4557, Max, NaN, 91.03124976366921, UserLimit, 4039.0102219581604
./configs/juniper-ipopt-cbc/JuniperLibSm/nuclearvb.stdout:DATA, nuclearvb.jl, 352, 168, 0, 318, Min, -1.0301292223951513, -1.0301292223951513, Optimal, 21.138090133666992
./configs/juniper-ipopt-cbc/JuniperLibSm/SLay08H.stdout:DATA, SLay08H.jl, 633, 112, 0, 813, Min, 84960.21215773224, 84960.21215773224, Optimal, 2069.816973924637
./configs/juniper-ipopt-cbc/JuniperLibSm/SLay10H.stdout:DATA, SLay10H.jl, 1011, 180, 0, 1306, Min, 129579.88309039573, 129575.80891470354, Optimal, 3386.3749539852142
./configs/juniper-ipopt-cbc/JuniperLibSm/portfol_robust200_03.stdout:DATA, portfol_robust200_03.jl, 804, 201, 0, 607, Min, -9.76100634456296e-9, -0.1342351850695773, UserLimit, 3600.2261369228363
./configs/juniper-ipopt-cbc/JuniperLibSm/space25a.stdout:DATA, space25a.jl, 384, 240, 0, 202, Min, 484.3286428025497, 484.30131715799183, Optimal, 29.822092056274414
./configs/juniper-ipopt-cbc/JuniperLibSm/kport40.stdout:DATA, kport40.jl, 268, 3, 111, 49, Min, NaN, 36.7992821638767, UserLimit, 3600.4657769203186
./configs/juniper-ipopt-cbc/JuniperLibSm/sssd25-08.stdout:DATA, sssd25-08.jl, 257, 224, 0, 90, Min, 482004.2505828571, 471780.57694833376, UserLimit, 3600.048873901367
./configs/juniper-ipopt-cbc/JuniperLibSm/wastepaper5.stdout:DATA, wastepaper5.jl, 105, 65, 0, 47, Min, 0.0008212021912905406, 0.0008212021912905406, Optimal, 11.393854856491089
./configs/juniper-ipopt-cbc/JuniperLibSm/deb6.stdout:DATA, deb6.jl, 476, 20, 0, 508, Min, 201.73926040328627, 201.73926040328627, Optimal, 26.955841064453125
./configs/juniper-ipopt-cbc/JuniperLibSm/crudeoil_li21.stdout:DATA, crudeoil_li21.jl, 1349, 216, 0, 4682, Max, NaN, NaN, UserLimit, 6709.76740694046
./configs/juniper-ipopt-cbc/JuniperLibSm/sfacloc1_4_90.stdout:DATA, sfacloc1_4_90.jl, 324, 30, 0, 495, Min, 10.457446492858521, 10.457446492858521, Optimal, 4.737538814544678
./configs/juniper-ipopt-cbc/JuniperLibSm/crudeoil_pooling_dt3.stdout:DATA, crudeoil_pooling_dt3.jl, 9434, 1638, 0, 13835, Min, 0, NaN, Infeasible, 2101.1783769130707
./configs/juniper-ipopt-cbc/JuniperLibSm/waterno2_06.stdout:DATA, waterno2_06.jl, 997, 54, 0, 1235, Min, 332.850907022249, 154.59583132449316, UserLimit, 3600.3140149116516
./configs/juniper-ipopt-cbc/JuniperLibSm/faclay20h.stdout:DATA, faclay20h.jl, 191, 190, 0, 2281, Min, 16432.99919307999, 0.0, Optimal, 1.6534018516540527
./configs/juniper-ipopt-cbc/JuniperLibSm/pooling_epa2.stdout:DATA, pooling_epa2.jl, 332, 45, 0, 525, Min, -4567.3558241049495, -4567.3558241049495, Optimal, 60.788630962371826
./configs/juniper-ipopt-cbc/JuniperLibSm/beuster.stdout:DATA, beuster.jl, 158, 52, 0, 115, Min, NaN, NaN, UserLimit, 17.732321977615356
./configs/juniper-ipopt-cbc/JuniperLibSm/o7_ar5_1.stdout:DATA, o7_ar5_1.jl, 113, 0, 42, 270, Min, 200.0867951566185, 83.49457361982456, UserLimit, 3600.0185718536377
./configs/juniper-ipopt-cbc/JuniperLibSm/waterz.stdout:DATA, waterz.jl, 196, 126, 0, 138, Min, NaN, 755.3345291822632, UserLimit, 3600.7100138664246
./configs/juniper-ipopt-cbc/JuniperLibSm/no7_ar3_1.stdout:DATA, no7_ar3_1.jl, 113, 0, 42, 270, Min, 134.30566322146134, 76.29151630047066, UserLimit, 3600.042464017868
./configs/juniper-ipopt-cbc/JuniperLibSm/CLay0205H.stdout:DATA, CLay0205H.jl, 261, 50, 0, 366, Min, 8092.4998504581545, 8092.4998504581545, Optimal, 2573.209466934204
./configs/juniper-ipopt-cbc/JuniperLibSm/edgecross14-078.stdout:DATA, edgecross14-078.jl, 183, 155, 0, 1457, Min, 724.9999779263666, 0.0, Optimal, 28.872720956802368
./configs/juniper-ipopt-cbc/JuniperLibSm/squfl015-080persp.stdout:DATA, squfl015-080persp.jl, 2416, 15, 0, 2481, Min, 402.48819281112657, 402.48819281112657, Optimal, 25.071682929992676
./configs/juniper-ipopt-cbc/JuniperLibSm/nuclear14b.stdout:DATA, nuclear14b.jl, 1569, 600, 0, 1786, Min, -1.1195821283184744, -1.1674570946512044, UserLimit, 3600.118306159973
./configs/juniper-ipopt-cbc/JuniperLibSm/ghg_3veh.stdout:DATA, ghg_3veh.jl, 97, 36, 0, 120, Min, 7.774759320955366, 7.774759320955366, Optimal, 5.899448871612549
./configs/juniper-ipopt-cbc/JuniperLibSm/tls6.stdout:DATA, tls6.jl, 216, 173, 6, 121, Min, NaN, 8.445025757157316, UserLimit, 3600.50261592865
./configs/juniper-ipopt-cbc/JuniperLibSm/water4.stdout:DATA, water4.jl, 196, 126, 0, 138, Min, 1044.6495225484887, 887.5529563775901, UserLimit, 3600.2455909252167
./configs/juniper-ipopt-cbc/JuniperLibSm/bchoco06.stdout:DATA, bchoco06.jl, 119, 7, 0, 135, Max, NaN, NaN, UserLimit, 15.819287061691284
./configs/juniper-ipopt-cbc/JuniperLibSm/RSyn0820M04M.stdout:DATA, RSyn0820M04M.jl, 1021, 416, 0, 2677, Max, 729.0425545676419, 7408.722843208863, UserLimit, 3600.5276329517365
./configs/juniper-ipopt-cbc/JuniperLibSm/sssd16-07persp.stdout:DATA, sssd16-07persp.jl, 162, 133, 0, 73, Min, 0, NaN, Infeasible, 1.852905035018921
./configs/juniper-ipopt-cbc/JuniperLibSm/ndcc13.stdout:DATA, ndcc13.jl, 631, 42, 0, 255, Min, 89.53498745200004, 81.1070634821038, UserLimit, 3600.7888610363007
./configs/juniper-ipopt-cbc/JuniperLibSm/graphpart_clique-70.stdout:DATA, graphpart_clique-70.jl, 211, 210, 0, 71, Min, 6348.0, 6347.999456837259, Optimal, 3.4043540954589844
./configs/juniper-ipopt-cbc/JuniperLibSm/crudeoil_li01.stdout:DATA, crudeoil_li01.jl, 345, 48, 0, 696, Max, 5122.564513508949, 5122.564513508949, Optimal, 1769.4260368347168
./configs/juniper-ipopt-cbc/JuniperLibSm/eg_all_s.stdout:DATA, eg_all_s.jl, 8, 0, 7, 28, Min, 7.657751809751292, 7.657751809751292, Optimal, 15.246262073516846
./configs/juniper-ipopt-cbc/JuniperLibSm/sfacloc1_3_90.stdout:DATA, sfacloc1_3_90.jl, 262, 30, 0, 422, Min, 11.621976489560181, 11.621976489560181, Optimal, 3.359955072402954
./configs/juniper-ipopt-cbc/JuniperLibSm/squfl030-150.stdout:DATA, squfl030-150.jl, 4531, 30, 0, 4651, Min, 4021.742379249972, 381.46005874886254, UserLimit, 3600.383778810501
./configs/juniper-ipopt-cbc/JuniperLibSm/squfl015-060.stdout:DATA, squfl015-060.jl, 916, 15, 0, 961, Min, 366.621771206999, 366.621771206999, Optimal, 29.25061798095703
./configs/juniper-ipopt-cbc/JuniperLibSm/squfl040-080persp.stdout:DATA, squfl040-080persp.jl, 6441, 40, 0, 6481, Min, 265.21768916842655, 265.21768916842655, Optimal, 149.31408405303955
./configs/juniper-ipopt-cbc/JuniperLibSm/csched2a.stdout:DATA, csched2a.jl, 233, 140, 0, 138, Min, -165398.70159360027, -165414.6927168549, Optimal, 93.30855703353882
./configs/juniper-ipopt-cbc/JuniperLibSm/saa_2.stdout:DATA, saa_2.jl, 4408, 400, 0, 6206, Min, 12.713733083432729, 11.884843131914337, UserLimit, 3601.3992149829865
./configs/juniper-ipopt-cbc/JuniperLibSm/qapw.stdout:DATA, qapw.jl, 451, 225, 0, 256, Min, 391539.97855928075, 391539.97855928075, Optimal, 569.472405910492
./configs/juniper-ipopt-cbc/JuniperLibSm/squfl025-030.stdout:DATA, squfl025-030.jl, 776, 25, 0, 781, Min, 205.5015941442071, 205.5015941442071, Optimal, 31.675286054611206
./configs/juniper-ipopt-cbc/JuniperLibSm/oil.stdout:DATA, oil.jl, 1536, 19, 0, 1547, Min, -0.8513745056523999, -0.8513745056523999, Optimal, 9.928107976913452
./configs/juniper-ipopt-cbc/JuniperLibSm/carton7.stdout:DATA, carton7.jl, 329, 200, 56, 688, Min, 400.3957212107384, 79.79339319679862, UserLimit, 3603.238599061966
./configs/juniper-ipopt-cbc/JuniperLibSm/crudeoil_lee3_07.stdout:DATA, crudeoil_lee3_07.jl, 1793, 98, 0, 3950, Max, 0, NaN, Infeasible, 3469.0371708869934
./configs/juniper-ipopt-cbc/JuniperLibSm/ndcc16persp.stdout:DATA, ndcc16persp.jl, 1141, 60, 0, 438, Min, NaN, 105.34582433039378, UserLimit, 3601.7984070777893
./configs/juniper-ipopt-cbc/JuniperLibSm/tln6.stdout:DATA, tln6.jl, 49, 6, 42, 37, Min, 20.7, 14.949999971971819, UserLimit, 3600.005136013031
./configs/juniper-ipopt-cbc/JuniperLibSm/sfacloc1_3_95.stdout:DATA, sfacloc1_3_95.jl, 234, 9, 0, 282, Min, 12.45671919327488, 12.456719205395741, Optimal, 1.3687958717346191
./configs/juniper-ipopt-cbc/JuniperLibSm/fo8_ar5_1.stdout:DATA, fo8_ar5_1.jl, 145, 0, 56, 348, Min, 44.571850069525794, 17.321479997688137, UserLimit, 3600.0299661159515
./configs/juniper-ipopt-cbc/JuniperLibSm/forest.stdout:DATA, forest.jl, 237, 73, 0, 310, Max, 1.4396226486553578e7, 1.439652372486053e7, Optimal, 9.833243131637573
./configs/juniper-ipopt-cbc/JuniperLibSm/squfl015-080.stdout:DATA, squfl015-080.jl, 1216, 15, 0, 1281, Min, 402.48848553746416, 402.45531703884916, Optimal, 100.9896240234375
./configs/juniper-ipopt-cbc/JuniperLibSm/casctanks.stdout:DATA, casctanks.jl, 501, 40, 0, 518, Min, 9.163479125958352, 9.163479125958352, Optimal, 15.376224040985107
./configs/juniper-ipopt-cbc/JuniperLibSm/waterx.stdout:DATA, waterx.jl, 71, 14, 0, 55, Min, 909.02783309195, 909.02783309195, Optimal, 10.611104965209961
./configs/juniper-ipopt-cbc/JuniperLibSm/blend718.stdout:DATA, blend718.jl, 223, 87, 0, 607, Max, 7.393601902360752, 7.393601902360752, Optimal, 735.148255109787
./configs/juniper-ipopt-cbc/JuniperLibSm/blend531.stdout:DATA, blend531.jl, 273, 104, 0, 737, Max, 20.03900424431876, 20.040945260894823, Optimal, 1449.5660610198975
./configs/juniper-ipopt-cbc/JuniperLibSm/RSyn0840M04M.stdout:DATA, RSyn0840M04M.jl, 1441, 576, 0, 3729, Max, 450.3539863372893, 11040.117093030303, UserLimit, 3600.1187419891357
./configs/juniper-ipopt-cbc/JuniperLibSm/nuclearvd.stdout:DATA, nuclearvd.jl, 352, 168, 0, 318, Min, -1.0399393670234074, -1.0399393670234074, Optimal, 13.124656915664673
./configs/juniper-ipopt-cbc/JuniperLibSm/sssd18-06.stdout:DATA, sssd18-06.jl, 151, 126, 0, 67, Min, 397992.24757194205, 397992.0680404631, Optimal, 913.0294308662415
./configs/juniper-ipopt-cbc/JuniperLibSm/contvar.stdout:DATA, contvar.jl, 297, 88, 0, 285, Min, 809149.8109905007, 809149.8109905007, Optimal, 42.17060399055481
./configs/juniper-ipopt-cbc/JuniperLibSm/RSyn0815M04M.stdout:DATA, RSyn0815M04M.jl, 941, 376, 0, 2431, Max, 1927.7081387878736, 6477.222501900803, UserLimit, 3600.0545949935913
./configs/juniper-ipopt-cbc/JuniperLibSm/watertreatnd_flow.stdout:DATA, watertreatnd_flow.jl, 421, 5, 0, 380, Min, NaN, NaN, UserLimit, 51.99375009536743
./configs/juniper-ipopt-cbc/JuniperLibSm/bchoco07.stdout:DATA, bchoco07.jl, 135, 8, 0, 154, Max, NaN, NaN, UserLimit, 223.79173612594604
./configs/juniper-ipopt-cbc/JuniperLibSm/unitcommit2.stdout:DATA, unitcommit2.jl, 961, 720, 0, 5330, Min, 590882.8561923088, 525279.4860556903, UserLimit, 3601.0182609558105
./configs/juniper-ipopt-cbc/JuniperLibSm/sfacloc1_4_95.stdout:DATA, sfacloc1_4_95.jl, 296, 9, 0, 355, Min, 11.243001338655898, 11.243001338655898, Optimal, 3.3461859226226807
./configs/juniper-ipopt-cbc/JuniperLibSm/sssd16-07.stdout:DATA, sssd16-07.jl, 162, 133, 0, 73, Min, 420463.6636159981, 416947.52637346607, UserLimit, 3600.08571100235
./configs/juniper-ipopt-cbc/JuniperLibSm/wastepaper6.stdout:DATA, wastepaper6.jl, 137, 90, 0, 55, Min, 0.00012638308224782168, 0.00012638308224782168, Optimal, 51.440038204193115
./configs/juniper-ipopt-cbc/JuniperLibSm/qap.stdout:DATA, qap.jl, 226, 225, 0, 31, Min, 391667.9788254568, 391667.9788254568, Optimal, 1401.2119669914246
./configs/juniper-ipopt-cbc/JuniperLibSm/edgecross22-048.stdout:DATA, edgecross22-048.jl, 463, 462, 0, 6161, Min, 83.99999999090912, 83.9999849745178, Optimal, 11.641948938369751
./configs/juniper-ipopt-cbc/JuniperLibSm/graphpart_clique-40.stdout:DATA, graphpart_clique-40.jl, 121, 120, 0, 41, Min, 1183.0, 1182.9998982333314, Optimal, 1.348149061203003
./configs/juniper-ipopt-cbc/JuniperLibSm/graphpart_clique-60.stdout:DATA, graphpart_clique-60.jl, 181, 180, 0, 61, Min, 3989.9996599082733, 0.0, Optimal, 2.0962629318237305
./configs/juniper-ipopt-cbc/JuniperLibSm/no7_ar5_1.stdout:DATA, no7_ar5_1.jl, 113, 0, 42, 270, Min, 120.63316168575987, 67.03559178368457, UserLimit, 3600.035089969635
./configs/juniper-ipopt-cbc/JuniperLibSm/multiplants_stg1c.stdout:DATA, multiplants_stg1c.jl, 477, 252, 0, 270, Max, 659.3931171578189, 770.7723099596479, UserLimit, 3600.490233898163
./configs/juniper-ipopt-cbc/JuniperLibSm/blend721.stdout:DATA, blend721.jl, 223, 87, 0, 628, Max, 13.52680063010652, 13.528063412985853, Optimal, 384.8996961116791
./configs/juniper-ipopt-cbc/JuniperLibSm/transswitch0009r.stdout:DATA, transswitch0009r.jl, 70, 9, 0, 104, Min, 5296.686203261219, 5296.6862023809, Optimal, 14.186037063598633
./configs/juniper-ipopt-cbc/JuniperLibSm/transswitch0039p.stdout:DATA, transswitch0039p.jl, 329, 46, 0, 658, Min, 41866.123169064624, 41865.917756554925, Optimal, 4.063043117523193
./configs/juniper-ipopt-cbc/JuniperLibSm/o9_ar4_1.stdout:DATA, o9_ar4_1.jl, 181, 0, 72, 436, Min, 393.0820486910634, 119.65028898359384, UserLimit, 3600.0429730415344
./configs/juniper-ipopt-cbc/JuniperLibSm/genpooling_meyer10.stdout:DATA, genpooling_meyer10.jl, 395, 187, 0, 424, Min, 1.1347518563766254e6, 1.1347518563766254e6, Optimal, 136.6033890247345
./configs/juniper-ipopt-cbc/JuniperLibSm/ndcc12persp.stdout:DATA, ndcc12persp.jl, 691, 46, 0, 284, Min, 106.35415532728759, 106.35415532728759, Optimal, 16.0350661277771
./configs/juniper-ipopt-cbc/JuniperLibSm/gasnet_al3.stdout:DATA, gasnet_al3.jl, 725, 136, 0, 831, Min, 8945.668405250402, 8945.668405250402, Optimal, 1521.0026741027832
./configs/juniper-ipopt-cbc/JuniperLibSm/edgecross14-098.stdout:DATA, edgecross14-098.jl, 183, 182, 0, 1457, Min, 1408.999999990909, 1408.9999753063685, Optimal, 3.6781229972839355
./configs/juniper-ipopt-cbc/JuniperLibSm/nous1.stdout:DATA, nous1.jl, 51, 2, 0, 44, Min, 1.5670719637309114, 1.5670719637309114, Optimal, 3.250955820083618
./configs/juniper-ipopt-cbc/JuniperLibSm/pooling_epa3.stdout:DATA, pooling_epa3.jl, 1105, 150, 0, 1718, Min, -14948.115103178878, -14997.806796390094, UserLimit, 3663.1311922073364
./configs/juniper-ipopt-cbc/JuniperLibSm/multiplants_mtg1b.stdout:DATA, multiplants_mtg1b.jl, 194, 93, 0, 257, Max, 450.54787459937904, 450.5478861564044, Optimal, 1915.156347990036
./configs/juniper-ipopt-cbc/JuniperLibSm/var_con5.stdout:DATA, var_con5.jl, 574, 12, 0, 465, Min, 278.1447474837232, 278.1447474837232, Optimal, 5.483083009719849
./configs/juniper-ipopt-cbc/JuniperLibSm/fo9_ar2_1.stdout:DATA, fo9_ar2_1.jl, 181, 0, 72, 436, Min, 45.124893938174765, 24.781240521437184, UserLimit, 3600.034204006195
./configs/juniper-ipopt-cbc/JuniperLibSm/waterno2_04.stdout:DATA, waterno2_04.jl, 665, 36, 0, 823, Min, 145.43976486234854, 145.42781027240156, Optimal, 2218.8511378765106
./configs/juniper-ipopt-cbc/JuniperLibSm/nuclear49b.stdout:DATA, nuclear49b.jl, 5743, 2450, 0, 6234, Min, NaN, -1.1843716174594912, UserLimit, 3600.088317155838
./configs/juniper-ipopt-cbc/JuniperLibSm/o7.stdout:DATA, o7.jl, 115, 42, 0, 212, Min, 168.48794541778642, 64.5997249737964, UserLimit, 3600.0025370121
./configs/juniper-ipopt-cbc/JuniperLibSm/RSyn0830M04M.stdout:DATA, RSyn0830M04M.jl, 1241, 496, 0, 3193, Max, 459.7321392962113, 9395.541128596284, UserLimit, 3600.204463005066
./configs/juniper-ipopt-cbc/JuniperLibSm/gastrans135.stdout:DATA, gastrans135.jl, 1194, 0, 232, 2473, Min, 0, NaN, Infeasible, 378.9365129470825
./configs/juniper-ipopt-cbc/JuniperLibSm/tspn12.stdout:DATA, tspn12.jl, 91, 66, 0, 27, Min, 265.85788083393373, 0.0, Optimal, 0.739516019821167
./configs/juniper-ipopt-cbc/JuniperLibSm/squfl030-100persp.stdout:DATA, squfl030-100persp.jl, 6031, 30, 0, 6101, Min, 363.0930113206107, 363.0930113206107, Optimal, 684.154440164566
./configs/juniper-ipopt-cbc/JuniperLibSm/tln12.stdout:DATA, tln12.jl, 169, 12, 156, 73, Min, NaN, 85.69999998138422, UserLimit, 3600.011348962784
./configs/juniper-ipopt-cbc/JuniperLibSm/o8_ar4_1.stdout:DATA, o8_ar4_1.jl, 145, 0, 56, 348, Min, 337.14574129194574, 136.38455932422707, UserLimit, 3600.129301071167
./configs/juniper-ipopt-cbc/JuniperLibSm/ndcc12.stdout:DATA, ndcc12.jl, 645, 46, 0, 238, Min, 106.35415479599999, 106.35415479599999, Optimal, 120.42636108398438
./configs/juniper-ipopt-cbc/JuniperLibSm/squfl030-100.stdout:DATA, squfl030-100.jl, 3031, 30, 0, 3101, Min, 2334.026847139671, 347.5721188780823, UserLimit, 3600.0679099559784
./configs/juniper-ipopt-cbc/JuniperLibSm/sssd12-05persp.stdout:DATA, sssd12-05persp.jl, 96, 75, 0, 53, Min, 0, NaN, Infeasible, 1.5447728633880615
./configs/juniper-ipopt-cbc/JuniperLibSm/crudeoil_lee4_07.stdout:DATA, crudeoil_lee4_07.jl, 2738, 133, 0, 5966, Max, NaN, NaN, UserLimit, 4555.77041888237
./configs/juniper-ipopt-cbc/JuniperLibSm/nuclear25a.stdout:DATA, nuclear25a.jl, 1059, 650, 0, 660, Min, -1.1206760902074608, -1.120714609367808, Optimal, 188.73617601394653
./configs/juniper-ipopt-cbc/JuniperLibSm/FLay05H.stdout:DATA, FLay05H.jl, 383, 40, 0, 466, Min, 64.49806112088903, 62.04527011579209, UserLimit, 3600.0380029678345
./configs/juniper-ipopt-cbc/JuniperLibSm/ndcc14persp.stdout:DATA, ndcc14persp.jl, 919, 54, 0, 360, Min, NaN, 105.33087255865652, UserLimit, 3600.338663816452
./configs/juniper-ipopt-cbc/JuniperLibSm/graphpart_2pm-0099-0999.stdout:DATA, graphpart_2pm-0099-0999.jl, 244, 243, 0, 82, Min, -64.00000221149203, -64.00000224884153, Optimal, 62.69677710533142
./configs/juniper-ipopt-cbc/JuniperLibSm/chp_shorttermplan2b.stdout:DATA, chp_shorttermplan2b.jl, 1393, 192, 0, 2553, Min, 0, NaN, Infeasible, 43.357609033584595
./configs/juniper-ipopt-cbc/JuniperLibSm/bchoco05.stdout:DATA, bchoco05.jl, 91, 6, 0, 104, Max, NaN, NaN, UserLimit, 13.922446966171265
./configs/juniper-ipopt-cbc/JuniperLibSm/gasprod_sarawak81.stdout:DATA, gasprod_sarawak81.jl, 7572, 38, 0, 11093, Min, -32273.00403278872, -32273.00403278872, Optimal, 669.4896521568298
./configs/juniper-ipopt-cbc/JuniperLibSm/squfl010-080persp.stdout:DATA, squfl010-080persp.jl, 1611, 10, 0, 1681, Min, 509.7057734825902, 509.7057734825902, Optimal, 8.726120948791504
./configs/juniper-ipopt-cbc/JuniperLibSm/nuclearva.stdout:DATA, nuclearva.jl, 352, 168, 0, 318, Min, -1.0136900064389964, -1.0136900064389964, Optimal, 21.767185926437378
./configs/juniper-ipopt-cbc/JuniperLibSm/blend146.stdout:DATA, blend146.jl, 223, 87, 0, 625, Max, 38.65000560887285, 45.71912011363456, UserLimit, 3600.187427043915
./configs/juniper-ipopt-cbc/JuniperLibSm/sfacloc1_2_80.stdout:DATA, sfacloc1_2_80.jl, 232, 62, 0, 2089, Min, 12.752053257353822, 12.752053257353822, Optimal, 22.05925703048706
./configs/juniper-ipopt-cbc/JuniperLibSm/ndcc13persp.stdout:DATA, ndcc13persp.jl, 673, 42, 0, 297, Min, 84.91792759309824, 84.91792759309824, Optimal, 659.2591781616211
./configs/juniper-ipopt-cbc/JuniperLibSm/multiplants_mtg1a.stdout:DATA, multiplants_mtg1a.jl, 194, 93, 0, 257, Max, 391.61353492475024, 391.61356918754785, Optimal, 911.2764761447906
./configs/juniper-ipopt-cbc/JuniperLibSm/CLay0305H.stdout:DATA, CLay0305H.jl, 276, 55, 0, 396, Min, 8092.499850454574, 8092.499850454574, Optimal, 2927.731176137924
./configs/juniper-ipopt-cbc/JuniperLibSm/fo9_ar5_1.stdout:DATA, fo9_ar5_1.jl, 181, 0, 72, 436, Min, 50.24999924724152, 16.683509475307048, UserLimit, 3600.0194461345673
./configs/juniper-ipopt-cbc/JuniperLibSm/crudeoil_lee4_10.stdout:DATA, crudeoil_lee4_10.jl, 3911, 190, 0, 8702, Max, NaN, NaN, UserLimit, 6368.687852859497
./configs/juniper-ipopt-cbc/JuniperLibSm/transswitch0014p.stdout:DATA, transswitch0014p.jl, 139, 20, 0, 278, Min, 8082.581681729161, 8082.301045202543, Optimal, 1.3347759246826172
./configs/juniper-ipopt-cbc/JuniperLibSm/transswitch0118r.stdout:DATA, transswitch0118r.jl, 1240, 179, 0, 1764, Min, 130045.5631708964, 130045.5631708964, Optimal, 175.0368378162384
./configs/juniper-ipopt-cbc/JuniperLibSm/eg_int_s.stdout:DATA, eg_int_s.jl, 8, 0, 3, 28, Min, 6.453102885012206, 6.453102885012206, Optimal, 6.002969026565552
./configs/juniper-ipopt-cbc/JuniperLibSm/nuclearvc.stdout:DATA, nuclearvc.jl, 352, 168, 0, 318, Min, -0.9998951089611973, -0.9998949856726698, Optimal, 1.5029051303863525
./configs/juniper-ipopt-cbc/JuniperLibSm/nuclearvf.stdout:DATA, nuclearvf.jl, 352, 168, 0, 318, Min, -1.0207175883823947, -1.0207175883823947, Optimal, 41.06355094909668
./configs/juniper-ipopt-cbc/JuniperLibSm/fo8.stdout:DATA, fo8.jl, 147, 56, 0, 274, Min, NaN, 11.691825231456571, UserLimit, 3600.0933520793915
./configs/juniper-ipopt-cbc/JuniperLibSm/ex1233.stdout:DATA, ex1233.jl, 53, 12, 0, 65, Min, 155010.671249535, 155010.671249535, Optimal, 2.3060929775238037
./configs/juniper-ipopt-cbc/JuniperLibSm/sssd25-08persp.stdout:DATA, sssd25-08persp.jl, 257, 224, 0, 90, Min, 0, NaN, Infeasible, 2.0557758808135986
./configs/juniper-ipopt-cbc/JuniperLibSm/supplychainr1_022020.stdout:DATA, supplychainr1_022020.jl, 1441, 460, 0, 1841, Min, NaN, NaN, UserLimit, 108.12740707397461
./configs/juniper-ipopt-cbc/JuniperLibSm/fo9_ar4_1.stdout:DATA, fo9_ar4_1.jl, 181, 0, 72, 436, Min, 56.249999022653846, 18.464143529468224, UserLimit, 3600.1645560264587
./configs/juniper-ipopt-cbc/JuniperLibSm/procurement1large.stdout:DATA, procurement1large.jl, 7177, 400, 0, 6055, Max, 2107.1991773808368, 3870.9862995114313, UserLimit, 3600.935264110565
./configs/juniper-ipopt-cbc/JuniperLibSm/blend852.stdout:DATA, blend852.jl, 305, 120, 0, 861, Max, 53.96270125309064, 53.96801377247328, Optimal, 3368.3502988815308
./configs/juniper-ipopt-cbc/JuniperLibSm/crudeoil_lee3_09.stdout:DATA, crudeoil_lee3_09.jl, 2305, 126, 0, 5181, Max, NaN, NaN, UserLimit, 5717.885276079178
./configs/juniper-ipopt-cbc/JuniperLibSm/fo8_ar25_1.stdout:DATA, fo8_ar25_1.jl, 145, 0, 56, 348, Min, 38.2495015584434, 21.571302700119144, UserLimit, 3600.0329689979553
./configs/juniper-ipopt-cbc/JuniperLibSm/transswitch0030p.stdout:DATA, transswitch0030p.jl, 278, 41, 0, 556, Min, 573.9181315228456, 573.9181313391466, Optimal, 2.9036190509796143
./configs/juniper-ipopt-cbc/JuniperLibSm/crossdock_15x7.stdout:DATA, crossdock_15x7.jl, 211, 210, 0, 45, Min, 14802.0, 14399.727256992659, UserLimit, 3600.201924085617
./configs/juniper-ipopt-cbc/JuniperLibSm/portfol_shortfall100_04.stdout:DATA, portfol_shortfall100_04.jl, 405, 101, 0, 308, Min, -1.1178789799389548, -1.119821865504553, UserLimit, 3600.3514199256897
./configs/juniper-ipopt-cbc/JuniperLibSm/cecil_13.stdout:DATA, cecil_13.jl, 841, 180, 0, 899, Min, -115656.50007682409, -115824.4545714637, UserLimit, 3600.4305028915405
./configs/juniper-ipopt-cbc/JuniperLibSm/eg_disc2_s.stdout:DATA, eg_disc2_s.jl, 8, 0, 3, 28, Min, 5.93326877115948, 5.933236241253049, Optimal, 4.737524032592773
./configs/juniper-ipopt-cbc/JuniperLibSm/carton9.stdout:DATA, carton9.jl, 361, 216, 72, 894, Min, 592.878790863881, 102.31397220648873, UserLimit, 3613.8101539611816
./configs/juniper-ipopt-cbc/JuniperLibSm/netmod_dol1.stdout:DATA, netmod_dol1.jl, 1999, 462, 0, 3138, Min, -0.08467644410472115, -0.6429774236224669, UserLimit, 3600.3397409915924
./configs/juniper-ipopt-cbc/JuniperLibSm/blend480.stdout:DATA, blend480.jl, 313, 124, 0, 885, Max, 2.858614770297996, 9.821247159860455, UserLimit, 3601.820671081543
./configs/juniper-ipopt-cbc/JuniperLibSm/waterno2_18.stdout:DATA, waterno2_18.jl, 2989, 162, 0, 3707, Min, NaN, 1290.3161304608846, UserLimit, 3601.1714351177216
./configs/juniper-ipopt-cbc/JuniperLibSm/FLay05M.stdout:DATA, FLay05M.jl, 63, 40, 0, 66, Min, 64.49806174547926, 64.49508465984259, Optimal, 1253.991383075714
