./configs/juniper-ipopt-grb/JuniperLibSm/crudeoil_li11.stdout:DATA, crudeoil_li11.jl, 1178, 180, 0, 3506, Max, NaN, 4735.682311395957, UserLimit, 3608.8662660121918
./configs/juniper-ipopt-grb/JuniperLibSm/nuclear49a.stdout:DATA, nuclear49a.jl, 3342, 2450, 0, 1432, Min, -1.1514558450640309, -1.151453616387115, Optimal, 29.036059141159058
./configs/juniper-ipopt-grb/JuniperLibSm/sfacloc2_4_80.stdout:DATA, sfacloc2_4_80.jl, 401, 122, 0, 2372, Min, 10.978572065008914, 6.511216775423455, UserLimit, 3600.06987285614
./configs/juniper-ipopt-grb/JuniperLibSm/FLay06M.stdout:DATA, FLay06M.jl, 87, 60, 0, 94, Min, 80.24744849739683, 57.04228719650741, UserLimit, 3600.4160420894623
./configs/juniper-ipopt-grb/JuniperLibSm/sssd12-05.stdout:DATA, sssd12-05.jl, 96, 75, 0, 53, Min, 281408.60382534686, 281407.85759868706, Optimal, 76.25805521011353
./configs/juniper-ipopt-grb/JuniperLibSm/sssd20-04.stdout:DATA, sssd20-04.jl, 109, 92, 0, 53, Min, 347691.3683866921, 347690.2455245812, Optimal, 32.08520293235779
./configs/juniper-ipopt-grb/JuniperLibSm/edgecross14-039.stdout:DATA, edgecross14-039.jl, 183, 80, 0, 1457, Min, 113.99999239677537, 113.99999239677537, Optimal, 17.816860914230347
./configs/juniper-ipopt-grb/JuniperLibSm/squfl025-040persp.stdout:DATA, squfl025-040persp.jl, 2026, 25, 0, 2041, Min, 198.90763047462556, 198.90763047462556, Optimal, 80.77656602859497
./configs/juniper-ipopt-grb/JuniperLibSm/oil2.stdout:DATA, oil2.jl, 937, 2, 0, 927, Min, -0.7332600129747349, -0.7332600129747349, Optimal, 6.079241991043091
./configs/juniper-ipopt-grb/JuniperLibSm/waterno2_09.stdout:DATA, waterno2_09.jl, 1495, 81, 0, 1853, Min, NaN, 202.14420728802696, UserLimit, 3612.0151660442352
./configs/juniper-ipopt-grb/JuniperLibSm/fo7.stdout:DATA, fo7.jl, 115, 42, 0, 212, Min, 42.698535261427836, 12.081923226439228, UserLimit, 3600.0299968719482
./configs/juniper-ipopt-grb/JuniperLibSm/hvb11.stdout:DATA, hvb11.jl, 9818, 9537, 0, 10252, Min, 59661.999999423606, 43737.2206386363, UserLimit, 3894.2095301151276
./configs/juniper-ipopt-grb/JuniperLibSm/sssd22-08persp.stdout:DATA, sssd22-08persp.jl, 233, 200, 0, 87, Min, 0, NaN, Infeasible, 2.226104974746704
./configs/juniper-ipopt-grb/JuniperLibSm/var_con10.stdout:DATA, var_con10.jl, 574, 12, 0, 465, Min, 444.21379142646384, 444.2004461843042, Optimal, 6.821979999542236
./configs/juniper-ipopt-grb/JuniperLibSm/crudeoil_li03.stdout:DATA, crudeoil_li03.jl, 965, 132, 0, 2443, Max, NaN, NaN, UserLimit, 125.8859601020813
./configs/juniper-ipopt-grb/JuniperLibSm/FLay06H.stdout:DATA, FLay06H.jl, 567, 60, 0, 694, Min, 66.93280132228794, 57.52065098580719, UserLimit, 3600.1805350780487
./configs/juniper-ipopt-grb/JuniperLibSm/waterno2_03.stdout:DATA, waterno2_03.jl, 499, 27, 0, 617, Min, 115.00451163986709, 115.00451163986709, Optimal, 172.7008500099182
./configs/juniper-ipopt-grb/JuniperLibSm/hydroenergy1.stdout:DATA, hydroenergy1.jl, 289, 96, 0, 429, Max, 209721.01028478364, 209721.01028478364, Optimal, 6.536644220352173
./configs/juniper-ipopt-grb/JuniperLibSm/tln7.stdout:DATA, tln7.jl, 64, 7, 56, 43, Min, NaN, 13.942705883837405, UserLimit, 3600.0042889118195
./configs/juniper-ipopt-grb/JuniperLibSm/crudeoil_lee2_09.stdout:DATA, crudeoil_lee2_09.jl, 2080, 126, 0, 4828, Max, 0, NaN, Infeasible, 4162.206465005875
./configs/juniper-ipopt-grb/JuniperLibSm/kport20.stdout:DATA, kport20.jl, 102, 2, 38, 28, Min, 32.12573597314357, 31.701836820676434, UserLimit, 3600.0084199905396
./configs/juniper-ipopt-grb/JuniperLibSm/nuclear14.stdout:DATA, nuclear14.jl, 1563, 576, 0, 1227, Min, -1.1293664519298874, -1.1293664519298874, Optimal, 353.73285698890686
./configs/juniper-ipopt-grb/JuniperLibSm/edgecross10-080.stdout:DATA, edgecross10-080.jl, 91, 74, 0, 481, Min, 1047.999998132449, 1047.999990466364, Optimal, 1.1339759826660156
./configs/juniper-ipopt-grb/JuniperLibSm/sssd18-06persp.stdout:DATA, sssd18-06persp.jl, 151, 126, 0, 67, Min, 0, NaN, Infeasible, 1.7797119617462158
./configs/juniper-ipopt-grb/JuniperLibSm/tspn08.stdout:DATA, tspn08.jl, 45, 28, 0, 19, Min, 290.5668497473755, 0.0, Optimal, 1.4185771942138672
./configs/juniper-ipopt-grb/JuniperLibSm/squfl025-025.stdout:DATA, squfl025-025.jl, 651, 25, 0, 651, Min, 168.80717835690118, 168.80717835690118, Optimal, 27.51168203353882
./configs/juniper-ipopt-grb/JuniperLibSm/sepasequ_complex.stdout:DATA, sepasequ_complex.jl, 498, 50, 0, 1311, Min, 328.2844647089921, 228.0674905145269, UserLimit, 3600.4831099510193
./configs/juniper-ipopt-grb/JuniperLibSm/sssd20-08persp.stdout:DATA, sssd20-08persp.jl, 217, 184, 0, 85, Min, 0, NaN, Infeasible, 2.1280410289764404
./configs/juniper-ipopt-grb/JuniperLibSm/crudeoil_pooling_ct2.stdout:DATA, crudeoil_pooling_ct2.jl, 404, 108, 0, 733, Max, 10246.219998093628, 10246.219998097475, Optimal, 759.0950181484222
./configs/juniper-ipopt-grb/JuniperLibSm/multiplants_stg1a.stdout:DATA, multiplants_stg1a.jl, 424, 216, 0, 250, Max, 374.9046820867376, 404.7254363363507, UserLimit, 3600.8270831108093
./configs/juniper-ipopt-grb/JuniperLibSm/squfl030-150persp.stdout:DATA, squfl030-150persp.jl, 9031, 30, 0, 9151, Min, 430.57530008856264, 430.5352210689594, Optimal, 829.9499199390411
./configs/juniper-ipopt-grb/JuniperLibSm/sssd18-08.stdout:DATA, sssd18-08.jl, 201, 168, 0, 83, Min, 862176.7220992453, 832055.5980570958, UserLimit, 3600.037600040436
./configs/juniper-ipopt-grb/JuniperLibSm/transswitch0014r.stdout:DATA, transswitch0014r.jl, 139, 20, 0, 198, Min, 8082.581685525506, 8082.3010489942035, Optimal, 14.687898874282837
./configs/juniper-ipopt-grb/JuniperLibSm/ndcc14.stdout:DATA, ndcc14.jl, 865, 54, 0, 306, Min, 113.66696657300001, 60.21379711307571, UserLimit, 3602.234309911728
./configs/juniper-ipopt-grb/JuniperLibSm/chp_partload.stdout:DATA, chp_partload.jl, 2249, 45, 0, 2517, Min, 25.37902527437447, 20.158681076050506, UserLimit, 3600.6032960414886
./configs/juniper-ipopt-grb/JuniperLibSm/graphpart_clique-50.stdout:DATA, graphpart_clique-50.jl, 151, 150, 0, 51, Min, 2312.0, 2311.999799830089, Optimal, 1.9847559928894043
./configs/juniper-ipopt-grb/JuniperLibSm/tspn05.stdout:DATA, tspn05.jl, 21, 10, 0, 11, Min, 191.25520713154873, 0.0, Optimal, 10.065975904464722
./configs/juniper-ipopt-grb/JuniperLibSm/procurement1mot.stdout:DATA, procurement1mot.jl, 785, 60, 0, 750, Max, 291.54166162188676, 291.54166162188676, Optimal, 452.61180210113525
./configs/juniper-ipopt-grb/JuniperLibSm/multiplants_stg1.stdout:DATA, multiplants_stg1.jl, 415, 198, 0, 262, Max, 268.6017050240043, 469.87558462437687, UserLimit, 3602.522289991379
./configs/juniper-ipopt-grb/JuniperLibSm/fo8_ar2_1.stdout:DATA, fo8_ar2_1.jl, 145, 0, 56, 348, Min, 41.54185156368928, 22.89026592561436, UserLimit, 3600.0001718997955
./configs/juniper-ipopt-grb/JuniperLibSm/multiplants_mtg5.stdout:DATA, multiplants_mtg5.jl, 191, 78, 0, 309, Max, 5924.649331280793, 5925.094794801452, Optimal, 2163.6272599697113
./configs/juniper-ipopt-grb/JuniperLibSm/sssd15-04.stdout:DATA, sssd15-04.jl, 89, 72, 0, 48, Min, 205054.4345738232, 205054.43063709958, Optimal, 13.728984117507935
./configs/juniper-ipopt-grb/JuniperLibSm/genpooling_meyer04.stdout:DATA, genpooling_meyer04.jl, 119, 55, 0, 142, Min, 1.3882616877199528e6, 1.3882616877199528e6, Optimal, 20.32775092124939
./configs/juniper-ipopt-grb/JuniperLibSm/fo9.stdout:DATA, fo9.jl, 183, 72, 0, 344, Min, 55.169260667206096, 9.664190863527123, UserLimit, 3600.0158581733704
./configs/juniper-ipopt-grb/JuniperLibSm/graphpart_3g-0444-0444.stdout:DATA, graphpart_3g-0444-0444.jl, 193, 192, 0, 65, Min, -7.513024246449329e6, 0.0, Optimal, 10.964562177658081
./configs/juniper-ipopt-grb/JuniperLibSm/tspn15.stdout:DATA, tspn15.jl, 136, 105, 0, 35, Min, 331.089299483446, 0.0, Optimal, 0.833690881729126
./configs/juniper-ipopt-grb/JuniperLibSm/heatexch_gen3.stdout:DATA, heatexch_gen3.jl, 581, 60, 0, 511, Min, 163146.6954539285, 163146.6954539285, Optimal, 171.75648713111877
./configs/juniper-ipopt-grb/JuniperLibSm/product.stdout:DATA, product.jl, 1554, 107, 0, 1926, Min, -2141.8159935361705, -2145.353356527305, UserLimit, 3600.5315041542053
./configs/juniper-ipopt-grb/JuniperLibSm/sssd25-04persp.stdout:DATA, sssd25-04persp.jl, 129, 112, 0, 58, Min, 0, NaN, Infeasible, 1.711151123046875
./configs/juniper-ipopt-grb/JuniperLibSm/deb10.stdout:DATA, deb10.jl, 183, 22, 0, 130, Min, 209.4277410973742, 209.4277410973742, Optimal, 8.856783151626587
./configs/juniper-ipopt-grb/JuniperLibSm/hydroenergy3.stdout:DATA, hydroenergy3.jl, 1009, 336, 0, 1499, Max, 744963.7591529381, 744963.7591529381, Optimal, 97.69298005104065
./configs/juniper-ipopt-grb/JuniperLibSm/space25.stdout:DATA, space25.jl, 894, 750, 0, 236, Min, 484.3286437137558, 484.3286437137558, Optimal, 183.22990202903748
./configs/juniper-ipopt-grb/JuniperLibSm/chp_shorttermplan1b.stdout:DATA, chp_shorttermplan1b.jl, 1681, 288, 0, 3851, Min, 273.88671507159995, 273.88671507159995, Optimal, 19.441285848617554
./configs/juniper-ipopt-grb/JuniperLibSm/supplychainr1_053050.stdout:DATA, supplychainr1_053050.jl, 5151, 1680, 0, 6581, Min, NaN, NaN, UserLimit, 157.3791480064392
./configs/juniper-ipopt-grb/JuniperLibSm/crudeoil_pooling_ct4.stdout:DATA, crudeoil_pooling_ct4.jl, 534, 138, 0, 925, Max, 13258.26881868307, 13258.26881868307, Optimal, 1226.3004949092865
./configs/juniper-ipopt-grb/JuniperLibSm/sfacloc1_2_95.stdout:DATA, sfacloc1_2_95.jl, 172, 9, 0, 209, Min, 18.850070001936963, 18.850070011276497, Optimal, 1.437398910522461
./configs/juniper-ipopt-grb/JuniperLibSm/o7_2.stdout:DATA, o7_2.jl, 115, 42, 0, 212, Min, 174.3928548762153, 61.27191552197669, UserLimit, 3600.0212728977203
./configs/juniper-ipopt-grb/JuniperLibSm/edgecross10-060.stdout:DATA, edgecross10-060.jl, 91, 44, 0, 481, Min, 461.99999481909094, 461.99999481909094, Optimal, 1.9601471424102783
./configs/juniper-ipopt-grb/JuniperLibSm/super3t.stdout:DATA, super3t.jl, 1056, 44, 0, 1343, Min, NaN, -1.000000009090909, UserLimit, 3635.2921528816223
./configs/juniper-ipopt-grb/JuniperLibSm/lop97icx.stdout:DATA, lop97icx.jl, 987, 0, 899, 88, Min, NaN, 4072.1877695010057, UserLimit, 3600.057543992996
./configs/juniper-ipopt-grb/JuniperLibSm/4stufen.stdout:DATA, 4stufen.jl, 150, 48, 0, 99, Min, NaN, NaN, UserLimit, 213.56955909729004
./configs/juniper-ipopt-grb/JuniperLibSm/portfol_shortfall200_05.stdout:DATA, portfol_shortfall200_05.jl, 805, 201, 0, 608, Min, -1.122457743382665, -1.1433980533728574, UserLimit, 3602.7616078853607
./configs/juniper-ipopt-grb/JuniperLibSm/squfl025-040.stdout:DATA, squfl025-040.jl, 1026, 25, 0, 1041, Min, 197.33383429785118, 197.31723093993568, Optimal, 220.7123200893402
./configs/juniper-ipopt-grb/JuniperLibSm/crudeoil_lee2_10.stdout:DATA, crudeoil_lee2_10.jl, 2311, 140, 0, 5432, Max, 0, NaN, Infeasible, 4504.054968833923
./configs/juniper-ipopt-grb/JuniperLibSm/o7_ar4_1.stdout:DATA, o7_ar4_1.jl, 113, 0, 42, 270, Min, 179.2881436259793, 85.11908209800139, UserLimit, 3600.01514005661
./configs/juniper-ipopt-grb/JuniperLibSm/tls5.stdout:DATA, tls5.jl, 162, 131, 5, 91, Min, NaN, 5.951629264926983, UserLimit, 3600.0600459575653
./configs/juniper-ipopt-grb/JuniperLibSm/ndcc16.stdout:DATA, ndcc16.jl, 1081, 60, 0, 378, Min, NaN, 61.37427157310912, UserLimit, 3601.193459033966
./configs/juniper-ipopt-grb/JuniperLibSm/heatexch_spec1.stdout:DATA, heatexch_spec1.jl, 57, 12, 0, 65, Min, 154997.3336374167, 154997.3336374167, Optimal, 2.5976638793945312
./configs/juniper-ipopt-grb/JuniperLibSm/multiplants_mtg6.stdout:DATA, multiplants_mtg6.jl, 350, 176, 0, 481, Max, 5047.4657556775255, 5332.654245456854, UserLimit, 3601.8438079357147
./configs/juniper-ipopt-grb/JuniperLibSm/tls7.stdout:DATA, tls7.jl, 346, 289, 7, 155, Min, NaN, 5.299999866009312, UserLimit, 3600.1239218711853
./configs/juniper-ipopt-grb/JuniperLibSm/transswitch0009p.stdout:DATA, transswitch0009p.jl, 70, 9, 0, 140, Min, 5296.686202381859, 5296.686201501542, Optimal, 1.9006788730621338
./configs/juniper-ipopt-grb/JuniperLibSm/watercontamination0202r.stdout:DATA, watercontamination0202r.jl, 196, 7, 0, 284, Min, 97.90443362928654, 97.90443362928654, Optimal, 20.37686800956726
./configs/juniper-ipopt-grb/JuniperLibSm/edgecross24-057.stdout:DATA, edgecross24-057.jl, 553, 552, 0, 8097, Min, 221.99999999090906, 221.99998203906833, Optimal, 16.116744995117188
./configs/juniper-ipopt-grb/JuniperLibSm/multiplants_mtg2.stdout:DATA, multiplants_mtg2.jl, 230, 112, 0, 307, Max, 7099.1862457866255, 7099.1862457866255, Optimal, 3390.928810119629
./configs/juniper-ipopt-grb/JuniperLibSm/hydroenergy2.stdout:DATA, hydroenergy2.jl, 577, 192, 0, 857, Max, 371811.87631537725, 371811.87631537725, Optimal, 24.46063995361328
./configs/juniper-ipopt-grb/JuniperLibSm/heatexch_gen2.stdout:DATA, heatexch_gen2.jl, 149, 16, 0, 167, Min, 844525.9062914663, 844525.9062914663, Optimal, 39.12581992149353
./configs/juniper-ipopt-grb/JuniperLibSm/waterno2_24.stdout:DATA, waterno2_24.jl, 3985, 216, 0, 4943, Min, NaN, 1451.4825026259684, UserLimit, 3601.391571998596
./configs/juniper-ipopt-grb/JuniperLibSm/sssd18-08persp.stdout:DATA, sssd18-08persp.jl, 201, 168, 0, 83, Min, 0, NaN, Infeasible, 2.084059000015259
./configs/juniper-ipopt-grb/JuniperLibSm/crudeoil_lee3_06.stdout:DATA, crudeoil_lee3_06.jl, 1537, 84, 0, 3360, Max, NaN, NaN, UserLimit, 1696.0273530483246
./configs/juniper-ipopt-grb/JuniperLibSm/sepasequ_convent.stdout:DATA, sepasequ_convent.jl, 642, 20, 0, 1129, Min, 489.08214682148997, 489.08214682148997, Optimal, 88.56295013427734
./configs/juniper-ipopt-grb/JuniperLibSm/squfl020-150persp.stdout:DATA, squfl020-150persp.jl, 6021, 20, 0, 6151, Min, 557.8478156443348, 557.8478156443348, Optimal, 179.9736828804016
./configs/juniper-ipopt-grb/JuniperLibSm/crossdock_15x8.stdout:DATA, crossdock_15x8.jl, 241, 240, 0, 47, Min, 16914.0, 15483.91727984528, UserLimit, 3600.757385969162
./configs/juniper-ipopt-grb/JuniperLibSm/fo9_ar3_1.stdout:DATA, fo9_ar3_1.jl, 181, 0, 72, 436, Min, 62.081474452342114, 20.951868559832345, UserLimit, 3600.0229938030243
./configs/juniper-ipopt-grb/JuniperLibSm/lop97ic.stdout:DATA, lop97ic.jl, 1754, 0, 1662, 92, Min, 7189.6861184, 3901.2440425946966, UserLimit, 3601.0952048301697
./configs/juniper-ipopt-grb/JuniperLibSm/multiplants_stg1b.stdout:DATA, multiplants_stg1b.jl, 476, 243, 0, 280, Max, 448.558273174125, 520.0605464984827, UserLimit, 3601.056764125824
./configs/juniper-ipopt-grb/JuniperLibSm/tspn10.stdout:DATA, tspn10.jl, 66, 45, 0, 22, Min, 225.12606528743066, 0.0, Optimal, 0.801767110824585
./configs/juniper-ipopt-grb/JuniperLibSm/graphpart_3pm-0334-0334.stdout:DATA, graphpart_3pm-0334-0334.jl, 109, 108, 0, 37, Min, -36.00000121583062, -36.00000121583062, Optimal, 20.53074288368225
./configs/juniper-ipopt-grb/JuniperLibSm/sssd25-04.stdout:DATA, sssd25-04.jl, 129, 112, 0, 58, Min, 300176.528046431, 300176.528046431, Optimal, 39.40331506729126
./configs/juniper-ipopt-grb/JuniperLibSm/edgecross10-070.stdout:DATA, edgecross10-070.jl, 91, 90, 0, 481, Min, 722.9999999909091, 722.9999894545454, Optimal, 1.2102038860321045
./configs/juniper-ipopt-grb/JuniperLibSm/sssd15-08persp.stdout:DATA, sssd15-08persp.jl, 177, 144, 0, 80, Min, 0, NaN, Infeasible, 1.792490005493164
./configs/juniper-ipopt-grb/JuniperLibSm/nuclearve.stdout:DATA, nuclearve.jl, 352, 168, 0, 318, Min, -1.0370177522720496, -1.0370177522720496, Optimal, 19.088181018829346
./configs/juniper-ipopt-grb/JuniperLibSm/sssd15-08.stdout:DATA, sssd15-08.jl, 177, 144, 0, 80, Min, 666047.2980854335, 562222.0861983631, UserLimit, 3600.048889875412
./configs/juniper-ipopt-grb/JuniperLibSm/ndcc15persp.stdout:DATA, ndcc15persp.jl, 721, 40, 0, 347, Min, 94.611207098, 94.611207098, Optimal, 49.11637091636658
./configs/juniper-ipopt-grb/JuniperLibSm/o7_ar25_1.stdout:DATA, o7_ar25_1.jl, 113, 0, 42, 270, Min, 178.36953011336686, 98.82499077832227, UserLimit, 3600.014447927475
./configs/juniper-ipopt-grb/JuniperLibSm/routingdelay_bigm.stdout:DATA, routingdelay_bigm.jl, 1124, 396, 0, 2978, Min, 146.62556895280588, 146.6255689527905, Optimal, 227.16557097434998
./configs/juniper-ipopt-grb/JuniperLibSm/graphpart_2g-1010-0824.stdout:DATA, graphpart_2g-1010-0824.jl, 301, 300, 0, 101, Min, -6.961160279820057e6, -6.961160279820057e6, Optimal, 28.026900053024292
./configs/juniper-ipopt-grb/JuniperLibSm/nuclear49.stdout:DATA, nuclear49.jl, 5736, 2401, 0, 3874, Min, -1.1513097772903291, -1.1513093303888813, Optimal, 661.7441420555115
./configs/juniper-ipopt-grb/JuniperLibSm/graphpart_clique-30.stdout:DATA, graphpart_clique-30.jl, 91, 90, 0, 31, Min, 494.99995745602405, 0.0, Optimal, 1.092519998550415
./configs/juniper-ipopt-grb/JuniperLibSm/waternd2.stdout:DATA, waternd2.jl, 233, 72, 0, 250, Min, 1.0682027135852755e6, 1.0682027135852755e6, Optimal, 38.223841190338135
./configs/juniper-ipopt-grb/JuniperLibSm/crudeoil_li05.stdout:DATA, crudeoil_li05.jl, 941, 132, 0, 1917, Max, NaN, 3189.6229199857316, UserLimit, 3601.9658617973328
./configs/juniper-ipopt-grb/JuniperLibSm/no7_ar4_1.stdout:DATA, no7_ar4_1.jl, 113, 0, 42, 270, Min, 167.15885442435263, 58.29491584100918, UserLimit, 3600.528720140457
./configs/juniper-ipopt-grb/JuniperLibSm/crudeoil_pooling_ct3.stdout:DATA, crudeoil_pooling_ct3.jl, 730, 128, 0, 1199, Min, 421455.84909654927, 103662.54632400465, UserLimit, 3602.633696079254
./configs/juniper-ipopt-grb/JuniperLibSm/edgecross14-176.stdout:DATA, edgecross14-176.jl, 183, 182, 0, 1457, Min, 5902.999999990909, 5902.999970019096, Optimal, 1.8519480228424072
./configs/juniper-ipopt-grb/JuniperLibSm/sssd15-06persp.stdout:DATA, sssd15-06persp.jl, 133, 108, 0, 64, Min, 0, NaN, Infeasible, 1.7428290843963623
./configs/juniper-ipopt-grb/JuniperLibSm/ghg_2veh.stdout:DATA, ghg_2veh.jl, 58, 18, 0, 63, Min, 7.77650064415059, 7.77650064415059, Optimal, 3.8063437938690186
./configs/juniper-ipopt-grb/JuniperLibSm/crudeoil_li02.stdout:DATA, crudeoil_li02.jl, 1298, 240, 0, 5005, Max, 1.800986671031629e7, 1.0187303055570085e8, UserLimit, 3601.7048699855804
./configs/juniper-ipopt-grb/JuniperLibSm/graphpart_3pm-0344-0344.stdout:DATA, graphpart_3pm-0344-0344.jl, 145, 144, 0, 49, Min, -48.00000161211621, -48.00000161211621, Optimal, 34.25530695915222
./configs/juniper-ipopt-grb/JuniperLibSm/bchoco08.stdout:DATA, bchoco08.jl, 169, 9, 0, 191, Max, NaN, NaN, UserLimit, 25.12897801399231
./configs/juniper-ipopt-grb/JuniperLibSm/graphpart_3pm-0444-0444.stdout:DATA, graphpart_3pm-0444-0444.jl, 193, 192, 0, 65, Min, -64.000002226769, -64.000002226769, Optimal, 53.80116105079651
./configs/juniper-ipopt-grb/JuniperLibSm/sfacloc1_4_80.stdout:DATA, sfacloc1_4_80.jl, 356, 62, 0, 2235, Min, 7.970759989652465, 7.970759989652465, Optimal, 31.107462882995605
./configs/juniper-ipopt-grb/JuniperLibSm/squfl020-150.stdout:DATA, squfl020-150.jl, 3021, 20, 0, 3151, Min, 557.8485786688627, 557.7937565114745, Optimal, 1968.6777381896973
./configs/juniper-ipopt-grb/JuniperLibSm/squfl020-040.stdout:DATA, squfl020-040.jl, 821, 20, 0, 841, Min, 209.25484651852003, 209.25484651852003, Optimal, 14.416030883789062
./configs/juniper-ipopt-grb/JuniperLibSm/multiplants_mtg1c.stdout:DATA, multiplants_mtg1c.jl, 245, 120, 0, 319, Max, 387.30348147961683, 833.2674311894426, UserLimit, 3613.400228023529
./configs/juniper-ipopt-grb/JuniperLibSm/o7_ar3_1.stdout:DATA, o7_ar3_1.jl, 113, 0, 42, 270, Min, 177.6422945759218, 92.0371089939903, UserLimit, 3600.059257030487
./configs/juniper-ipopt-grb/JuniperLibSm/feedtray.stdout:DATA, feedtray.jl, 98, 7, 0, 92, Min, -13.406005562497812, 0.0, Optimal, 1.1603949069976807
./configs/juniper-ipopt-grb/JuniperLibSm/crudeoil_pooling_dt4.stdout:DATA, crudeoil_pooling_dt4.jl, 5063, 1326, 0, 7699, Max, 13244.150004412351, 13244.150004412351, Optimal, 1365.2988200187683
./configs/juniper-ipopt-grb/JuniperLibSm/csched2.stdout:DATA, csched2.jl, 401, 308, 0, 138, Min, 0, NaN, Unbounded, 1.4864881038665771
./configs/juniper-ipopt-grb/JuniperLibSm/nuclear14a.stdout:DATA, nuclear14a.jl, 993, 600, 0, 634, Min, -1.1286410065995458, -1.1286404610915437, Optimal, 5.158114194869995
./configs/juniper-ipopt-grb/JuniperLibSm/edgecross14-058.stdout:DATA, edgecross14-058.jl, 183, 182, 0, 1457, Min, 383.9999999909091, 383.9999875927303, Optimal, 1.8280110359191895
./configs/juniper-ipopt-grb/JuniperLibSm/synheat.stdout:DATA, synheat.jl, 57, 12, 0, 65, Min, 154997.33363741668, 154997.33363741668, Optimal, 2.573690891265869
./configs/juniper-ipopt-grb/JuniperLibSm/nuclear25.stdout:DATA, nuclear25.jl, 1679, 625, 0, 1304, Min, -1.1203214137733506, -1.1203214137733506, Optimal, 1380.102292060852
./configs/juniper-ipopt-grb/JuniperLibSm/crudeoil_lee3_10.stdout:DATA, crudeoil_lee3_10.jl, 2561, 140, 0, 5822, Max, NaN, 91.562499239448, UserLimit, 4203.8215239048
./configs/juniper-ipopt-grb/JuniperLibSm/heatexch_spec2.stdout:DATA, heatexch_spec2.jl, 77, 16, 0, 91, Min, 634976.3278214148, 634976.3278214148, Optimal, 7.387848854064941
./configs/juniper-ipopt-grb/JuniperLibSm/transswitch0118p.stdout:DATA, transswitch0118p.jl, 1240, 179, 0, 2480, Min, 129469.31381304086, 129457.87589205588, Optimal, 5.02025294303894
./configs/juniper-ipopt-grb/JuniperLibSm/watercontamination0303r.stdout:DATA, watercontamination0303r.jl, 385, 14, 0, 557, Min, 424.5440969501139, 424.5440969501139, Optimal, 3538.77631688118
./configs/juniper-ipopt-grb/JuniperLibSm/nuclear10b.stdout:DATA, nuclear10b.jl, 23827, 10920, 0, 24972, Min, NaN, -1.1942293650880622, UserLimit, 3613.9987070560455
./configs/juniper-ipopt-grb/JuniperLibSm/gasnet_al1.stdout:DATA, gasnet_al1.jl, 725, 136, 0, 831, Min, NaN, 11160.948014597834, UserLimit, 3600.398449897766
./configs/juniper-ipopt-grb/JuniperLibSm/space960.stdout:DATA, space960.jl, 5538, 0, 960, 6498, Min, NaN, 7.625801841051143e6, UserLimit, 3601.016294002533
./configs/juniper-ipopt-grb/JuniperLibSm/crudeoil_pooling_ct1.stdout:DATA, crudeoil_pooling_ct1.jl, 311, 80, 0, 566, Min, 241763.99650076154, 158665.0670714804, UserLimit, 3600.2734780311584
./configs/juniper-ipopt-grb/JuniperLibSm/ibs2.stdout:DATA, ibs2.jl, 3011, 1500, 0, 1822, Min, NaN, 4.451260044686698, UserLimit, 3600.430324077606
./configs/juniper-ipopt-grb/JuniperLibSm/nuclear25b.stdout:DATA, nuclear25b.jl, 1684, 650, 0, 1910, Min, -1.1044111837505997, -1.1688812183410402, UserLimit, 3600.017643928528
./configs/juniper-ipopt-grb/JuniperLibSm/genpooling_meyer15.stdout:DATA, genpooling_meyer15.jl, 735, 352, 0, 769, Min, 943734.0268721945, 943655.8490655008, Optimal, 70.42852401733398
./configs/juniper-ipopt-grb/JuniperLibSm/gastrans582_warm15.stdout:DATA, gastrans582_warm15.jl, 2187, 0, 250, 3733, Min, 0, NaN, Infeasible, 413.38555002212524
./configs/juniper-ipopt-grb/JuniperLibSm/sfacloc1_2_90.stdout:DATA, sfacloc1_2_90.jl, 200, 30, 0, 349, Min, 17.891542558636882, 17.891542558636882, Optimal, 2.822317123413086
./configs/juniper-ipopt-grb/JuniperLibSm/heatexch_spec3.stdout:DATA, heatexch_spec3.jl, 261, 60, 0, 251, Min, NaN, NaN, UserLimit, 34.077057123184204
./configs/juniper-ipopt-grb/JuniperLibSm/squfl020-050.stdout:DATA, squfl020-050.jl, 1021, 20, 0, 1051, Min, 230.20211501901917, 230.20211501901917, Optimal, 61.08549690246582
./configs/juniper-ipopt-grb/JuniperLibSm/sssd15-04persp.stdout:DATA, sssd15-04persp.jl, 89, 72, 0, 48, Min, 0, NaN, Infeasible, 1.5794379711151123
./configs/juniper-ipopt-grb/JuniperLibSm/eg_disc_s.stdout:DATA, eg_disc_s.jl, 8, 0, 4, 28, Min, 6.839043284612786, 6.839043284612786, Optimal, 51.75676703453064
./configs/juniper-ipopt-grb/JuniperLibSm/edgecross20-040.stdout:DATA, edgecross20-040.jl, 381, 380, 0, 4561, Min, 57.99999999090911, 57.99998970817098, Optimal, 6.884588003158569
./configs/juniper-ipopt-grb/JuniperLibSm/sssd20-04persp.stdout:DATA, sssd20-04persp.jl, 109, 92, 0, 53, Min, 0, NaN, Infeasible, 1.7408490180969238
./configs/juniper-ipopt-grb/JuniperLibSm/sfacloc1_3_80.stdout:DATA, sfacloc1_3_80.jl, 294, 62, 0, 2162, Min, 8.608684724012653, 8.608684724012653, Optimal, 20.988131999969482
./configs/juniper-ipopt-grb/JuniperLibSm/fo9_ar25_1.stdout:DATA, fo9_ar25_1.jl, 181, 0, 72, 436, Min, 45.87499938592968, 21.951443063707476, UserLimit, 3600.0356118679047
./configs/juniper-ipopt-grb/JuniperLibSm/fo8_ar4_1.stdout:DATA, fo8_ar4_1.jl, 145, 0, 56, 348, Min, 44.89221799576782, 18.558153716628542, UserLimit, 3600.0506448745728
./configs/juniper-ipopt-grb/JuniperLibSm/gams01.stdout:DATA, gams01.jl, 146, 110, 0, 1269, Min, 29084.77539150173, 1396.8887113457936, UserLimit, 3601.1060378551483
./configs/juniper-ipopt-grb/JuniperLibSm/crudeoil_li06.stdout:DATA, crudeoil_li06.jl, 965, 132, 0, 2437, Max, 3132.5694456402716, 3374.628378994986, UserLimit, 3615.568907022476
./configs/juniper-ipopt-grb/JuniperLibSm/gasprod_sarawak16.stdout:DATA, gasprod_sarawak16.jl, 1527, 38, 0, 2253, Min, -32271.218395200678, -32271.218395200678, Optimal, 64.40263104438782
./configs/juniper-ipopt-grb/JuniperLibSm/routingdelay_proj.stdout:DATA, routingdelay_proj.jl, 1124, 396, 0, 2978, Min, 146.625568999845, 146.625568999845, Optimal, 245.98671007156372
./configs/juniper-ipopt-grb/JuniperLibSm/waterno2_12.stdout:DATA, waterno2_12.jl, 1993, 108, 0, 2471, Min, 2860.4399148447023, 676.385939224924, UserLimit, 3600.362076997757
./configs/juniper-ipopt-grb/JuniperLibSm/sssd20-08.stdout:DATA, sssd20-08.jl, 217, 184, 0, 85, Min, 489246.4013211286, 469471.99229065963, UserLimit, 3600.0191538333893
./configs/juniper-ipopt-grb/JuniperLibSm/graphpart_2g-0099-9211.stdout:DATA, graphpart_2g-0099-9211.jl, 244, 243, 0, 82, Min, -5.0312052007131865e6, -5.0312052007131865e6, Optimal, 20.792088985443115
./configs/juniper-ipopt-grb/JuniperLibSm/crudeoil_pooling_dt1.stdout:DATA, crudeoil_pooling_dt1.jl, 3713, 916, 0, 5779, Min, 1.1887865305090903e6, 128558.98160425299, UserLimit, 3605.969579935074
./configs/juniper-ipopt-grb/JuniperLibSm/sssd15-06.stdout:DATA, sssd15-06.jl, 133, 108, 0, 64, Min, 539635.4068485375, 539633.5630708323, Optimal, 1750.8627660274506
./configs/juniper-ipopt-grb/JuniperLibSm/o7_ar2_1.stdout:DATA, o7_ar2_1.jl, 113, 0, 42, 270, Min, NaN, 102.842373515171, UserLimit, 3600.0474860668182
./configs/juniper-ipopt-grb/JuniperLibSm/sssd22-08.stdout:DATA, sssd22-08.jl, 233, 200, 0, 87, Min, 533585.2360319784, 508473.8585511565, UserLimit, 3600.0353660583496
./configs/juniper-ipopt-grb/JuniperLibSm/squfl040-080.stdout:DATA, squfl040-080.jl, 3241, 40, 0, 3281, Min, 2314.96333040871, 255.93772810779836, UserLimit, 3600.010286092758
./configs/juniper-ipopt-grb/JuniperLibSm/waste.stdout:DATA, waste.jl, 2485, 400, 0, 1992, Min, 972.7979282408942, 531.0103576615168, UserLimit, 3604.961028814316
./configs/juniper-ipopt-grb/JuniperLibSm/transswitch0030r.stdout:DATA, transswitch0030r.jl, 278, 41, 0, 392, Min, 573.9373049225351, 573.9353194645347, Optimal, 25.752042055130005
./configs/juniper-ipopt-grb/JuniperLibSm/supplychainp1_022020.stdout:DATA, supplychainp1_022020.jl, 2941, 460, 0, 5301, Min, 2.996900940495849e6, 2.996900940495849e6, Optimal, 214.4117569923401
./configs/juniper-ipopt-grb/JuniperLibSm/portfol_classical200_2.stdout:DATA, portfol_classical200_2.jl, 601, 200, 0, 404, Min, -0.10063072864839333, -0.12004884469470035, UserLimit, 3600.5091681480408
./configs/juniper-ipopt-grb/JuniperLibSm/ndcc15.stdout:DATA, ndcc15.jl, 681, 40, 0, 307, Min, 94.611207098, 94.611207098, Optimal, 759.1978371143341
./configs/juniper-ipopt-grb/JuniperLibSm/crudeoil_lee3_08.stdout:DATA, crudeoil_lee3_08.jl, 2049, 112, 0, 4557, Max, NaN, 91.03124976366921, UserLimit, 3877.7195501327515
./configs/juniper-ipopt-grb/JuniperLibSm/nuclearvb.stdout:DATA, nuclearvb.jl, 352, 168, 0, 318, Min, -1.0301292223951513, -1.0301292223951513, Optimal, 21.227182865142822
./configs/juniper-ipopt-grb/JuniperLibSm/SLay08H.stdout:DATA, SLay08H.jl, 633, 112, 0, 813, Min, 84960.21215773224, 84960.21215773224, Optimal, 85.50610709190369
./configs/juniper-ipopt-grb/JuniperLibSm/SLay10H.stdout:DATA, SLay10H.jl, 1011, 180, 0, 1306, Min, 167129.22965765657, 122036.47117660326, UserLimit, 3605.0674951076508
./configs/juniper-ipopt-grb/JuniperLibSm/portfol_robust200_03.stdout:DATA, portfol_robust200_03.jl, 804, 201, 0, 607, Min, -9.76100634456296e-9, -0.13418800521027277, UserLimit, 3600.2095289230347
./configs/juniper-ipopt-grb/JuniperLibSm/space25a.stdout:DATA, space25a.jl, 384, 240, 0, 202, Min, 484.3286428025497, 484.30131715799183, Optimal, 29.431545972824097
./configs/juniper-ipopt-grb/JuniperLibSm/kport40.stdout:DATA, kport40.jl, 268, 3, 111, 49, Min, NaN, 36.79928201322294, UserLimit, 3600.1029500961304
./configs/juniper-ipopt-grb/JuniperLibSm/sssd25-08.stdout:DATA, sssd25-08.jl, 257, 224, 0, 90, Min, 482004.2505828571, 471777.0098356898, UserLimit, 3600.0598092079163
./configs/juniper-ipopt-grb/JuniperLibSm/gams02.stdout:DATA, gams02.jl, 12689, 96, 0, 14609, Min, NaN, NaN, UserLimit, 423.2396709918976
./configs/juniper-ipopt-grb/JuniperLibSm/wastepaper5.stdout:DATA, wastepaper5.jl, 105, 65, 0, 47, Min, 0.0008212021912905406, 0.0008212021912905406, Optimal, 11.901883840560913
./configs/juniper-ipopt-grb/JuniperLibSm/deb6.stdout:DATA, deb6.jl, 476, 20, 0, 508, Min, 201.73926040328627, 201.73926040328627, Optimal, 31.454056978225708
./configs/juniper-ipopt-grb/JuniperLibSm/crudeoil_li21.stdout:DATA, crudeoil_li21.jl, 1349, 216, 0, 4682, Max, NaN, NaN, UserLimit, 498.25697898864746
./configs/juniper-ipopt-grb/JuniperLibSm/sfacloc1_4_90.stdout:DATA, sfacloc1_4_90.jl, 324, 30, 0, 495, Min, 10.457446492858521, 10.457446492858521, Optimal, 5.018596887588501
./configs/juniper-ipopt-grb/JuniperLibSm/crudeoil_pooling_dt3.stdout:DATA, crudeoil_pooling_dt3.jl, 9434, 1638, 0, 13835, Min, 0, NaN, Infeasible, 2075.096121072769
./configs/juniper-ipopt-grb/JuniperLibSm/waterno2_06.stdout:DATA, waterno2_06.jl, 997, 54, 0, 1235, Min, 332.850907022249, 154.73270807838801, UserLimit, 3600.3359639644623
./configs/juniper-ipopt-grb/JuniperLibSm/faclay20h.stdout:DATA, faclay20h.jl, 191, 190, 0, 2281, Min, 16432.99919307999, 0.0, Optimal, 1.5769329071044922
./configs/juniper-ipopt-grb/JuniperLibSm/pooling_epa2.stdout:DATA, pooling_epa2.jl, 332, 45, 0, 525, Min, -4567.3558241049495, -4567.3558241049495, Optimal, 109.63474488258362
./configs/juniper-ipopt-grb/JuniperLibSm/beuster.stdout:DATA, beuster.jl, 158, 52, 0, 115, Min, NaN, NaN, UserLimit, 17.825489044189453
./configs/juniper-ipopt-grb/JuniperLibSm/o7_ar5_1.stdout:DATA, o7_ar5_1.jl, 113, 0, 42, 270, Min, 190.9803852855534, 83.4017303085828, UserLimit, 3600.0213780403137
./configs/juniper-ipopt-grb/JuniperLibSm/waterz.stdout:DATA, waterz.jl, 196, 126, 0, 138, Min, NaN, 741.8413033818258, UserLimit, 3602.666944026947
./configs/juniper-ipopt-grb/JuniperLibSm/no7_ar3_1.stdout:DATA, no7_ar3_1.jl, 113, 0, 42, 270, Min, 129.94341134090973, 76.17528370953228, UserLimit, 3600.0390088558197
./configs/juniper-ipopt-grb/JuniperLibSm/CLay0205H.stdout:DATA, CLay0205H.jl, 261, 50, 0, 366, Min, 8092.4998504581545, 8092.4998504581545, Optimal, 2589.9330010414124
./configs/juniper-ipopt-grb/JuniperLibSm/edgecross14-078.stdout:DATA, edgecross14-078.jl, 183, 155, 0, 1457, Min, 724.9999779263666, 0.0, Optimal, 2.056182861328125
./configs/juniper-ipopt-grb/JuniperLibSm/squfl015-080persp.stdout:DATA, squfl015-080persp.jl, 2416, 15, 0, 2481, Min, 402.48819281112657, 402.48819281112657, Optimal, 22.373920917510986
./configs/juniper-ipopt-grb/JuniperLibSm/nuclear14b.stdout:DATA, nuclear14b.jl, 1569, 600, 0, 1786, Min, -1.1148927231988932, -1.1674558817903273, UserLimit, 3603.276937007904
./configs/juniper-ipopt-grb/JuniperLibSm/ghg_3veh.stdout:DATA, ghg_3veh.jl, 97, 36, 0, 120, Min, 7.774759320955366, 7.774759320955366, Optimal, 6.1338889598846436
./configs/juniper-ipopt-grb/JuniperLibSm/tls6.stdout:DATA, tls6.jl, 216, 173, 6, 121, Min, NaN, 3.9776696126989894, UserLimit, 3600.7300050258636
./configs/juniper-ipopt-grb/JuniperLibSm/water4.stdout:DATA, water4.jl, 196, 126, 0, 138, Min, 1044.649521606853, 887.87632579922, UserLimit, 3600.65491604805
./configs/juniper-ipopt-grb/JuniperLibSm/bchoco06.stdout:DATA, bchoco06.jl, 119, 7, 0, 135, Max, NaN, NaN, UserLimit, 15.959146976470947
./configs/juniper-ipopt-grb/JuniperLibSm/RSyn0820M04M.stdout:DATA, RSyn0820M04M.jl, 1021, 416, 0, 2677, Max, 729.0425545676419, 7400.322624304562, UserLimit, 3600.1498839855194
./configs/juniper-ipopt-grb/JuniperLibSm/sssd16-07persp.stdout:DATA, sssd16-07persp.jl, 162, 133, 0, 73, Min, 0, NaN, Infeasible, 1.8336009979248047
./configs/juniper-ipopt-grb/JuniperLibSm/ndcc13.stdout:DATA, ndcc13.jl, 631, 42, 0, 255, Min, NaN, 54.40915679823353, UserLimit, 3600.7956240177155
./configs/juniper-ipopt-grb/JuniperLibSm/graphpart_clique-70.stdout:DATA, graphpart_clique-70.jl, 211, 210, 0, 71, Min, 6348.0, 6347.999456837259, Optimal, 3.661616086959839
./configs/juniper-ipopt-grb/JuniperLibSm/crudeoil_li01.stdout:DATA, crudeoil_li01.jl, 345, 48, 0, 696, Max, 5122.564507943127, 5122.564507943127, Optimal, 1702.3916652202606
./configs/juniper-ipopt-grb/JuniperLibSm/eg_all_s.stdout:DATA, eg_all_s.jl, 8, 0, 7, 28, Min, 7.657751809751292, 7.657751809751292, Optimal, 15.287467002868652
./configs/juniper-ipopt-grb/JuniperLibSm/sfacloc1_3_90.stdout:DATA, sfacloc1_3_90.jl, 262, 30, 0, 422, Min, 11.621976489560181, 11.621976489560181, Optimal, 3.593187093734741
./configs/juniper-ipopt-grb/JuniperLibSm/squfl030-150.stdout:DATA, squfl030-150.jl, 4531, 30, 0, 4651, Min, 4021.742379249972, 383.01647196452683, UserLimit, 3600.127032995224
./configs/juniper-ipopt-grb/JuniperLibSm/squfl015-060.stdout:DATA, squfl015-060.jl, 916, 15, 0, 961, Min, 366.621771206999, 366.621771206999, Optimal, 29.251115798950195
./configs/juniper-ipopt-grb/JuniperLibSm/squfl040-080persp.stdout:DATA, squfl040-080persp.jl, 6441, 40, 0, 6481, Min, 263.89825585263117, 263.89825585263117, Optimal, 852.7372407913208
./configs/juniper-ipopt-grb/JuniperLibSm/csched2a.stdout:DATA, csched2a.jl, 233, 140, 0, 138, Min, -165398.70159360027, -165414.6927168549, Optimal, 108.82546305656433
./configs/juniper-ipopt-grb/JuniperLibSm/saa_2.stdout:DATA, saa_2.jl, 4408, 400, 0, 6206, Min, 12.713733083432729, 11.884843131914351, UserLimit, 3601.8482978343964
./configs/juniper-ipopt-grb/JuniperLibSm/qapw.stdout:DATA, qapw.jl, 451, 225, 0, 256, Min, 391539.97855928075, 391539.97855928075, Optimal, 567.7124772071838
./configs/juniper-ipopt-grb/JuniperLibSm/squfl025-030.stdout:DATA, squfl025-030.jl, 776, 25, 0, 781, Min, 205.5015941442071, 205.5015941442071, Optimal, 31.292164087295532
./configs/juniper-ipopt-grb/JuniperLibSm/oil.stdout:DATA, oil.jl, 1536, 19, 0, 1547, Min, -0.8513745056523999, -0.8513745056523999, Optimal, 10.404253005981445
./configs/juniper-ipopt-grb/JuniperLibSm/carton7.stdout:DATA, carton7.jl, 329, 200, 56, 688, Min, 424.8438462353976, 79.79339347695787, UserLimit, 3600.6083669662476
./configs/juniper-ipopt-grb/JuniperLibSm/crudeoil_lee3_07.stdout:DATA, crudeoil_lee3_07.jl, 1793, 98, 0, 3950, Max, NaN, NaN, UserLimit, 3815.415496110916
./configs/juniper-ipopt-grb/JuniperLibSm/ndcc16persp.stdout:DATA, ndcc16persp.jl, 1141, 60, 0, 438, Min, NaN, 109.78304554796017, UserLimit, 3600.405268907547
./configs/juniper-ipopt-grb/JuniperLibSm/tln6.stdout:DATA, tln6.jl, 49, 6, 42, 37, Min, 20.7, 14.949999974235997, UserLimit, 3600.0087769031525
./configs/juniper-ipopt-grb/JuniperLibSm/sfacloc1_3_95.stdout:DATA, sfacloc1_3_95.jl, 234, 9, 0, 282, Min, 12.45671919327488, 12.456719205395741, Optimal, 1.5381600856781006
./configs/juniper-ipopt-grb/JuniperLibSm/fo8_ar5_1.stdout:DATA, fo8_ar5_1.jl, 145, 0, 56, 348, Min, 44.571850069525794, 17.3144890107149, UserLimit, 3600.0242371559143
./configs/juniper-ipopt-grb/JuniperLibSm/forest.stdout:DATA, forest.jl, 237, 73, 0, 310, Max, 1.4396226522550305e7, 1.4396226522550305e7, Optimal, 58.467583894729614
./configs/juniper-ipopt-grb/JuniperLibSm/squfl015-080.stdout:DATA, squfl015-080.jl, 1216, 15, 0, 1281, Min, 402.48848553746416, 402.45531703884916, Optimal, 101.24320101737976
./configs/juniper-ipopt-grb/JuniperLibSm/casctanks.stdout:DATA, casctanks.jl, 501, 40, 0, 518, Min, 9.163479125958352, 9.163479125958352, Optimal, 16.090410947799683
./configs/juniper-ipopt-grb/JuniperLibSm/waterx.stdout:DATA, waterx.jl, 71, 14, 0, 55, Min, 909.02783309195, 909.02783309195, Optimal, 10.831143140792847
./configs/juniper-ipopt-grb/JuniperLibSm/blend718.stdout:DATA, blend718.jl, 223, 87, 0, 607, Max, 7.393601902360752, 7.393601902360752, Optimal, 731.4167699813843
./configs/juniper-ipopt-grb/JuniperLibSm/blend531.stdout:DATA, blend531.jl, 273, 104, 0, 737, Max, 20.03900424431876, 20.040945260894823, Optimal, 1444.1762249469757
./configs/juniper-ipopt-grb/JuniperLibSm/RSyn0840M04M.stdout:DATA, RSyn0840M04M.jl, 1441, 576, 0, 3729, Max, 636.8945001320664, 11030.549636537906, UserLimit, 3600.2936708927155
./configs/juniper-ipopt-grb/JuniperLibSm/nuclearvd.stdout:DATA, nuclearvd.jl, 352, 168, 0, 318, Min, -1.039959008286383, -1.039959008286383, Optimal, 11.594024896621704
./configs/juniper-ipopt-grb/JuniperLibSm/sssd18-06.stdout:DATA, sssd18-06.jl, 151, 126, 0, 67, Min, 397992.24757194205, 397992.0680404631, Optimal, 905.4188940525055
./configs/juniper-ipopt-grb/JuniperLibSm/contvar.stdout:DATA, contvar.jl, 297, 88, 0, 285, Min, 809149.8109905007, 809149.8109905007, Optimal, 43.84133505821228
./configs/juniper-ipopt-grb/JuniperLibSm/RSyn0815M04M.stdout:DATA, RSyn0815M04M.jl, 941, 376, 0, 2431, Max, 1927.7081387878736, 6474.797563221138, UserLimit, 3600.667231798172
./configs/juniper-ipopt-grb/JuniperLibSm/watertreatnd_flow.stdout:DATA, watertreatnd_flow.jl, 421, 5, 0, 380, Min, NaN, NaN, UserLimit, 51.96483898162842
./configs/juniper-ipopt-grb/JuniperLibSm/bchoco07.stdout:DATA, bchoco07.jl, 135, 8, 0, 154, Max, NaN, NaN, UserLimit, 17.84206795692444
./configs/juniper-ipopt-grb/JuniperLibSm/unitcommit2.stdout:DATA, unitcommit2.jl, 961, 720, 0, 5330, Min, 590882.8561923088, 525320.8599084032, UserLimit, 3601.5833690166473
./configs/juniper-ipopt-grb/JuniperLibSm/sfacloc1_4_95.stdout:DATA, sfacloc1_4_95.jl, 296, 9, 0, 355, Min, 11.243001338655898, 11.243001338655898, Optimal, 3.2900102138519287
./configs/juniper-ipopt-grb/JuniperLibSm/sssd16-07.stdout:DATA, sssd16-07.jl, 162, 133, 0, 73, Min, 420463.6636159981, 416948.3468209249, UserLimit, 3600.0442700386047
./configs/juniper-ipopt-grb/JuniperLibSm/wastepaper6.stdout:DATA, wastepaper6.jl, 137, 90, 0, 55, Min, 0.00012638308224782168, 0.00012638308224782168, Optimal, 52.631619930267334
./configs/juniper-ipopt-grb/JuniperLibSm/qap.stdout:DATA, qap.jl, 226, 225, 0, 31, Min, 391667.9788254568, 391667.9788254568, Optimal, 1397.9607381820679
./configs/juniper-ipopt-grb/JuniperLibSm/edgecross22-048.stdout:DATA, edgecross22-048.jl, 463, 462, 0, 6161, Min, 83.99999999090912, 83.9999849745178, Optimal, 7.1346869468688965
./configs/juniper-ipopt-grb/JuniperLibSm/graphpart_clique-40.stdout:DATA, graphpart_clique-40.jl, 121, 120, 0, 41, Min, 1183.0, 1182.9998982333314, Optimal, 1.5157179832458496
./configs/juniper-ipopt-grb/JuniperLibSm/graphpart_clique-60.stdout:DATA, graphpart_clique-60.jl, 181, 180, 0, 61, Min, 3989.9996599082733, 0.0, Optimal, 2.100101947784424
./configs/juniper-ipopt-grb/JuniperLibSm/no7_ar5_1.stdout:DATA, no7_ar5_1.jl, 113, 0, 42, 270, Min, 155.23302835517282, 67.34452120407191, UserLimit, 3600.065924167633
./configs/juniper-ipopt-grb/JuniperLibSm/multiplants_stg1c.stdout:DATA, multiplants_stg1c.jl, 477, 252, 0, 270, Max, 659.3931171578189, 770.8182165138412, UserLimit, 3600.2349541187286
./configs/juniper-ipopt-grb/JuniperLibSm/blend721.stdout:DATA, blend721.jl, 223, 87, 0, 628, Max, 13.52680063010652, 13.528063412985853, Optimal, 393.43932700157166
./configs/juniper-ipopt-grb/JuniperLibSm/transswitch0009r.stdout:DATA, transswitch0009r.jl, 70, 9, 0, 104, Min, 5296.686203261219, 5296.6862023809, Optimal, 14.297187089920044
./configs/juniper-ipopt-grb/JuniperLibSm/transswitch0039p.stdout:DATA, transswitch0039p.jl, 329, 46, 0, 658, Min, 41866.123169064624, 41865.917756554925, Optimal, 4.122068166732788
./configs/juniper-ipopt-grb/JuniperLibSm/o9_ar4_1.stdout:DATA, o9_ar4_1.jl, 181, 0, 72, 436, Min, 350.4827995506254, 119.65028898363964, UserLimit, 3600.141541957855
./configs/juniper-ipopt-grb/JuniperLibSm/genpooling_meyer10.stdout:DATA, genpooling_meyer10.jl, 395, 187, 0, 424, Min, 1.1347518563766254e6, 1.1347518563766254e6, Optimal, 134.70466113090515
./configs/juniper-ipopt-grb/JuniperLibSm/ndcc12persp.stdout:DATA, ndcc12persp.jl, 691, 46, 0, 284, Min, 106.35415479599999, 106.35415479599999, Optimal, 202.13414406776428
./configs/juniper-ipopt-grb/JuniperLibSm/gasnet_al3.stdout:DATA, gasnet_al3.jl, 725, 136, 0, 831, Min, 8945.668405250402, 8945.668405250402, Optimal, 1531.7339930534363
./configs/juniper-ipopt-grb/JuniperLibSm/transswitch0039r.stdout:DATA, transswitch0039r.jl, 329, 46, 0, 474, Min, 41866.123169084334, 41866.123169084334, Optimal, 73.0318820476532
./configs/juniper-ipopt-grb/JuniperLibSm/edgecross14-098.stdout:DATA, edgecross14-098.jl, 183, 182, 0, 1457, Min, 1408.999999990909, 1408.9999753063685, Optimal, 2.4349849224090576
./configs/juniper-ipopt-grb/JuniperLibSm/nous1.stdout:DATA, nous1.jl, 51, 2, 0, 44, Min, 1.5670719637309114, 1.5670719637309114, Optimal, 3.9606430530548096
./configs/juniper-ipopt-grb/JuniperLibSm/pooling_epa3.stdout:DATA, pooling_epa3.jl, 1105, 150, 0, 1718, Min, NaN, -14997.964730878251, UserLimit, 3604.419720888138
./configs/juniper-ipopt-grb/JuniperLibSm/multiplants_mtg1b.stdout:DATA, multiplants_mtg1b.jl, 194, 93, 0, 257, Max, 450.54787459937904, 450.5478861564044, Optimal, 1943.7589569091797
./configs/juniper-ipopt-grb/JuniperLibSm/var_con5.stdout:DATA, var_con5.jl, 574, 12, 0, 465, Min, 278.1447474837232, 278.1447474837232, Optimal, 5.966461181640625
./configs/juniper-ipopt-grb/JuniperLibSm/fo9_ar2_1.stdout:DATA, fo9_ar2_1.jl, 181, 0, 72, 436, Min, 45.12489394857194, 24.8301829689892, UserLimit, 3600.0025079250336
./configs/juniper-ipopt-grb/JuniperLibSm/waterno2_04.stdout:DATA, waterno2_04.jl, 665, 36, 0, 823, Min, 145.43976486234854, 145.42781027240156, Optimal, 2223.958300113678
./configs/juniper-ipopt-grb/JuniperLibSm/nuclear49b.stdout:DATA, nuclear49b.jl, 5743, 2450, 0, 6234, Min, NaN, -1.184285973649242, UserLimit, 3600.3910009860992
./configs/juniper-ipopt-grb/JuniperLibSm/o7.stdout:DATA, o7.jl, 115, 42, 0, 212, Min, 202.170123977346, 64.79225518806216, UserLimit, 3600.007784843445
./configs/juniper-ipopt-grb/JuniperLibSm/RSyn0830M04M.stdout:DATA, RSyn0830M04M.jl, 1241, 496, 0, 3193, Max, 752.005986483341, 9497.53081231761, UserLimit, 3600.005238056183
./configs/juniper-ipopt-grb/JuniperLibSm/gastrans135.stdout:DATA, gastrans135.jl, 1194, 0, 232, 2473, Min, 0, NaN, Infeasible, 375.51859498023987
./configs/juniper-ipopt-grb/JuniperLibSm/tspn12.stdout:DATA, tspn12.jl, 91, 66, 0, 27, Min, 265.85788083393373, 0.0, Optimal, 0.7341198921203613
./configs/juniper-ipopt-grb/JuniperLibSm/squfl030-100persp.stdout:DATA, squfl030-100persp.jl, 6031, 30, 0, 6101, Min, 363.0930113206107, 363.0930113206107, Optimal, 590.0900270938873
./configs/juniper-ipopt-grb/JuniperLibSm/tln12.stdout:DATA, tln12.jl, 169, 12, 156, 73, Min, NaN, 85.69999998119326, UserLimit, 3600.0190410614014
./configs/juniper-ipopt-grb/JuniperLibSm/o8_ar4_1.stdout:DATA, o8_ar4_1.jl, 145, 0, 56, 348, Min, 337.14574129194574, 135.96020222679684, UserLimit, 3600.0150899887085
./configs/juniper-ipopt-grb/JuniperLibSm/ndcc12.stdout:DATA, ndcc12.jl, 645, 46, 0, 238, Min, 106.35415479599999, 106.35415479599999, Optimal, 110.2591290473938
./configs/juniper-ipopt-grb/JuniperLibSm/squfl030-100.stdout:DATA, squfl030-100.jl, 3031, 30, 0, 3101, Min, 2334.026847139671, 347.40576022928735, UserLimit, 3600.2243139743805
./configs/juniper-ipopt-grb/JuniperLibSm/sssd12-05persp.stdout:DATA, sssd12-05persp.jl, 96, 75, 0, 53, Min, 0, NaN, Infeasible, 1.5890130996704102
./configs/juniper-ipopt-grb/JuniperLibSm/crudeoil_lee4_07.stdout:DATA, crudeoil_lee4_07.jl, 2738, 133, 0, 5966, Max, NaN, NaN, UserLimit, 6617.418027162552
./configs/juniper-ipopt-grb/JuniperLibSm/nuclear25a.stdout:DATA, nuclear25a.jl, 1059, 650, 0, 660, Min, -1.1206760902074608, -1.120714609367808, Optimal, 178.80024600028992
./configs/juniper-ipopt-grb/JuniperLibSm/FLay05H.stdout:DATA, FLay05H.jl, 383, 40, 0, 466, Min, 64.49806112088903, 61.967733054128544, UserLimit, 3600.0462629795074
./configs/juniper-ipopt-grb/JuniperLibSm/ndcc14persp.stdout:DATA, ndcc14persp.jl, 919, 54, 0, 360, Min, NaN, 99.1767984829759, UserLimit, 3604.016793012619
./configs/juniper-ipopt-grb/JuniperLibSm/graphpart_2pm-0099-0999.stdout:DATA, graphpart_2pm-0099-0999.jl, 244, 243, 0, 82, Min, -64.00000221149203, -64.00000224884153, Optimal, 63.007473945617676
./configs/juniper-ipopt-grb/JuniperLibSm/chp_shorttermplan2b.stdout:DATA, chp_shorttermplan2b.jl, 1393, 192, 0, 2553, Min, 0, NaN, Infeasible, 42.73945689201355
./configs/juniper-ipopt-grb/JuniperLibSm/bchoco05.stdout:DATA, bchoco05.jl, 91, 6, 0, 104, Max, NaN, NaN, UserLimit, 13.651135921478271
./configs/juniper-ipopt-grb/JuniperLibSm/gasprod_sarawak81.stdout:DATA, gasprod_sarawak81.jl, 7572, 38, 0, 11093, Min, -32273.00403278872, -32273.00403278872, Optimal, 682.1665921211243
./configs/juniper-ipopt-grb/JuniperLibSm/squfl010-080persp.stdout:DATA, squfl010-080persp.jl, 1611, 10, 0, 1681, Min, 509.7057734825902, 509.7057734825902, Optimal, 8.864174842834473
./configs/juniper-ipopt-grb/JuniperLibSm/nuclearva.stdout:DATA, nuclearva.jl, 352, 168, 0, 318, Min, -1.0136900064389964, -1.0136900064389964, Optimal, 16.06372594833374
./configs/juniper-ipopt-grb/JuniperLibSm/blend146.stdout:DATA, blend146.jl, 223, 87, 0, 625, Max, 33.14000314530761, 45.73032087975559, UserLimit, 3600.277540922165
./configs/juniper-ipopt-grb/JuniperLibSm/sfacloc1_2_80.stdout:DATA, sfacloc1_2_80.jl, 232, 62, 0, 2089, Min, 12.752053257353822, 12.752053257353822, Optimal, 18.335755109786987
./configs/juniper-ipopt-grb/JuniperLibSm/ndcc13persp.stdout:DATA, ndcc13persp.jl, 673, 42, 0, 297, Min, 84.91792759309824, 84.91792759309824, Optimal, 647.4127109050751
./configs/juniper-ipopt-grb/JuniperLibSm/multiplants_mtg1a.stdout:DATA, multiplants_mtg1a.jl, 194, 93, 0, 257, Max, 391.61353492475024, 391.61356918754785, Optimal, 910.9974710941315
./configs/juniper-ipopt-grb/JuniperLibSm/CLay0305H.stdout:DATA, CLay0305H.jl, 276, 55, 0, 396, Min, 8092.499850454574, 8092.499850454574, Optimal, 2982.1755990982056
./configs/juniper-ipopt-grb/JuniperLibSm/fo9_ar5_1.stdout:DATA, fo9_ar5_1.jl, 181, 0, 72, 436, Min, 56.249999021079056, 16.677396886338688, UserLimit, 3600.032247066498
./configs/juniper-ipopt-grb/JuniperLibSm/wastepaper4.stdout:DATA, wastepaper4.jl, 77, 44, 0, 39, Min, 0.0034791707953404417, 0.0034791707953404417, Optimal, 4.151292085647583
./configs/juniper-ipopt-grb/JuniperLibSm/transswitch0014p.stdout:DATA, transswitch0014p.jl, 139, 20, 0, 278, Min, 8082.581681729161, 8082.301045202543, Optimal, 1.4500210285186768
./configs/juniper-ipopt-grb/JuniperLibSm/transswitch0118r.stdout:DATA, transswitch0118r.jl, 1240, 179, 0, 1764, Min, 130045.5631708964, 130045.5631708964, Optimal, 178.14652109146118
./configs/juniper-ipopt-grb/JuniperLibSm/eg_int_s.stdout:DATA, eg_int_s.jl, 8, 0, 3, 28, Min, 6.453102885012206, 6.453102885012206, Optimal, 5.932770013809204
./configs/juniper-ipopt-grb/JuniperLibSm/nuclearvc.stdout:DATA, nuclearvc.jl, 352, 168, 0, 318, Min, -0.9998951089611973, -0.9998949856726698, Optimal, 1.6375489234924316
./configs/juniper-ipopt-grb/JuniperLibSm/nuclearvf.stdout:DATA, nuclearvf.jl, 352, 168, 0, 318, Min, -1.0157506833886096, -1.0157506833886096, Optimal, 40.17493200302124
./configs/juniper-ipopt-grb/JuniperLibSm/fo8.stdout:DATA, fo8.jl, 147, 56, 0, 274, Min, 52.745272368336714, 11.721874270970485, UserLimit, 3600.078552007675
./configs/juniper-ipopt-grb/JuniperLibSm/ex1233.stdout:DATA, ex1233.jl, 53, 12, 0, 65, Min, 155010.671249535, 155010.671249535, Optimal, 2.379635810852051
./configs/juniper-ipopt-grb/JuniperLibSm/sssd25-08persp.stdout:DATA, sssd25-08persp.jl, 257, 224, 0, 90, Min, 0, NaN, Infeasible, 2.057033061981201
./configs/juniper-ipopt-grb/JuniperLibSm/supplychainr1_022020.stdout:DATA, supplychainr1_022020.jl, 1441, 460, 0, 1841, Min, NaN, NaN, UserLimit, 107.35780000686646
./configs/juniper-ipopt-grb/JuniperLibSm/fo9_ar4_1.stdout:DATA, fo9_ar4_1.jl, 181, 0, 72, 436, Min, 56.249999022653846, 18.46045021801931, UserLimit, 3600.109251022339
./configs/juniper-ipopt-grb/JuniperLibSm/procurement1large.stdout:DATA, procurement1large.jl, 7177, 400, 0, 6055, Max, 2107.1991773808368, 3870.3857848159337, UserLimit, 3603.8345589637756
./configs/juniper-ipopt-grb/JuniperLibSm/blend852.stdout:DATA, blend852.jl, 305, 120, 0, 861, Max, 53.96270125309064, 53.96801377247328, Optimal, 3386.955507993698
./configs/juniper-ipopt-grb/JuniperLibSm/crudeoil_lee3_09.stdout:DATA, crudeoil_lee3_09.jl, 2305, 126, 0, 5181, Max, NaN, NaN, UserLimit, 5486.317165851593
./configs/juniper-ipopt-grb/JuniperLibSm/fo8_ar25_1.stdout:DATA, fo8_ar25_1.jl, 145, 0, 56, 348, Min, 40.1741716540824, 21.505328041251804, UserLimit, 3600.055909872055
./configs/juniper-ipopt-grb/JuniperLibSm/transswitch0030p.stdout:DATA, transswitch0030p.jl, 278, 41, 0, 556, Min, 573.9181315228456, 573.9181313391466, Optimal, 3.1748549938201904
./configs/juniper-ipopt-grb/JuniperLibSm/crossdock_15x7.stdout:DATA, crossdock_15x7.jl, 211, 210, 0, 45, Min, 15340.0, 14399.613658892975, UserLimit, 3600.587460041046
./configs/juniper-ipopt-grb/JuniperLibSm/portfol_shortfall100_04.stdout:DATA, portfol_shortfall100_04.jl, 405, 101, 0, 308, Min, -1.1178789799389548, -1.1198054107276252, UserLimit, 3600.07226395607
./configs/juniper-ipopt-grb/JuniperLibSm/cecil_13.stdout:DATA, cecil_13.jl, 841, 180, 0, 899, Min, -115656.50007682409, -115824.28619105565, UserLimit, 3600.2413351535797
./configs/juniper-ipopt-grb/JuniperLibSm/eg_disc2_s.stdout:DATA, eg_disc2_s.jl, 8, 0, 3, 28, Min, 5.93326877115948, 5.933236241253049, Optimal, 4.865555047988892
./configs/juniper-ipopt-grb/JuniperLibSm/carton9.stdout:DATA, carton9.jl, 361, 216, 72, 894, Min, 592.878790863881, 102.19668591788543, UserLimit, 3600.2485060691833
./configs/juniper-ipopt-grb/JuniperLibSm/netmod_dol1.stdout:DATA, netmod_dol1.jl, 1999, 462, 0, 3138, Min, 4.5119013406453276e-7, -0.6205074832127051, UserLimit, 3600.3578040599823
./configs/juniper-ipopt-grb/JuniperLibSm/blend480.stdout:DATA, blend480.jl, 313, 124, 0, 885, Max, 1.037801698878937, 9.8197480275027, UserLimit, 3600.1513669490814
./configs/juniper-ipopt-grb/JuniperLibSm/waterno2_18.stdout:DATA, waterno2_18.jl, 2989, 162, 0, 3707, Min, NaN, 1290.539289042804, UserLimit, 3600.4019219875336
./configs/juniper-ipopt-grb/JuniperLibSm/FLay05M.stdout:DATA, FLay05M.jl, 63, 40, 0, 66, Min, 64.49806174547926, 64.49508465984259, Optimal, 1321.392550945282
