./settings/juniper-ts-dbfs/JuniperLibSm/nuclear49a.stdout:DATA, nuclear49a.jl, 3342, 2450, 0, 1432, Min, -1.1514558450640309, -1.151453616387115, Optimal, 35.2435200214386
./settings/juniper-ts-dbfs/JuniperLibSm/sssd12-05.stdout:DATA, sssd12-05.jl, 96, 75, 0, 53, Min, 281408.60382534686, 281407.85759868706, Optimal, 76.6920280456543
./settings/juniper-ts-dbfs/JuniperLibSm/sssd20-04.stdout:DATA, sssd20-04.jl, 109, 92, 0, 53, Min, 347691.3683866921, 347690.2455245812, Optimal, 30.51390504837036
./settings/juniper-ts-dbfs/JuniperLibSm/edgecross14-039.stdout:DATA, edgecross14-039.jl, 183, 80, 0, 1457, Min, 113.99999239677537, 113.99999239677537, Optimal, 17.743777990341187
./settings/juniper-ts-dbfs/JuniperLibSm/oil2.stdout:DATA, oil2.jl, 937, 2, 0, 927, Min, -0.7332600129747349, -0.7332600129747349, Optimal, 6.054488897323608
./settings/juniper-ts-dbfs/JuniperLibSm/var_con10.stdout:DATA, var_con10.jl, 574, 12, 0, 465, Min, 444.21379142646384, 444.2004461843042, Optimal, 88.46345400810242
./settings/juniper-ts-dbfs/JuniperLibSm/waterno2_03.stdout:DATA, waterno2_03.jl, 499, 27, 0, 617, Min, 115.00451163986709, 115.00451163986709, Optimal, 168.82021403312683
./settings/juniper-ts-dbfs/JuniperLibSm/hydroenergy1.stdout:DATA, hydroenergy1.jl, 289, 96, 0, 429, Max, 209721.01028478364, 209721.01028478364, Optimal, 6.399158000946045
./settings/juniper-ts-dbfs/JuniperLibSm/nuclear14.stdout:DATA, nuclear14.jl, 1563, 576, 0, 1227, Min, -1.1287839680824945, -1.128748955798468, Optimal, 45.779629945755005
./settings/juniper-ts-dbfs/JuniperLibSm/tspn08.stdout:DATA, tspn08.jl, 45, 28, 0, 19, Min, 290.5668497473755, 0.0, Optimal, 1.3990240097045898
./settings/juniper-ts-dbfs/JuniperLibSm/squfl025-025.stdout:DATA, squfl025-025.jl, 651, 25, 0, 651, Min, 168.80717835690118, 168.80717835690118, Optimal, 27.99457597732544
./settings/juniper-ts-dbfs/JuniperLibSm/sepasequ_complex.stdout:DATA, sepasequ_complex.jl, 498, 50, 0, 1311, Min, 328.2844647089921, 228.0674905145269, UserLimit, 3602.749785900116
./settings/juniper-ts-dbfs/JuniperLibSm/crudeoil_pooling_ct2.stdout:DATA, crudeoil_pooling_ct2.jl, 404, 108, 0, 733, Max, 10246.219998093628, 10246.219998097475, Optimal, 764.9533970355988
./settings/juniper-ts-dbfs/JuniperLibSm/squfl030-150persp.stdout:DATA, squfl030-150persp.jl, 9031, 30, 0, 9151, Min, 430.57530008856264, 430.5352210689594, Optimal, 910.8370108604431
./settings/juniper-ts-dbfs/JuniperLibSm/RSyn0815M04H.stdout:DATA, RSyn0815M04H.jl, 1797, 376, 0, 3191, Max, 3410.856617218137, 3411.049601179513, Optimal, 61.257596015930176
./settings/juniper-ts-dbfs/JuniperLibSm/transswitch0014r.stdout:DATA, transswitch0014r.jl, 139, 20, 0, 198, Min, 8082.581685525506, 8082.3010489942035, Optimal, 14.776839017868042
./settings/juniper-ts-dbfs/JuniperLibSm/graphpart_clique-50.stdout:DATA, graphpart_clique-50.jl, 151, 150, 0, 51, Min, 2312.0, 2311.999799830089, Optimal, 1.8608040809631348
./settings/juniper-ts-dbfs/JuniperLibSm/tspn05.stdout:DATA, tspn05.jl, 21, 10, 0, 11, Min, 191.25520713154873, 0.0, Optimal, 0.7229578495025635
./settings/juniper-ts-dbfs/JuniperLibSm/multiplants_stg6.stdout:DATA, multiplants_stg6.jl, 694, 384, 0, 388, Max, NaN, 6385.483994760615, UserLimit, 3609.6209440231323
./settings/juniper-ts-dbfs/JuniperLibSm/procurement1mot.stdout:DATA, procurement1mot.jl, 785, 60, 0, 750, Max, 291.54166162188676, 291.54166162188676, Optimal, 446.1155300140381
./settings/juniper-ts-dbfs/JuniperLibSm/multiplants_mtg5.stdout:DATA, multiplants_mtg5.jl, 191, 78, 0, 309, Max, 5924.649333987281, 5924.649333987281, Optimal, 1835.7975130081177
./settings/juniper-ts-dbfs/JuniperLibSm/sssd15-04.stdout:DATA, sssd15-04.jl, 89, 72, 0, 48, Min, 205054.4345738232, 205054.43063709958, Optimal, 13.481908082962036
./settings/juniper-ts-dbfs/JuniperLibSm/genpooling_meyer04.stdout:DATA, genpooling_meyer04.jl, 119, 55, 0, 142, Min, 1.3882616877199528e6, 1.3882616877199528e6, Optimal, 25.234251976013184
./settings/juniper-ts-dbfs/JuniperLibSm/graphpart_3g-0444-0444.stdout:DATA, graphpart_3g-0444-0444.jl, 193, 192, 0, 65, Min, -7.513024246449329e6, 0.0, Optimal, 0.7577149868011475
./settings/juniper-ts-dbfs/JuniperLibSm/cvxnonsep_psig40r.stdout:DATA, cvxnonsep_psig40r.jl, 83, 0, 20, 43, Min, 86.54510181410407, 86.53768098867437, Optimal, 4.184908866882324
./settings/juniper-ts-dbfs/JuniperLibSm/tspn15.stdout:DATA, tspn15.jl, 136, 105, 0, 35, Min, 331.089299483446, 0.0, Optimal, 0.8374929428100586
./settings/juniper-ts-dbfs/JuniperLibSm/heatexch_gen3.stdout:DATA, heatexch_gen3.jl, 581, 60, 0, 511, Min, 77034.34955541078, 77034.34955541078, Optimal, 152.41997408866882
./settings/juniper-ts-dbfs/JuniperLibSm/product.stdout:DATA, product.jl, 1554, 107, 0, 1926, Min, -2141.8159935361705, -2145.3966878662104, UserLimit, 3600.7163350582123
./settings/juniper-ts-dbfs/JuniperLibSm/deb10.stdout:DATA, deb10.jl, 183, 22, 0, 130, Min, 209.4277410973742, 209.4277410973742, Optimal, 5.437747001647949
./settings/juniper-ts-dbfs/JuniperLibSm/hydroenergy3.stdout:DATA, hydroenergy3.jl, 1009, 336, 0, 1499, Max, 744963.759152851, 744963.759152851, Optimal, 93.69027304649353
./settings/juniper-ts-dbfs/JuniperLibSm/space25.stdout:DATA, space25.jl, 894, 750, 0, 236, Min, 484.32864382754144, 484.32864382754144, Optimal, 326.8434109687805
./settings/juniper-ts-dbfs/JuniperLibSm/chp_shorttermplan1b.stdout:DATA, chp_shorttermplan1b.jl, 1681, 288, 0, 3851, Min, 274.41090256504856, 274.41090256504856, Optimal, 19.172947883605957
./settings/juniper-ts-dbfs/JuniperLibSm/SLay09H.stdout:DATA, SLay09H.jl, 811, 144, 0, 1045, Min, 107805.75257932824, 107805.75257932823, Optimal, 163.22326612472534
./settings/juniper-ts-dbfs/JuniperLibSm/crudeoil_pooling_ct4.stdout:DATA, crudeoil_pooling_ct4.jl, 534, 138, 0, 925, Max, 13258.26881868307, 13258.26881868307, Optimal, 1210.106878042221
./settings/juniper-ts-dbfs/JuniperLibSm/sfacloc1_2_95.stdout:DATA, sfacloc1_2_95.jl, 172, 9, 0, 209, Min, 18.850070001936963, 18.850070011276497, Optimal, 1.276487112045288
./settings/juniper-ts-dbfs/JuniperLibSm/squfl025-040.stdout:DATA, squfl025-040.jl, 1026, 25, 0, 1041, Min, 197.33383429785118, 197.31723093993568, Optimal, 219.55506300926208
./settings/juniper-ts-dbfs/JuniperLibSm/heatexch_spec1.stdout:DATA, heatexch_spec1.jl, 57, 12, 0, 65, Min, 154997.3336374167, 154997.3336374167, Optimal, 2.46765398979187
./settings/juniper-ts-dbfs/JuniperLibSm/transswitch0009p.stdout:DATA, transswitch0009p.jl, 70, 9, 0, 140, Min, 5296.686202381859, 5296.686201501542, Optimal, 1.4862489700317383
./settings/juniper-ts-dbfs/JuniperLibSm/edgecross24-057.stdout:DATA, edgecross24-057.jl, 553, 552, 0, 8097, Min, 221.99999999090906, 221.99998203906833, Optimal, 22.967758893966675
./settings/juniper-ts-dbfs/JuniperLibSm/multiplants_mtg2.stdout:DATA, multiplants_mtg2.jl, 230, 112, 0, 307, Max, 7099.1862457866255, 7099.1862457866255, Optimal, 3390.214247941971
./settings/juniper-ts-dbfs/JuniperLibSm/hydroenergy2.stdout:DATA, hydroenergy2.jl, 577, 192, 0, 857, Max, 371811.87631537725, 371811.87631537725, Optimal, 24.8873188495636
./settings/juniper-ts-dbfs/JuniperLibSm/heatexch_gen2.stdout:DATA, heatexch_gen2.jl, 149, 16, 0, 167, Min, 844525.9062930767, 844525.9062930767, Optimal, 36.4396698474884
./settings/juniper-ts-dbfs/JuniperLibSm/squfl020-150persp.stdout:DATA, squfl020-150persp.jl, 6021, 20, 0, 6151, Min, 557.8478156443348, 557.8478156443348, Optimal, 240.61128902435303
./settings/juniper-ts-dbfs/JuniperLibSm/tspn10.stdout:DATA, tspn10.jl, 66, 45, 0, 22, Min, 225.12606528743066, 0.0, Optimal, 0.773198127746582
./settings/juniper-ts-dbfs/JuniperLibSm/graphpart_3pm-0334-0334.stdout:DATA, graphpart_3pm-0334-0334.jl, 109, 108, 0, 37, Min, -36.00000121583062, -36.00000121583062, Optimal, 20.198431968688965
./settings/juniper-ts-dbfs/JuniperLibSm/sssd25-04.stdout:DATA, sssd25-04.jl, 129, 112, 0, 58, Min, 300176.528046431, 300176.528046431, Optimal, 38.98958683013916
./settings/juniper-ts-dbfs/JuniperLibSm/nuclearve.stdout:DATA, nuclearve.jl, 352, 168, 0, 318, Min, -1.0370177522720496, -1.0370177522720496, Optimal, 19.250144958496094
./settings/juniper-ts-dbfs/JuniperLibSm/ndcc15persp.stdout:DATA, ndcc15persp.jl, 721, 40, 0, 347, Min, 94.611207098, 94.611207098, Optimal, 54.54949617385864
./settings/juniper-ts-dbfs/JuniperLibSm/routingdelay_bigm.stdout:DATA, routingdelay_bigm.jl, 1124, 396, 0, 2978, Min, 146.63726892161193, 146.62364483206778, Optimal, 287.14474511146545
./settings/juniper-ts-dbfs/JuniperLibSm/graphpart_2g-1010-0824.stdout:DATA, graphpart_2g-1010-0824.jl, 301, 300, 0, 101, Min, -6.961160279820057e6, -6.961160279820057e6, Optimal, 28.865686178207397
./settings/juniper-ts-dbfs/JuniperLibSm/nuclear49.stdout:DATA, nuclear49.jl, 5736, 2401, 0, 3874, Min, -1.1513097772903291, -1.1513093303888813, Optimal, 668.7416770458221
./settings/juniper-ts-dbfs/JuniperLibSm/graphpart_clique-30.stdout:DATA, graphpart_clique-30.jl, 91, 90, 0, 31, Min, 494.99995745602405, 0.0, Optimal, 1.125882863998413
./settings/juniper-ts-dbfs/JuniperLibSm/waternd2.stdout:DATA, waternd2.jl, 233, 72, 0, 250, Min, 1.0682027135852755e6, 1.0682027135852755e6, Optimal, 31.97405505180359
./settings/juniper-ts-dbfs/JuniperLibSm/RSyn0820M02H.stdout:DATA, RSyn0820M02H.jl, 979, 208, 0, 1501, Max, 1092.0918804294593, 1092.1027423780438, Optimal, 41.47132396697998
./settings/juniper-ts-dbfs/JuniperLibSm/SLay10M.stdout:DATA, SLay10M.jl, 291, 180, 0, 406, Min, 129579.88350279983, 129579.88350279983, Optimal, 1419.2633788585663
./settings/juniper-ts-dbfs/JuniperLibSm/edgecross14-176.stdout:DATA, edgecross14-176.jl, 183, 182, 0, 1457, Min, 5902.999999990909, 5902.999970019096, Optimal, 1.906944990158081
./settings/juniper-ts-dbfs/JuniperLibSm/ghg_2veh.stdout:DATA, ghg_2veh.jl, 58, 18, 0, 63, Min, 7.7709044454472815, 7.7709044454472815, Optimal, 4.08909010887146
./settings/juniper-ts-dbfs/JuniperLibSm/graphpart_3pm-0344-0344.stdout:DATA, graphpart_3pm-0344-0344.jl, 145, 144, 0, 49, Min, -48.00000161211621, -48.00000161211621, Optimal, 34.609848976135254
./settings/juniper-ts-dbfs/JuniperLibSm/graphpart_3pm-0444-0444.stdout:DATA, graphpart_3pm-0444-0444.jl, 193, 192, 0, 65, Min, -65.0000023129357, -65.0000023129357, Optimal, 45.7885320186615
./settings/juniper-ts-dbfs/JuniperLibSm/sfacloc1_4_80.stdout:DATA, sfacloc1_4_80.jl, 356, 62, 0, 2235, Min, 7.970759989652465, 7.970759989652465, Optimal, 32.40797805786133
./settings/juniper-ts-dbfs/JuniperLibSm/squfl020-150.stdout:DATA, squfl020-150.jl, 3021, 20, 0, 3151, Min, 557.8485786688627, 557.7937565114745, Optimal, 1979.8507161140442
./settings/juniper-ts-dbfs/JuniperLibSm/squfl020-040.stdout:DATA, squfl020-040.jl, 821, 20, 0, 841, Min, 209.25484651852003, 209.25484651852003, Optimal, 14.442409038543701
./settings/juniper-ts-dbfs/JuniperLibSm/multiplants_mtg1c.stdout:DATA, multiplants_mtg1c.jl, 245, 120, 0, 319, Max, 683.971251405921, 683.971251405921, Optimal, 944.1513080596924
./settings/juniper-ts-dbfs/JuniperLibSm/feedtray.stdout:DATA, feedtray.jl, 98, 7, 0, 92, Min, -13.406005562497812, 0.0, Optimal, 1.1447811126708984
./settings/juniper-ts-dbfs/JuniperLibSm/nuclear14a.stdout:DATA, nuclear14a.jl, 993, 600, 0, 634, Min, -1.1286410065995458, -1.1286404610915437, Optimal, 5.5544188022613525
./settings/juniper-ts-dbfs/JuniperLibSm/edgecross14-058.stdout:DATA, edgecross14-058.jl, 183, 182, 0, 1457, Min, 383.9999999909091, 383.9999875927303, Optimal, 1.8317530155181885
./settings/juniper-ts-dbfs/JuniperLibSm/synheat.stdout:DATA, synheat.jl, 57, 12, 0, 65, Min, 154997.33363741668, 154997.33363741668, Optimal, 27.813987016677856
./settings/juniper-ts-dbfs/JuniperLibSm/nuclear25.stdout:DATA, nuclear25.jl, 1679, 625, 0, 1304, Min, -1.1203214137733506, -1.1203214137733506, Optimal, 1364.315239906311
./settings/juniper-ts-dbfs/JuniperLibSm/heatexch_spec2.stdout:DATA, heatexch_spec2.jl, 77, 16, 0, 91, Min, 634976.3278214148, 634976.3278214148, Optimal, 7.343433141708374
./settings/juniper-ts-dbfs/JuniperLibSm/transswitch0118p.stdout:DATA, transswitch0118p.jl, 1240, 179, 0, 2480, Min, 129469.31381304086, 129457.87589205588, Optimal, 4.845757961273193
./settings/juniper-ts-dbfs/JuniperLibSm/watercontamination0303r.stdout:DATA, watercontamination0303r.jl, 385, 14, 0, 557, Min, 424.5440969501139, 424.5440969501139, Optimal, 3479.8501119613647
./settings/juniper-ts-dbfs/JuniperLibSm/sfacloc2_3_80.stdout:DATA, sfacloc2_3_80.jl, 324, 107, 0, 2269, Min, 12.17862076786802, 10.653585587168175, UserLimit, 3600.1329398155212
./settings/juniper-ts-dbfs/JuniperLibSm/genpooling_meyer15.stdout:DATA, genpooling_meyer15.jl, 735, 352, 0, 769, Min, 943734.0268721945, 943655.8490655008, Optimal, 70.0470039844513
./settings/juniper-ts-dbfs/JuniperLibSm/sfacloc1_2_90.stdout:DATA, sfacloc1_2_90.jl, 200, 30, 0, 349, Min, 17.891542558636882, 17.891542558636882, Optimal, 2.735053062438965
./settings/juniper-ts-dbfs/JuniperLibSm/squfl020-050.stdout:DATA, squfl020-050.jl, 1021, 20, 0, 1051, Min, 230.20211501901917, 230.20211501901917, Optimal, 62.52467608451843
./settings/juniper-ts-dbfs/JuniperLibSm/edgecross20-040.stdout:DATA, edgecross20-040.jl, 381, 380, 0, 4561, Min, 57.99999999090911, 57.99998970817098, Optimal, 11.61190915107727
./settings/juniper-ts-dbfs/JuniperLibSm/sfacloc1_3_80.stdout:DATA, sfacloc1_3_80.jl, 294, 62, 0, 2162, Min, 8.608684724012653, 8.608684724012653, Optimal, 21.681082010269165
./settings/juniper-ts-dbfs/JuniperLibSm/gasprod_sarawak16.stdout:DATA, gasprod_sarawak16.jl, 1527, 38, 0, 2253, Min, -32271.218395200678, -32271.218395200678, Optimal, 65.27511692047119
./settings/juniper-ts-dbfs/JuniperLibSm/routingdelay_proj.stdout:DATA, routingdelay_proj.jl, 1124, 396, 0, 2978, Min, 146.62556899497673, 146.6255689935481, Optimal, 283.0651149749756
./settings/juniper-ts-dbfs/JuniperLibSm/sfacloc2_4_90.stdout:DATA, sfacloc2_4_90.jl, 369, 90, 0, 600, Min, 13.985958873763337, 11.981952723632958, UserLimit, 3600.0870881080627
./settings/juniper-ts-dbfs/JuniperLibSm/graphpart_2g-0099-9211.stdout:DATA, graphpart_2g-0099-9211.jl, 244, 243, 0, 82, Min, -5.0312052007131865e6, -5.0312052007131865e6, Optimal, 20.932931900024414
./settings/juniper-ts-dbfs/JuniperLibSm/sssd15-06.stdout:DATA, sssd15-06.jl, 133, 108, 0, 64, Min, 539635.4068485375, 539633.5630708323, Optimal, 1743.9312098026276
./settings/juniper-ts-dbfs/JuniperLibSm/squfl040-080.stdout:DATA, squfl040-080.jl, 3241, 40, 0, 3281, Min, 2314.96333040871, 256.1583866604005, UserLimit, 3600.169461965561
./settings/juniper-ts-dbfs/JuniperLibSm/transswitch0030r.stdout:DATA, transswitch0030r.jl, 278, 41, 0, 392, Min, 573.9373049225351, 573.9353194645347, Optimal, 25.10130286216736
./settings/juniper-ts-dbfs/JuniperLibSm/supplychainp1_022020.stdout:DATA, supplychainp1_022020.jl, 2941, 460, 0, 5301, Min, 2.996900940495849e6, 2.996900940495849e6, Optimal, 209.09914803504944
./settings/juniper-ts-dbfs/JuniperLibSm/ndcc15.stdout:DATA, ndcc15.jl, 681, 40, 0, 307, Min, 94.611207098, 94.611207098, Optimal, 756.1293649673462
./settings/juniper-ts-dbfs/JuniperLibSm/nuclearvb.stdout:DATA, nuclearvb.jl, 352, 168, 0, 318, Min, -1.0301292223951513, -1.0301292223951513, Optimal, 21.123387813568115
./settings/juniper-ts-dbfs/JuniperLibSm/SLay08H.stdout:DATA, SLay08H.jl, 633, 112, 0, 813, Min, 84960.21215773224, 84960.21215773224, Optimal, 84.84169316291809
./settings/juniper-ts-dbfs/JuniperLibSm/SLay10H.stdout:DATA, SLay10H.jl, 1011, 180, 0, 1306, Min, 129579.8830903958, 129579.88309039579, Optimal, 3176.9186289310455
./settings/juniper-ts-dbfs/JuniperLibSm/space25a.stdout:DATA, space25a.jl, 384, 240, 0, 202, Min, 484.3286428025497, 484.30131715799183, Optimal, 30.267734050750732
./settings/juniper-ts-dbfs/JuniperLibSm/portfol_classical050_1.stdout:DATA, portfol_classical050_1.jl, 151, 50, 0, 104, Min, -0.0947601284051646, -0.09476810341050353, Optimal, 13.878095149993896
./settings/juniper-ts-dbfs/JuniperLibSm/gams02.stdout:DATA, gams02.jl, 12689, 96, 0, 14609, Min, NaN, NaN, UserLimit, 422.36727499961853
./settings/juniper-ts-dbfs/JuniperLibSm/wastepaper5.stdout:DATA, wastepaper5.jl, 105, 65, 0, 47, Min, 0.0008212021912905406, 0.0008212021912905406, Optimal, 11.437036037445068
./settings/juniper-ts-dbfs/JuniperLibSm/deb6.stdout:DATA, deb6.jl, 476, 20, 0, 508, Min, 201.73926040328627, 201.73926040328627, Optimal, 26.931714057922363
./settings/juniper-ts-dbfs/JuniperLibSm/sfacloc1_4_90.stdout:DATA, sfacloc1_4_90.jl, 324, 30, 0, 495, Min, 10.457446492858521, 10.457446492858521, Optimal, 4.7510130405426025
./settings/juniper-ts-dbfs/JuniperLibSm/faclay20h.stdout:DATA, faclay20h.jl, 191, 190, 0, 2281, Min, 16432.99919307999, 0.0, Optimal, 1.6572749614715576
./settings/juniper-ts-dbfs/JuniperLibSm/Syn30M04H.stdout:DATA, Syn30M04H.jl, 1153, 240, 0, 2161, Max, 865.7230611666533, 865.7230611666533, Optimal, 21.6612069606781
./settings/juniper-ts-dbfs/JuniperLibSm/pooling_epa2.stdout:DATA, pooling_epa2.jl, 332, 45, 0, 525, Min, -4567.3558241049495, -4567.3558241049495, Optimal, 60.22047805786133
./settings/juniper-ts-dbfs/JuniperLibSm/graphpart_clique-20.stdout:DATA, graphpart_clique-20.jl, 61, 60, 0, 21, Min, 146.99998779566562, 146.99998736509664, Optimal, 18.55644202232361
./settings/juniper-ts-dbfs/JuniperLibSm/CLay0205H.stdout:DATA, CLay0205H.jl, 261, 50, 0, 366, Min, 8092.4998504581545, 8092.4998504581545, Optimal, 2573.713380098343
./settings/juniper-ts-dbfs/JuniperLibSm/edgecross14-078.stdout:DATA, edgecross14-078.jl, 183, 155, 0, 1457, Min, 724.9999779263666, 0.0, Optimal, 2.1887001991271973
./settings/juniper-ts-dbfs/JuniperLibSm/squfl015-080persp.stdout:DATA, squfl015-080persp.jl, 2416, 15, 0, 2481, Min, 402.48819281112657, 402.48819281112657, Optimal, 25.012943029403687
./settings/juniper-ts-dbfs/JuniperLibSm/ghg_3veh.stdout:DATA, ghg_3veh.jl, 97, 36, 0, 120, Min, 7.774759320955366, 7.774759320955366, Optimal, 5.986706018447876
./settings/juniper-ts-dbfs/JuniperLibSm/water4.stdout:DATA, water4.jl, 196, 126, 0, 138, Min, 1044.6495225484887, 892.5707986803108, UserLimit, 3600.670082807541
./settings/juniper-ts-dbfs/JuniperLibSm/ndcc13.stdout:DATA, ndcc13.jl, 631, 42, 0, 255, Min, 89.53498745200004, 81.07944117960629, UserLimit, 3600.5962040424347
./settings/juniper-ts-dbfs/JuniperLibSm/graphpart_clique-70.stdout:DATA, graphpart_clique-70.jl, 211, 210, 0, 71, Min, 6348.0, 6347.999456837259, Optimal, 3.367356061935425
./settings/juniper-ts-dbfs/JuniperLibSm/crudeoil_li01.stdout:DATA, crudeoil_li01.jl, 345, 48, 0, 696, Max, 5122.564513508949, 5122.564513508949, Optimal, 1728.1369409561157
./settings/juniper-ts-dbfs/JuniperLibSm/sfacloc1_3_90.stdout:DATA, sfacloc1_3_90.jl, 262, 30, 0, 422, Min, 11.621976499842487, 11.621976499842487, Optimal, 26.110862970352173
./settings/juniper-ts-dbfs/JuniperLibSm/squfl030-150.stdout:DATA, squfl030-150.jl, 4531, 30, 0, 4651, Min, 4021.742379249972, 381.6595577883096, UserLimit, 3600.293913125992
./settings/juniper-ts-dbfs/JuniperLibSm/squfl015-060.stdout:DATA, squfl015-060.jl, 916, 15, 0, 961, Min, 366.621771206999, 366.621771206999, Optimal, 28.89673900604248
./settings/juniper-ts-dbfs/JuniperLibSm/squfl040-080persp.stdout:DATA, squfl040-080persp.jl, 6441, 40, 0, 6481, Min, 265.21768916842655, 265.21768916842655, Optimal, 150.0638039112091
./settings/juniper-ts-dbfs/JuniperLibSm/qapw.stdout:DATA, qapw.jl, 451, 225, 0, 256, Min, 391539.97855928075, 391539.97855928075, Optimal, 566.7431609630585
./settings/juniper-ts-dbfs/JuniperLibSm/squfl025-030.stdout:DATA, squfl025-030.jl, 776, 25, 0, 781, Min, 205.5015941442071, 205.5015941442071, Optimal, 31.51970386505127
./settings/juniper-ts-dbfs/JuniperLibSm/oil.stdout:DATA, oil.jl, 1536, 19, 0, 1547, Min, -0.8513745056523999, -0.8513745056523999, Optimal, 10.191129922866821
./settings/juniper-ts-dbfs/JuniperLibSm/crudeoil_lee3_07.stdout:DATA, crudeoil_lee3_07.jl, 1793, 98, 0, 3950, Max, 0, NaN, Infeasible, 3468.822530031204
./settings/juniper-ts-dbfs/JuniperLibSm/sfacloc1_3_95.stdout:DATA, sfacloc1_3_95.jl, 234, 9, 0, 282, Min, 12.45671919327488, 12.456719205395741, Optimal, 1.4286539554595947
./settings/juniper-ts-dbfs/JuniperLibSm/forest.stdout:DATA, forest.jl, 237, 73, 0, 310, Max, 1.4396226486553578e7, 1.439652372486053e7, Optimal, 9.94985580444336
./settings/juniper-ts-dbfs/JuniperLibSm/squfl015-080.stdout:DATA, squfl015-080.jl, 1216, 15, 0, 1281, Min, 402.48848553746416, 402.45531703884916, Optimal, 101.58852100372314
./settings/juniper-ts-dbfs/JuniperLibSm/casctanks.stdout:DATA, casctanks.jl, 501, 40, 0, 518, Min, 9.163479125958352, 9.163479125958352, Optimal, 15.689649820327759
./settings/juniper-ts-dbfs/JuniperLibSm/waterx.stdout:DATA, waterx.jl, 71, 14, 0, 55, Min, 909.02783309195, 909.02783309195, Optimal, 10.715646028518677
./settings/juniper-ts-dbfs/JuniperLibSm/blend718.stdout:DATA, blend718.jl, 223, 87, 0, 607, Max, 7.393601902360752, 7.393601902360752, Optimal, 730.3595759868622
./settings/juniper-ts-dbfs/JuniperLibSm/blend531.stdout:DATA, blend531.jl, 273, 104, 0, 737, Max, 20.03900424431876, 20.040945260894823, Optimal, 1448.5229060649872
./settings/juniper-ts-dbfs/JuniperLibSm/nuclearvd.stdout:DATA, nuclearvd.jl, 352, 168, 0, 318, Min, -1.039877609958889, -1.039877609958889, Optimal, 90.15033292770386
./settings/juniper-ts-dbfs/JuniperLibSm/sssd18-06.stdout:DATA, sssd18-06.jl, 151, 126, 0, 67, Min, 397992.24757194205, 397992.0680404631, Optimal, 904.7727408409119
./settings/juniper-ts-dbfs/JuniperLibSm/contvar.stdout:DATA, contvar.jl, 297, 88, 0, 285, Min, 809149.8109905007, 809149.8109905007, Optimal, 42.091607093811035
./settings/juniper-ts-dbfs/JuniperLibSm/sfacloc1_4_95.stdout:DATA, sfacloc1_4_95.jl, 296, 9, 0, 355, Min, 11.243001338655898, 11.243001338655898, Optimal, 3.3456969261169434
./settings/juniper-ts-dbfs/JuniperLibSm/wastepaper6.stdout:DATA, wastepaper6.jl, 137, 90, 0, 55, Min, 0.00012638308224782168, 0.00012638308224782168, Optimal, 51.714986085891724
./settings/juniper-ts-dbfs/JuniperLibSm/qap.stdout:DATA, qap.jl, 226, 225, 0, 31, Min, 391667.9788254568, 391667.9788254568, Optimal, 1393.3253910541534
./settings/juniper-ts-dbfs/JuniperLibSm/edgecross22-048.stdout:DATA, edgecross22-048.jl, 463, 462, 0, 6161, Min, 83.99999999090912, 83.9999849745178, Optimal, 11.852281093597412
./settings/juniper-ts-dbfs/JuniperLibSm/fo7_2.stdout:DATA, fo7_2.jl, 115, 42, 0, 212, Min, 32.23327561423038, 11.893711059360148, UserLimit, 3600.0517699718475
./settings/juniper-ts-dbfs/JuniperLibSm/graphpart_clique-40.stdout:DATA, graphpart_clique-40.jl, 121, 120, 0, 41, Min, 1183.0, 1182.9998982333314, Optimal, 1.38907790184021
./settings/juniper-ts-dbfs/JuniperLibSm/graphpart_clique-60.stdout:DATA, graphpart_clique-60.jl, 181, 180, 0, 61, Min, 3989.9996599082733, 0.0, Optimal, 2.0547940731048584
./settings/juniper-ts-dbfs/JuniperLibSm/transswitch0009r.stdout:DATA, transswitch0009r.jl, 70, 9, 0, 104, Min, 5296.686203261219, 5296.6862023809, Optimal, 14.095354080200195
./settings/juniper-ts-dbfs/JuniperLibSm/transswitch0039p.stdout:DATA, transswitch0039p.jl, 329, 46, 0, 658, Min, 41866.123169064624, 41865.917756554925, Optimal, 4.143229007720947
./settings/juniper-ts-dbfs/JuniperLibSm/genpooling_meyer10.stdout:DATA, genpooling_meyer10.jl, 395, 187, 0, 424, Min, 1.091160636142883e6, 1.0910517723783932e6, Optimal, 919.0280249118805
./settings/juniper-ts-dbfs/JuniperLibSm/ndcc12persp.stdout:DATA, ndcc12persp.jl, 691, 46, 0, 284, Min, 106.35415532728759, 106.35415532728759, Optimal, 16.135222911834717
./settings/juniper-ts-dbfs/JuniperLibSm/gasnet_al3.stdout:DATA, gasnet_al3.jl, 725, 136, 0, 831, Min, 8934.692283899607, 8934.692280139901, Optimal, 348.5990469455719
./settings/juniper-ts-dbfs/JuniperLibSm/transswitch0039r.stdout:DATA, transswitch0039r.jl, 329, 46, 0, 474, Min, 41866.123169084334, 41866.123169084334, Optimal, 43.33389496803284
./settings/juniper-ts-dbfs/JuniperLibSm/edgecross14-098.stdout:DATA, edgecross14-098.jl, 183, 182, 0, 1457, Min, 1408.999999990909, 1408.9999753063685, Optimal, 3.65073299407959
./settings/juniper-ts-dbfs/JuniperLibSm/nous1.stdout:DATA, nous1.jl, 51, 2, 0, 44, Min, 1.5670719637309114, 1.5670719637309114, Optimal, 3.3054559230804443
./settings/juniper-ts-dbfs/JuniperLibSm/multiplants_mtg1b.stdout:DATA, multiplants_mtg1b.jl, 194, 93, 0, 257, Max, 450.54787459937904, 450.5478861564044, Optimal, 1935.6866681575775
./settings/juniper-ts-dbfs/JuniperLibSm/var_con5.stdout:DATA, var_con5.jl, 574, 12, 0, 465, Min, 278.1447474837232, 278.1447474837232, Optimal, 5.520576000213623
./settings/juniper-ts-dbfs/JuniperLibSm/waterno2_04.stdout:DATA, waterno2_04.jl, 665, 36, 0, 823, Min, 145.43976486234854, 145.42781027240156, Optimal, 2216.2152650356293
./settings/juniper-ts-dbfs/JuniperLibSm/tspn12.stdout:DATA, tspn12.jl, 91, 66, 0, 27, Min, 265.85788083393373, 0.0, Optimal, 0.728891134262085
./settings/juniper-ts-dbfs/JuniperLibSm/squfl030-100persp.stdout:DATA, squfl030-100persp.jl, 6031, 30, 0, 6101, Min, 363.0930113206107, 363.0930113206107, Optimal, 685.5952780246735
./settings/juniper-ts-dbfs/JuniperLibSm/chp_shorttermplan1a.stdout:DATA, chp_shorttermplan1a.jl, 1009, 144, 0, 2069, Min, 215.5725562972402, 215.5725562972402, Optimal, 16.82417917251587
./settings/juniper-ts-dbfs/JuniperLibSm/ndcc12.stdout:DATA, ndcc12.jl, 645, 46, 0, 238, Min, 106.35415479599999, 106.35415479599999, Optimal, 119.84805011749268
./settings/juniper-ts-dbfs/JuniperLibSm/squfl030-100.stdout:DATA, squfl030-100.jl, 3031, 30, 0, 3101, Min, 2334.026847139671, 347.50793783058356, UserLimit, 3600.194244861603
./settings/juniper-ts-dbfs/JuniperLibSm/nuclear25a.stdout:DATA, nuclear25a.jl, 1059, 650, 0, 660, Min, -1.1206760902074608, -1.120714609367808, Optimal, 188.34123992919922
./settings/juniper-ts-dbfs/JuniperLibSm/FLay05H.stdout:DATA, FLay05H.jl, 383, 40, 0, 466, Min, 64.49806112088903, 62.07473003130641, UserLimit, 3600.0571751594543
./settings/juniper-ts-dbfs/JuniperLibSm/graphpart_2pm-0099-0999.stdout:DATA, graphpart_2pm-0099-0999.jl, 244, 243, 0, 82, Min, -64.00000221149203, -64.00000224884153, Optimal, 62.41401505470276
./settings/juniper-ts-dbfs/JuniperLibSm/gasprod_sarawak81.stdout:DATA, gasprod_sarawak81.jl, 7572, 38, 0, 11093, Min, -32273.00403278872, -32273.00403278872, Optimal, 672.5963299274445
./settings/juniper-ts-dbfs/JuniperLibSm/nuclearva.stdout:DATA, nuclearva.jl, 352, 168, 0, 318, Min, -1.0136900064389964, -1.0136900064389964, Optimal, 21.620707035064697
./settings/juniper-ts-dbfs/JuniperLibSm/sfacloc1_2_80.stdout:DATA, sfacloc1_2_80.jl, 232, 62, 0, 2089, Min, 12.752053257353822, 12.752053257353822, Optimal, 21.977828979492188
./settings/juniper-ts-dbfs/JuniperLibSm/ndcc13persp.stdout:DATA, ndcc13persp.jl, 673, 42, 0, 297, Min, 84.91792758777949, 84.90948054274686, Optimal, 687.8236899375916
./settings/juniper-ts-dbfs/JuniperLibSm/multiplants_mtg1a.stdout:DATA, multiplants_mtg1a.jl, 194, 93, 0, 257, Max, 391.613509820888, 391.613509820888, Optimal, 927.3261890411377
./settings/juniper-ts-dbfs/JuniperLibSm/Syn40M04H.stdout:DATA, Syn40M04H.jl, 1529, 320, 0, 2905, Max, 901.7518080582729, 901.7518080582729, Optimal, 70.91785502433777
./settings/juniper-ts-dbfs/JuniperLibSm/CLay0305H.stdout:DATA, CLay0305H.jl, 276, 55, 0, 396, Min, 8092.499850454574, 8092.499850454574, Optimal, 2877.1902339458466
./settings/juniper-ts-dbfs/JuniperLibSm/wastepaper4.stdout:DATA, wastepaper4.jl, 77, 44, 0, 39, Min, 0.0034791707953404417, 0.0034791707953404417, Optimal, 3.9180281162261963
./settings/juniper-ts-dbfs/JuniperLibSm/transswitch0014p.stdout:DATA, transswitch0014p.jl, 139, 20, 0, 278, Min, 8082.581681729161, 8082.301045202543, Optimal, 1.3430850505828857
./settings/juniper-ts-dbfs/JuniperLibSm/nuclearvc.stdout:DATA, nuclearvc.jl, 352, 168, 0, 318, Min, -0.9998951089611973, -0.9998949856726698, Optimal, 1.5515339374542236
./settings/juniper-ts-dbfs/JuniperLibSm/nuclearvf.stdout:DATA, nuclearvf.jl, 352, 168, 0, 318, Min, -1.0207175883823947, -1.0207175883823947, Optimal, 41.19859504699707
./settings/juniper-ts-dbfs/JuniperLibSm/ex1233.stdout:DATA, ex1233.jl, 53, 12, 0, 65, Min, 155010.671249535, 155010.671249535, Optimal, 2.304410934448242
./settings/juniper-ts-dbfs/JuniperLibSm/tln5.stdout:DATA, tln5.jl, 36, 5, 30, 31, Min, 10.29999988088678, 10.29999988088678, Optimal, 1735.856323003769
./settings/juniper-ts-dbfs/JuniperLibSm/blend852.stdout:DATA, blend852.jl, 305, 120, 0, 861, Max, 53.96270125309064, 53.96801377247328, Optimal, 3384.054565191269
./settings/juniper-ts-dbfs/JuniperLibSm/transswitch0030p.stdout:DATA, transswitch0030p.jl, 278, 41, 0, 556, Min, 573.9181315228456, 573.9181313391466, Optimal, 2.8858039379119873
./settings/juniper-ts-dbfs/JuniperLibSm/crossdock_15x7.stdout:DATA, crossdock_15x7.jl, 211, 210, 0, 45, Min, 14802.0, 14399.733507388806, UserLimit, 3600.49174618721
