/home/ole/.julia/v0.6/MINLPLibJuMP/instances/minlp2/blend531.jl, blend531.jl, 273, 0, 0, 737, Max, 20.039004335858788, 20.039004335858788, LOCALLY_SOLVED, 606.0999710559845
/home/ole/.julia/v0.6/MINLPLibJuMP/instances/minlp2/blend718.jl, blend718.jl, 223, 0, 0, 607, Max, 7.393601896823921, 7.393830578903382, LOCALLY_SOLVED, 652.4394550323486
/home/ole/.julia/v0.6/MINLPLibJuMP/instances/minlp2/blend852.jl, blend852.jl, 305, 0, 0, 861, Max, 26.67900598825579, 54.04220123825789, TIME_LIMIT, 3600.384994983673
/home/ole/.julia/v0.6/MINLPLibJuMP/instances/minlp2/casctanks.jl, casctanks.jl, 501, 0, 0, 518, Min, 9.163479125958332, 9.163479125958332, LOCALLY_SOLVED, 22.432687997817993
/home/ole/.julia/v0.6/MINLPLibJuMP/instances/minlp2/chp_shorttermplan1a.jl, chp_shorttermplan1a.jl, 1009, 0, 0, 2069, Min, 215.18291309172108, 215.18291309172108, LOCALLY_SOLVED, 80.50235605239868
/home/ole/.julia/v0.6/MINLPLibJuMP/instances/minlp2/chp_shorttermplan1b.jl, chp_shorttermplan1b.jl, 1681, 0, 0, 3851, Min, 262.626175759229, 262.626175759229, LOCALLY_SOLVED, 150.6204080581665
/home/ole/.julia/v0.6/MINLPLibJuMP/instances/minlp2/clay0205h.jl, clay0205h.jl, 261, 0, 0, 366, Min, 8222.499844857288, 8009.999841010237, TIME_LIMIT, 3601.272115945816
/home/ole/.julia/v0.6/MINLPLibJuMP/instances/minlp2/clay0305h.jl, clay0305h.jl, 276, 0, 0, 396, Min, 23574.239456876927, 23574.239456876927, LOCALLY_SOLVED, 113.12288212776184
/home/ole/.julia/v0.6/MINLPLibJuMP/instances/minlp2/contvar.jl, contvar.jl, 297, 0, 0, 285, Min, 809149.8109905013, 809149.8109905013, LOCALLY_SOLVED, 28.001936197280884
/home/ole/.julia/v0.6/MINLPLibJuMP/instances/minlp2/crossdock_15x7.jl, crossdock_15x7.jl, 211, 0, 0, 45, Min, 14438.999773011965, 14405.051784255907, TIME_LIMIT, 3600.569190979004
/home/ole/.julia/v0.6/MINLPLibJuMP/instances/minlp2/crudeoil_lee3_07.jl, crudeoil_lee3_07.jl, 1793, 0, 0, 3950, Max, NaN, NaN, ITERATION_LIMIT, 2197.7165718078613
/home/ole/.julia/v0.6/MINLPLibJuMP/instances/minlp2/crudeoil_li01.jl, crudeoil_li01.jl, 345, 0, 0, 696, Max, 5117.180840281243, 5117.658622285415, LOCALLY_SOLVED, 2927.729159116745
/home/ole/.julia/v0.6/MINLPLibJuMP/instances/minlp2/crudeoil_pooling_ct2.jl, crudeoil_pooling_ct2.jl, 404, 0, 0, 733, Max, 10246.219994322732, 10246.219994322732, LOCALLY_SOLVED, 969.652410030365
/home/ole/.julia/v0.6/MINLPLibJuMP/instances/minlp2/crudeoil_pooling_ct4.jl, crudeoil_pooling_ct4.jl, 534, 0, 0, 925, Max, 13149.000001309758, 13257.695148501763, TIME_LIMIT, 3603.4168310165405
/home/ole/.julia/v0.6/MINLPLibJuMP/instances/minlp2/crudeoil_pooling_dt4.jl, crudeoil_pooling_dt4.jl, 5063, 0, 0, 7699, Max, 13244.150004121946, 13414.046708352784, TIME_LIMIT, 3757.321942090988
/home/ole/.julia/v0.6/MINLPLibJuMP/instances/minlp2/cvxnonsep_psig40r.jl, cvxnonsep_psig40r.jl, 83, 0, 0, 43, Min, 86.54518080765723, 86.53768098867437, LOCALLY_SOLVED, 2.1641080379486084
/home/ole/.julia/v0.6/MINLPLibJuMP/instances/minlp2/deb10.jl, deb10.jl, 183, 0, 0, 130, Min, 209.42773675229915, 209.42773675229915, LOCALLY_SOLVED, 4.352931022644043
/home/ole/.julia/v0.6/MINLPLibJuMP/instances/minlp2/edgecross14-039.jl, edgecross14-039.jl, 183, 0, 0, 1457, Min, 113.9999952570897, 113.99999337336922, LOCALLY_SOLVED, 1.8576669692993164
/home/ole/.julia/v0.6/MINLPLibJuMP/instances/minlp2/edgecross14-058.jl, edgecross14-058.jl, 183, 0, 0, 1457, Min, 352.9999999925059, 352.99998742067953, LOCALLY_SOLVED, 1.9859449863433838
/home/ole/.julia/v0.6/MINLPLibJuMP/instances/minlp2/edgecross14-078.jl, edgecross14-078.jl, 183, 0, 0, 1457, Min, 724.9999793673414, 724.9999793673414, LOCALLY_SOLVED, 1.3804218769073486
/home/ole/.julia/v0.6/MINLPLibJuMP/instances/minlp2/edgecross14-098.jl, edgecross14-098.jl, 183, 0, 0, 1457, Min, 1365.9999750686895, 1365.9999750686895, LOCALLY_SOLVED, 1.5112488269805908
/home/ole/.julia/v0.6/MINLPLibJuMP/instances/minlp2/edgecross14-176.jl, edgecross14-176.jl, 183, 0, 0, 1457, Min, 5874.999999992506, 5874.999970186589, LOCALLY_SOLVED, 2.2249019145965576
/home/ole/.julia/v0.6/MINLPLibJuMP/instances/minlp2/edgecross20-040.jl, edgecross20-040.jl, 381, 0, 0, 4561, Min, 56.99999999250592, 56.99999258916764, LOCALLY_SOLVED, 5.4968581199646
/home/ole/.julia/v0.6/MINLPLibJuMP/instances/minlp2/edgecross22-048.jl, edgecross22-048.jl, 463, 0, 0, 6161, Min, 85.99999999250586, 85.99998891192274, LOCALLY_SOLVED, 8.418453931808472
/home/ole/.julia/v0.6/MINLPLibJuMP/instances/minlp2/edgecross24-057.jl, edgecross24-057.jl, 553, 0, 0, 8097, Min, 179.9999999925059, 179.9999845369839, LOCALLY_SOLVED, 28.74914789199829
/home/ole/.julia/v0.6/MINLPLibJuMP/instances/minlp2/eg_all_s.jl, eg_all_s.jl, 8, 0, 0, 28, Min, 7.657751809751293, 7.657751809751293, LOCALLY_SOLVED, 18.833436012268066
/home/ole/.julia/v0.6/MINLPLibJuMP/instances/minlp2/eg_disc2_s.jl, eg_disc2_s.jl, 8, 0, 0, 28, Min, 5.936371978040559, 5.936371978040559, LOCALLY_SOLVED, 4.945020914077759
/home/ole/.julia/v0.6/MINLPLibJuMP/instances/minlp2/eg_disc_s.jl, eg_disc_s.jl, 8, 0, 0, 28, Min, 6.8390432846127895, 6.8390432846127895, LOCALLY_SOLVED, 25.06505799293518
/home/ole/.julia/v0.6/MINLPLibJuMP/instances/minlp2/eg_int_s.jl, eg_int_s.jl, 8, 0, 0, 28, Min, 6.4531028850122425, 6.4531028850122425, LOCALLY_SOLVED, 7.436839818954468
/home/ole/.julia/v0.6/MINLPLibJuMP/instances/minlp2/ex1233.jl, ex1233.jl, 53, 0, 0, 65, Min, 155010.66783024816, 155010.66783024816, LOCALLY_SOLVED, 3.778223991394043
/home/ole/.julia/v0.6/MINLPLibJuMP/instances/minlp2/faclay20h.jl, faclay20h.jl, 191, 0, 0, 2281, Min, 16083.999181247531, 16083.999181247531, LOCALLY_SOLVED, 1.6530699729919434
/home/ole/.julia/v0.6/MINLPLibJuMP/instances/minlp2/feedtray.jl, feedtray.jl, 98, 0, 0, 92, Min, -13.406005552128411, -13.406005552128411, LOCALLY_SOLVED, 2.010373115539551
/home/ole/.julia/v0.6/MINLPLibJuMP/instances/minlp2/flay05h.jl, flay05h.jl, 383, 0, 0, 466, Min, 64.49806112087639, 62.70672887388924, TIME_LIMIT, 3600.3001639842987
/home/ole/.julia/v0.6/MINLPLibJuMP/instances/minlp2/fo7_2.jl, fo7_2.jl, 115, 0, 0, 212, Min, 35.23100414915696, 12.681572538023115, TIME_LIMIT, 3600.007451057434
/home/ole/.julia/v0.6/MINLPLibJuMP/instances/minlp2/forest.jl, forest.jl, 237, 0, 0, 310, Max, 1.4396226911566874e7, 1.4396226911566874e7, LOCALLY_SOLVED, 10.601966857910156
/home/ole/.julia/v0.6/MINLPLibJuMP/instances/minlp2/gasnet_al3.jl, gasnet_al3.jl, 725, 0, 0, 831, Min, NaN, NaN, ITERATION_LIMIT, 45.466161012649536
/home/ole/.julia/v0.6/MINLPLibJuMP/instances/minlp2/gasprod_sarawak16.jl, gasprod_sarawak16.jl, 1527, 0, 0, 2253, Min, -32271.218537078465, -32271.218537078465, LOCALLY_SOLVED, 55.36041712760925
/home/ole/.julia/v0.6/MINLPLibJuMP/instances/minlp2/gasprod_sarawak81.jl, gasprod_sarawak81.jl, 7572, 0, 0, 11093, Min, -32273.004172494515, -32273.004172494515, LOCALLY_SOLVED, 407.0843598842621
/home/ole/.julia/v0.6/MINLPLibJuMP/instances/minlp2/genpooling_meyer04.jl, genpooling_meyer04.jl, 119, 0, 0, 142, Min, 1.388261676081202e6, 1.388261676081202e6, LOCALLY_SOLVED, 63.9276909828186
/home/ole/.julia/v0.6/MINLPLibJuMP/instances/minlp2/genpooling_meyer10.jl, genpooling_meyer10.jl, 395, 0, 0, 424, Min, 1.212170740490063e6, 1.212170740490063e6, LOCALLY_SOLVED, 264.8584039211273
/home/ole/.julia/v0.6/MINLPLibJuMP/instances/minlp2/genpooling_meyer15.jl, genpooling_meyer15.jl, 735, 0, 0, 769, Min, 943734.0192416008, 943655.8376075575, LOCALLY_SOLVED, 145.4868860244751
/home/ole/.julia/v0.6/MINLPLibJuMP/instances/minlp2/ghg_2veh.jl, ghg_2veh.jl, 58, 0, 0, 63, Min, 7.781621735344037, 7.781621686959219, LOCALLY_SOLVED, 4.041053056716919
/home/ole/.julia/v0.6/MINLPLibJuMP/instances/minlp2/ghg_3veh.jl, ghg_3veh.jl, 97, 0, 0, 120, Min, 7.770545474631692, 7.770545474631692, LOCALLY_SOLVED, 9.978746891021729
/home/ole/.julia/v0.6/MINLPLibJuMP/instances/minlp2/graphpart_2g-0099-9211.jl, graphpart_2g-0099-9211.jl, 244, 0, 0, 82, Min, -5.031205201331526e6, -5.031205201331526e6, LOCALLY_SOLVED, 11.894340991973877
/home/ole/.julia/v0.6/MINLPLibJuMP/instances/minlp2/graphpart_2g-1010-0824.jl, graphpart_2g-1010-0824.jl, 301, 0, 0, 101, Min, -6.577088268508646e6, -6.577088268510434e6, LOCALLY_SOLVED, 2.06457781791687
/home/ole/.julia/v0.6/MINLPLibJuMP/instances/minlp2/graphpart_2pm-0099-0999.jl, graphpart_2pm-0099-0999.jl, 244, 0, 0, 82, Min, -61.00000225696403, -61.00000225696403, LOCALLY_SOLVED, 12.545964002609253
/home/ole/.julia/v0.6/MINLPLibJuMP/instances/minlp2/graphpart_3g-0444-0444.jl, graphpart_3g-0444-0444.jl, 193, 0, 0, 65, Min, -7.51282024489064e6, -7.51282024489064e6, LOCALLY_SOLVED, 1.3917818069458008
/home/ole/.julia/v0.6/MINLPLibJuMP/instances/minlp2/graphpart_3pm-0334-0334.jl, graphpart_3pm-0334-0334.jl, 109, 0, 0, 37, Min, -36.00000121550089, -36.00000121550089, LOCALLY_SOLVED, 11.993098974227905
/home/ole/.julia/v0.6/MINLPLibJuMP/instances/minlp2/graphpart_3pm-0344-0344.jl, graphpart_3pm-0344-0344.jl, 145, 0, 0, 49, Min, -45.00000154212143, -45.00000154212143, LOCALLY_SOLVED, 13.789042949676514
/home/ole/.julia/v0.6/MINLPLibJuMP/instances/minlp2/graphpart_3pm-0444-0444.jl, graphpart_3pm-0444-0444.jl, 193, 0, 0, 65, Min, -64.00000222171363, -64.00000222942998, LOCALLY_SOLVED, 10.901218175888062
/home/ole/.julia/v0.6/MINLPLibJuMP/instances/minlp2/graphpart_clique-20.jl, graphpart_clique-20.jl, 61, 0, 0, 21, Min, 146.99998779566562, 146.9999873652922, LOCALLY_SOLVED, 13.168011903762817
/home/ole/.julia/v0.6/MINLPLibJuMP/instances/minlp2/graphpart_clique-30.jl, graphpart_clique-30.jl, 91, 0, 0, 31, Min, 494.9999575539694, 494.9999575539694, LOCALLY_SOLVED, 11.858147859573364
/home/ole/.julia/v0.6/MINLPLibJuMP/instances/minlp2/graphpart_clique-40.jl, graphpart_clique-40.jl, 121, 0, 0, 41, Min, 1182.9998983578387, 1182.9998983632122, LOCALLY_SOLVED, 2.097270965576172
/home/ole/.julia/v0.6/MINLPLibJuMP/instances/minlp2/graphpart_clique-50.jl, graphpart_clique-50.jl, 151, 0, 0, 51, Min, 2311.9997999854772, 2311.9997999919674, LOCALLY_SOLVED, 2.4740660190582275
/home/ole/.julia/v0.6/MINLPLibJuMP/instances/minlp2/graphpart_clique-60.jl, graphpart_clique-60.jl, 181, 0, 0, 61, Min, 3989.9996600995064, 3989.9996600995064, LOCALLY_SOLVED, 2.3928399085998535
/home/ole/.julia/v0.6/MINLPLibJuMP/instances/minlp2/graphpart_clique-70.jl, graphpart_clique-70.jl, 211, 0, 0, 71, Min, 6347.999457056539, 6347.999457061565, LOCALLY_SOLVED, 3.9288179874420166
/home/ole/.julia/v0.6/MINLPLibJuMP/instances/minlp2/heatexch_gen2.jl, heatexch_gen2.jl, 149, 0, 0, 167, Min, 856214.1061748848, 856214.1061748848, LOCALLY_SOLVED, 45.825170040130615
/home/ole/.julia/v0.6/MINLPLibJuMP/instances/minlp2/heatexch_gen3.jl, heatexch_gen3.jl, 581, 0, 0, 511, Min, NaN, 51360.01895296967, LOCALLY_INFEASIBLE, 87.1194908618927
/home/ole/.julia/v0.6/MINLPLibJuMP/instances/minlp2/heatexch_spec1.jl, heatexch_spec1.jl, 57, 0, 0, 65, Min, 154997.32922567436, 154997.32922567436, LOCALLY_SOLVED, 3.6792750358581543
/home/ole/.julia/v0.6/MINLPLibJuMP/instances/minlp2/heatexch_spec2.jl, heatexch_spec2.jl, 77, 0, 0, 91, Min, 634976.3196235901, 634976.3196235901, LOCALLY_SOLVED, 5.853255987167358
/home/ole/.julia/v0.6/MINLPLibJuMP/instances/minlp2/hydroenergy1.jl, hydroenergy1.jl, 289, 0, 0, 429, Max, 209721.0138668055, 209721.0138668055, LOCALLY_SOLVED, 7.909015893936157
/home/ole/.julia/v0.6/MINLPLibJuMP/instances/minlp2/hydroenergy2.jl, hydroenergy2.jl, 577, 0, 0, 857, Max, 371811.8798975616, 371811.8798975616, LOCALLY_SOLVED, 23.239269018173218
/home/ole/.julia/v0.6/MINLPLibJuMP/instances/minlp2/hydroenergy3.jl, hydroenergy3.jl, 1009, 0, 0, 1499, Max, 744955.2700537903, 744964.8411889942, LOCALLY_SOLVED, 117.0552430152893
/home/ole/.julia/v0.6/MINLPLibJuMP/instances/minlp2/multiplants_mtg1a.jl, multiplants_mtg1a.jl, 194, 0, 0, 257, Max, NaN, 603.6111419049361, LOCALLY_INFEASIBLE, 11.780879020690918
/home/ole/.julia/v0.6/MINLPLibJuMP/instances/minlp2/multiplants_mtg1b.jl, multiplants_mtg1b.jl, 194, 0, 0, 257, Max, 434.71656342007606, 434.71656342007606, LOCALLY_SOLVED, 806.1530029773712
/home/ole/.julia/v0.6/MINLPLibJuMP/instances/minlp2/multiplants_mtg1c.jl, multiplants_mtg1c.jl, 245, 0, 0, 319, Max, 657.2470761248342, 657.2470762059139, LOCALLY_SOLVED, 263.32291412353516
/home/ole/.julia/v0.6/MINLPLibJuMP/instances/minlp2/multiplants_mtg2.jl, multiplants_mtg2.jl, 230, 0, 0, 307, Max, 7089.230754705657, 7089.932467329789, LOCALLY_SOLVED, 227.92170000076294
/home/ole/.julia/v0.6/MINLPLibJuMP/instances/minlp2/multiplants_mtg5.jl, multiplants_mtg5.jl, 191, 0, 0, 309, Max, 5748.066532888332, 5748.066532888332, LOCALLY_SOLVED, 197.7987711429596
/home/ole/.julia/v0.6/MINLPLibJuMP/instances/minlp2/multiplants_stg6.jl, multiplants_stg6.jl, 694, 0, 0, 388, Max, NaN, NaN, ALMOST_LOCALLY_SOLVED, 7.443549156188965
/home/ole/.julia/v0.6/MINLPLibJuMP/instances/minlp2/ndcc12.jl, ndcc12.jl, 645, 0, 0, 238, Min, 106.35415479599999, 106.35415479599999, LOCALLY_SOLVED, 129.90323901176453
/home/ole/.julia/v0.6/MINLPLibJuMP/instances/minlp2/ndcc12persp.jl, ndcc12persp.jl, 691, 0, 0, 284, Min, 106.35415479599999, 106.35415479599999, LOCALLY_SOLVED, 22.221394062042236
/home/ole/.julia/v0.6/MINLPLibJuMP/instances/minlp2/ndcc13.jl, ndcc13.jl, 631, 0, 0, 255, Min, 90.13302668800004, 80.99757075957048, TIME_LIMIT, 3602.5097889900208
/home/ole/.julia/v0.6/MINLPLibJuMP/instances/minlp2/ndcc13persp.jl, ndcc13persp.jl, 673, 0, 0, 297, Min, 84.91792758624005, 84.91552740633243, LOCALLY_SOLVED, 539.1305720806122
/home/ole/.julia/v0.6/MINLPLibJuMP/instances/minlp2/ndcc15.jl, ndcc15.jl, 681, 0, 0, 307, Min, 94.611207098, 94.611207098, LOCALLY_SOLVED, 609.8090398311615
/home/ole/.julia/v0.6/MINLPLibJuMP/instances/minlp2/ndcc15persp.jl, ndcc15persp.jl, 721, 0, 0, 347, Min, 94.611207098, 94.60324923709024, LOCALLY_SOLVED, 96.9473340511322
/home/ole/.julia/v0.6/MINLPLibJuMP/instances/minlp2/nous1.jl, nous1.jl, 51, 0, 0, 44, Min, 1.5670719573207388, 1.5670719573207388, LOCALLY_SOLVED, 2.918911933898926
/home/ole/.julia/v0.6/MINLPLibJuMP/instances/minlp2/nuclear14.jl, nuclear14.jl, 1563, 0, 0, 1227, Min, -1.128933746502919, -1.1289516858677895, LOCALLY_SOLVED, 29.80438804626465
/home/ole/.julia/v0.6/MINLPLibJuMP/instances/minlp2/nuclear14a.jl, nuclear14a.jl, 993, 0, 0, 634, Min, -1.1296569513425547, -1.1296554215442938, LOCALLY_SOLVED, 6.975332975387573
/home/ole/.julia/v0.6/MINLPLibJuMP/instances/minlp2/nuclear25.jl, nuclear25.jl, 1679, 0, 0, 1304, Min, -1.120594571142257, -1.120594571142257, LOCALLY_SOLVED, 290.1668219566345
/home/ole/.julia/v0.6/MINLPLibJuMP/instances/minlp2/nuclear25a.jl, nuclear25a.jl, 1059, 0, 0, 660, Min, -1.1207159557846647, -1.1207159557846647, LOCALLY_SOLVED, 1926.9548330307007
/home/ole/.julia/v0.6/MINLPLibJuMP/instances/minlp2/nuclear49a.jl, nuclear49a.jl, 3342, 0, 0, 1432, Min, NaN, -1.1514479335341181, TIME_LIMIT, 3604.9475331306458
/home/ole/.julia/v0.6/MINLPLibJuMP/instances/minlp2/nuclearva.jl, nuclearva.jl, 352, 0, 0, 318, Min, -1.0129883786932419, -1.0129883786932419, LOCALLY_SOLVED, 11.535830974578857
/home/ole/.julia/v0.6/MINLPLibJuMP/instances/minlp2/nuclearvb.jl, nuclearvb.jl, 352, 0, 0, 318, Min, -1.0256909677195662, -1.0256909677195662, LOCALLY_SOLVED, 80.30939292907715
/home/ole/.julia/v0.6/MINLPLibJuMP/instances/minlp2/nuclearvc.jl, nuclearvc.jl, 352, 0, 0, 318, Min, -1.0006278586159485, -1.0006278586159485, LOCALLY_SOLVED, 76.6822919845581
/home/ole/.julia/v0.6/MINLPLibJuMP/instances/minlp2/nuclearvd.jl, nuclearvd.jl, 352, 0, 0, 318, Min, -1.0354177394485808, -1.0354177394485808, LOCALLY_SOLVED, 84.10040187835693
/home/ole/.julia/v0.6/MINLPLibJuMP/instances/minlp2/nuclearve.jl, nuclearve.jl, 352, 0, 0, 318, Min, -1.0343498783272427, -1.0343498783272427, LOCALLY_SOLVED, 16.552431106567383
/home/ole/.julia/v0.6/MINLPLibJuMP/instances/minlp2/nuclearvf.jl, nuclearvf.jl, 352, 0, 0, 318, Min, -1.0185449710291974, -1.0185449710291974, LOCALLY_SOLVED, 20.921010971069336
/home/ole/.julia/v0.6/MINLPLibJuMP/instances/minlp2/oil.jl, oil.jl, 1536, 0, 0, 1547, Min, -0.8513810846594828, -1.0077365077644675, TIME_LIMIT, 3600.740702152252
/home/ole/.julia/v0.6/MINLPLibJuMP/instances/minlp2/oil2.jl, oil2.jl, 937, 0, 0, 927, Min, -0.7332600152490502, -0.7332600152490502, LOCALLY_SOLVED, 10.41179609298706
/home/ole/.julia/v0.6/MINLPLibJuMP/instances/minlp2/pooling_epa2.jl, pooling_epa2.jl, 332, 0, 0, 525, Min, NaN, NaN, ALMOST_LOCALLY_SOLVED, 23.82908582687378
/home/ole/.julia/v0.6/MINLPLibJuMP/instances/minlp2/portfol_classical050_1.jl, portfol_classical050_1.jl, 151, 0, 0, 104, Min, -0.09476012801174975, -0.09476774997653978, LOCALLY_SOLVED, 13.873878955841064
/home/ole/.julia/v0.6/MINLPLibJuMP/instances/minlp2/procurement1mot.jl, procurement1mot.jl, 785, 0, 0, 750, Max, 291.5416606670419, 291.56818871272003, LOCALLY_SOLVED, 1507.978530883789
/home/ole/.julia/v0.6/MINLPLibJuMP/instances/minlp2/product.jl, product.jl, 1554, 0, 0, 1926, Min, -2083.8239301607446, -2145.6858650902764, TIME_LIMIT, 3600.3308470249176
/home/ole/.julia/v0.6/MINLPLibJuMP/instances/minlp2/qap.jl, qap.jl, 226, 0, 0, 31, Min, 391209.97972499277, 391193.8795298427, LOCALLY_SOLVED, 2474.276549100876
/home/ole/.julia/v0.6/MINLPLibJuMP/instances/minlp2/qapw.jl, qapw.jl, 451, 0, 0, 256, Min, 393589.9802670292, 393589.9802670292, LOCALLY_SOLVED, 228.60913705825806
/home/ole/.julia/v0.6/MINLPLibJuMP/instances/minlp2/routingdelay_bigm.jl, routingdelay_bigm.jl, 1124, 0, 0, 2978, Min, 146.6349289016517, 146.6220783343411, LOCALLY_SOLVED, 426.33412504196167
/home/ole/.julia/v0.6/MINLPLibJuMP/instances/minlp2/routingdelay_proj.jl, routingdelay_proj.jl, 1124, 0, 0, 2978, Min, 146.63726897011784, 146.62441848590203, LOCALLY_SOLVED, 805.9770979881287
/home/ole/.julia/v0.6/MINLPLibJuMP/instances/minlp2/rsyn0815m04h.jl, rsyn0815m04h.jl, 1797, 0, 0, 3191, Max, 3410.8566246392443, 3411.0914595075374, LOCALLY_SOLVED, 49.58557605743408
/home/ole/.julia/v0.6/MINLPLibJuMP/instances/minlp2/rsyn0820m02h.jl, rsyn0820m02h.jl, 979, 0, 0, 1501, Max, 1092.091879195633, 1092.091879195633, LOCALLY_SOLVED, 33.54317307472229
/home/ole/.julia/v0.6/MINLPLibJuMP/instances/minlp2/sfacloc1_2_80.jl, sfacloc1_2_80.jl, 232, 0, 0, 2089, Min, 12.75205319199345, 12.75205319199345, LOCALLY_SOLVED, 17.907878160476685
/home/ole/.julia/v0.6/MINLPLibJuMP/instances/minlp2/sfacloc1_2_90.jl, sfacloc1_2_90.jl, 200, 0, 0, 349, Min, 17.891542502751584, 17.891542502751584, LOCALLY_SOLVED, 4.073478937149048
/home/ole/.julia/v0.6/MINLPLibJuMP/instances/minlp2/sfacloc1_2_95.jl, sfacloc1_2_95.jl, 172, 0, 0, 209, Min, 18.850070116757625, 18.850070168453332, LOCALLY_SOLVED, 2.524420976638794
/home/ole/.julia/v0.6/MINLPLibJuMP/instances/minlp2/sfacloc1_3_80.jl, sfacloc1_3_80.jl, 294, 0, 0, 2162, Min, 8.608684635240005, 8.608684635240005, LOCALLY_SOLVED, 16.166258096694946
/home/ole/.julia/v0.6/MINLPLibJuMP/instances/minlp2/sfacloc1_3_90.jl, sfacloc1_3_90.jl, 262, 0, 0, 422, Min, 11.771815033816475, 11.771815033816475, LOCALLY_SOLVED, 4.7625439167022705
/home/ole/.julia/v0.6/MINLPLibJuMP/instances/minlp2/sfacloc1_3_95.jl, sfacloc1_3_95.jl, 234, 0, 0, 282, Min, 12.45671907995886, 12.456719305664736, LOCALLY_SOLVED, 2.7237489223480225
/home/ole/.julia/v0.6/MINLPLibJuMP/instances/minlp2/sfacloc1_4_80.jl, sfacloc1_4_80.jl, 356, 0, 0, 2235, Min, 8.209102743119573, 8.209102743119573, LOCALLY_SOLVED, 21.74265193939209
/home/ole/.julia/v0.6/MINLPLibJuMP/instances/minlp2/sfacloc1_4_90.jl, sfacloc1_4_90.jl, 324, 0, 0, 495, Min, 10.545190078108883, 10.545190078108883, LOCALLY_SOLVED, 5.73622989654541
/home/ole/.julia/v0.6/MINLPLibJuMP/instances/minlp2/sfacloc1_4_95.jl, sfacloc1_4_95.jl, 296, 0, 0, 355, Min, 11.682878639461185, 11.682878639461185, LOCALLY_SOLVED, 3.4151840209960938
/home/ole/.julia/v0.6/MINLPLibJuMP/instances/minlp2/sfacloc2_3_80.jl, sfacloc2_3_80.jl, 324, 0, 0, 2269, Min, 12.178620908348687, 11.028043475576188, TIME_LIMIT, 3600.2084879875183
/home/ole/.julia/v0.6/MINLPLibJuMP/instances/minlp2/sfacloc2_4_90.jl, sfacloc2_4_90.jl, 369, 0, 0, 600, Min, 13.41149370345807, 13.41149370345807, LOCALLY_SOLVED, 1398.2430520057678
/home/ole/.julia/v0.6/MINLPLibJuMP/instances/minlp2/slay08h.jl, slay08h.jl, 633, 0, 0, 813, Min, 84960.21215773224, 84960.21215773224, LOCALLY_SOLVED, 64.13283395767212
/home/ole/.julia/v0.6/MINLPLibJuMP/instances/minlp2/slay09h.jl, slay09h.jl, 811, 0, 0, 1045, Min, 107805.7525793284, 107805.75257932821, LOCALLY_SOLVED, 206.35448908805847
/home/ole/.julia/v0.6/MINLPLibJuMP/instances/minlp2/slay10h.jl, slay10h.jl, 1011, 0, 0, 1306, Min, 129579.88309039582, 129579.8830903958, LOCALLY_SOLVED, 3377.808564901352
/home/ole/.julia/v0.6/MINLPLibJuMP/instances/minlp2/slay10m.jl, slay10m.jl, 291, 0, 0, 406, Min, 129579.8810917806, 129579.88109178058, LOCALLY_SOLVED, 1309.7684578895569
/home/ole/.julia/v0.6/MINLPLibJuMP/instances/minlp2/space25.jl, space25.jl, 894, 0, 0, 236, Min, 484.32864356599725, 484.32864356599725, LOCALLY_SOLVED, 194.16603803634644
/home/ole/.julia/v0.6/MINLPLibJuMP/instances/minlp2/space25a.jl, space25a.jl, 384, 0, 0, 202, Min, 484.3286434286096, 484.3015155463571, LOCALLY_SOLVED, 25.952466011047363
/home/ole/.julia/v0.6/MINLPLibJuMP/instances/minlp2/squfl015-060.jl, squfl015-060.jl, 916, 0, 0, 961, Min, 366.621771206999, 366.621771206999, LOCALLY_SOLVED, 38.74977111816406
/home/ole/.julia/v0.6/MINLPLibJuMP/instances/minlp2/squfl015-080.jl, squfl015-080.jl, 1216, 0, 0, 1281, Min, 402.48848553746416, 402.45531703884916, LOCALLY_SOLVED, 128.98061203956604
/home/ole/.julia/v0.6/MINLPLibJuMP/instances/minlp2/squfl015-080persp.jl, squfl015-080persp.jl, 2416, 0, 0, 2481, Min, 402.48819582934806, 402.48819582934806, LOCALLY_SOLVED, 28.042464017868042
/home/ole/.julia/v0.6/MINLPLibJuMP/instances/minlp2/squfl020-040.jl, squfl020-040.jl, 821, 0, 0, 841, Min, 209.25484651852003, 209.25484651852003, LOCALLY_SOLVED, 19.68624782562256
/home/ole/.julia/v0.6/MINLPLibJuMP/instances/minlp2/squfl020-050.jl, squfl020-050.jl, 1021, 0, 0, 1051, Min, 230.20211501901917, 230.20211501901917, LOCALLY_SOLVED, 82.3095908164978
/home/ole/.julia/v0.6/MINLPLibJuMP/instances/minlp2/squfl020-150.jl, squfl020-150.jl, 3021, 0, 0, 3151, Min, 557.8485786688627, 557.7937565114746, LOCALLY_SOLVED, 2871.089371919632
/home/ole/.julia/v0.6/MINLPLibJuMP/instances/minlp2/squfl020-150persp.jl, squfl020-150persp.jl, 6021, 0, 0, 6151, Min, 557.8478238162107, 557.8478238162107, LOCALLY_SOLVED, 218.1532940864563
/home/ole/.julia/v0.6/MINLPLibJuMP/instances/minlp2/squfl025-025.jl, squfl025-025.jl, 651, 0, 0, 651, Min, 168.80717835690118, 168.80717835690118, LOCALLY_SOLVED, 36.2697319984436
/home/ole/.julia/v0.6/MINLPLibJuMP/instances/minlp2/squfl025-030.jl, squfl025-030.jl, 776, 0, 0, 781, Min, 205.5015941442071, 205.5015941442071, LOCALLY_SOLVED, 42.65213418006897
/home/ole/.julia/v0.6/MINLPLibJuMP/instances/minlp2/squfl025-040.jl, squfl025-040.jl, 1026, 0, 0, 1041, Min, 197.33383429785118, 197.31723093993568, LOCALLY_SOLVED, 291.9530107975006
/home/ole/.julia/v0.6/MINLPLibJuMP/instances/minlp2/squfl030-100.jl, squfl030-100.jl, 3031, 0, 0, 3101, Min, 2334.0268516639185, 338.6234826498756, TIME_LIMIT, 3600.034406900406
/home/ole/.julia/v0.6/MINLPLibJuMP/instances/minlp2/squfl030-100persp.jl, squfl030-100persp.jl, 6031, 0, 0, 6101, Min, 363.0930196668578, 363.0930196668578, LOCALLY_SOLVED, 1049.0025610923767
/home/ole/.julia/v0.6/MINLPLibJuMP/instances/minlp2/squfl030-150.jl, squfl030-150.jl, 4531, 0, 0, 4651, Min, 4021.742386222354, 374.1403002828048, TIME_LIMIT, 3600.0622069835663
/home/ole/.julia/v0.6/MINLPLibJuMP/instances/minlp2/squfl040-080.jl, squfl040-080.jl, 3241, 0, 0, 3281, Min, 2314.9633352339333, 249.26395304042657, TIME_LIMIT, 3600.3585329055786
/home/ole/.julia/v0.6/MINLPLibJuMP/instances/minlp2/squfl040-080persp.jl, squfl040-080persp.jl, 6441, 0, 0, 6481, Min, 263.89826475830586, 263.89826475830586, LOCALLY_SOLVED, 279.71085715293884
/home/ole/.julia/v0.6/MINLPLibJuMP/instances/minlp2/sssd12-05.jl, sssd12-05.jl, 96, 0, 0, 53, Min, 281408.6038253469, 281407.8575986871, LOCALLY_SOLVED, 74.77194905281067
/home/ole/.julia/v0.6/MINLPLibJuMP/instances/minlp2/sssd15-04.jl, sssd15-04.jl, 89, 0, 0, 48, Min, 205054.4345738232, 205054.43063709963, LOCALLY_SOLVED, 14.014085054397583
/home/ole/.julia/v0.6/MINLPLibJuMP/instances/minlp2/sssd15-06.jl, sssd15-06.jl, 133, 0, 0, 64, Min, 539635.4068485375, 539633.5630708325, LOCALLY_SOLVED, 1898.7702219486237
/home/ole/.julia/v0.6/MINLPLibJuMP/instances/minlp2/sssd18-06.jl, sssd18-06.jl, 151, 0, 0, 67, Min, 397992.2477016984, 397992.0775883862, LOCALLY_SOLVED, 793.4549169540405
/home/ole/.julia/v0.6/MINLPLibJuMP/instances/minlp2/sssd20-04.jl, sssd20-04.jl, 109, 0, 0, 53, Min, 347691.36842039035, 347691.36842039035, LOCALLY_SOLVED, 30.646296977996826
/home/ole/.julia/v0.6/MINLPLibJuMP/instances/minlp2/sssd25-04.jl, sssd25-04.jl, 129, 0, 0, 58, Min, 300176.52804643096, 300176.52804643096, LOCALLY_SOLVED, 38.59181594848633
/home/ole/.julia/v0.6/MINLPLibJuMP/instances/minlp2/supplychainp1_022020.jl, supplychainp1_022020.jl, 2941, 0, 0, 5301, Min, 2.99690095059926e6, 2.99690095059926e6, LOCALLY_SOLVED, 46.70579791069031
/home/ole/.julia/v0.6/MINLPLibJuMP/instances/minlp2/syn30m04h.jl, syn30m04h.jl, 1153, 0, 0, 2161, Max, 865.7230655660478, 865.7230655660478, LOCALLY_SOLVED, 21.185560941696167
/home/ole/.julia/v0.6/MINLPLibJuMP/instances/minlp2/syn40m04h.jl, syn40m04h.jl, 1529, 0, 0, 2905, Max, 901.751815761236, 901.751815761236, LOCALLY_SOLVED, 91.0373969078064
/home/ole/.julia/v0.6/MINLPLibJuMP/instances/minlp2/synheat.jl, synheat.jl, 57, 0, 0, 65, Min, 154997.32922567442, 154997.32922567442, LOCALLY_SOLVED, 3.7976620197296143
/home/ole/.julia/v0.6/MINLPLibJuMP/instances/minlp2/tln5.jl, tln5.jl, 36, 0, 0, 31, Min, 10.599999641447871, 10.199999905174833, TIME_LIMIT, 3600.0194461345673
/home/ole/.julia/v0.6/MINLPLibJuMP/instances/minlp2/transswitch0009p.jl, transswitch0009p.jl, 70, 0, 0, 140, Min, 5296.686202225454, 5296.686201340326, LOCALLY_SOLVED, 1.7382378578186035
/home/ole/.julia/v0.6/MINLPLibJuMP/instances/minlp2/transswitch0009r.jl, transswitch0009r.jl, 70, 0, 0, 104, Min, 5296.686203268171, 5296.6862023972935, LOCALLY_SOLVED, 12.621711015701294
/home/ole/.julia/v0.6/MINLPLibJuMP/instances/minlp2/transswitch0014p.jl, transswitch0014p.jl, 139, 0, 0, 278, Min, 8082.5816813058755, 8082.301044810768, LOCALLY_SOLVED, 1.6861519813537598
/home/ole/.julia/v0.6/MINLPLibJuMP/instances/minlp2/transswitch0014r.jl, transswitch0014r.jl, 139, 0, 0, 198, Min, 8082.581685533332, 8082.301049033785, LOCALLY_SOLVED, 17.268216848373413
/home/ole/.julia/v0.6/MINLPLibJuMP/instances/minlp2/transswitch0030p.jl, transswitch0030p.jl, 278, 0, 0, 556, Min, 573.9181313296756, 573.9181313296756, LOCALLY_SOLVED, 5.8009021282196045
/home/ole/.julia/v0.6/MINLPLibJuMP/instances/minlp2/transswitch0030r.jl, transswitch0030r.jl, 278, 0, 0, 392, Min, 573.9181314367197, 573.9019347041659, LOCALLY_SOLVED, 58.251769065856934
/home/ole/.julia/v0.6/MINLPLibJuMP/instances/minlp2/transswitch0039p.jl, transswitch0039p.jl, 329, 0, 0, 658, Min, 41866.123136497125, 41865.91772399377, LOCALLY_SOLVED, 5.059159994125366
/home/ole/.julia/v0.6/MINLPLibJuMP/instances/minlp2/transswitch0118p.jl, transswitch0118p.jl, 1240, 0, 0, 2480, Min, 129467.74660709228, 129456.09238361513, LOCALLY_SOLVED, 5.239380121231079
/home/ole/.julia/v0.6/MINLPLibJuMP/instances/minlp2/tspn05.jl, tspn05.jl, 21, 0, 0, 11, Min, 191.25520715648022, 191.25520715648022, LOCALLY_SOLVED, 1.2092010974884033
/home/ole/.julia/v0.6/MINLPLibJuMP/instances/minlp2/tspn08.jl, tspn08.jl, 45, 0, 0, 19, Min, NaN, NaN, ITERATION_LIMIT, 7.083910942077637
/home/ole/.julia/v0.6/MINLPLibJuMP/instances/minlp2/tspn10.jl, tspn10.jl, 66, 0, 0, 22, Min, 225.47372956548202, 225.47372956548202, LOCALLY_SOLVED, 1.38527512550354
/home/ole/.julia/v0.6/MINLPLibJuMP/instances/minlp2/tspn12.jl, tspn12.jl, 91, 0, 0, 27, Min, 265.85788073261944, 265.85788073261944, LOCALLY_SOLVED, 1.336271047592163
/home/ole/.julia/v0.6/MINLPLibJuMP/instances/minlp2/tspn15.jl, tspn15.jl, 136, 0, 0, 35, Min, 334.291506595238, 334.291506595238, LOCALLY_SOLVED, 4.880838871002197
/home/ole/.julia/v0.6/MINLPLibJuMP/instances/minlp2/var_con10.jl, var_con10.jl, 574, 0, 0, 465, Min, 444.21378724184274, 444.20044204630545, LOCALLY_SOLVED, 14.851608991622925
/home/ole/.julia/v0.6/MINLPLibJuMP/instances/minlp2/var_con5.jl, var_con5.jl, 574, 0, 0, 465, Min, 278.14474452995574, 278.14474452995574, LOCALLY_SOLVED, 12.527223110198975
/home/ole/.julia/v0.6/MINLPLibJuMP/instances/minlp2/wastepaper5.jl, wastepaper5.jl, 105, 0, 0, 47, Min, 0.0008605196572568747, 0.0008605196572568747, LOCALLY_SOLVED, 38.3197979927063
/home/ole/.julia/v0.6/MINLPLibJuMP/instances/minlp2/wastepaper6.jl, wastepaper6.jl, 137, 0, 0, 55, Min, 0.00012887348151073498, 0.00012887348151073498, LOCALLY_SOLVED, 244.46627807617188
/home/ole/.julia/v0.6/MINLPLibJuMP/instances/minlp2/water4.jl, water4.jl, 196, 0, 0, 138, Min, 1044.6495271935241, 886.5063492945031, TIME_LIMIT, 3600.1996710300446
/home/ole/.julia/v0.6/MINLPLibJuMP/instances/minlp2/watercontamination0303r.jl, watercontamination0303r.jl, 385, 0, 0, 557, Min, 424.54398399232434, 388.240250362735, TIME_LIMIT, 3720.7153549194336
/home/ole/.julia/v0.6/MINLPLibJuMP/instances/minlp2/waternd2.jl, waternd2.jl, 233, 0, 0, 250, Min, 1.0627060583212012e6, 1.0626935157430584e6, LOCALLY_SOLVED, 17.664833068847656
/home/ole/.julia/v0.6/MINLPLibJuMP/instances/minlp2/waterno2_03.jl, waterno2_03.jl, 499, 0, 0, 617, Min, 115.00442904189076, 115.00442904189076, LOCALLY_SOLVED, 191.0119490623474
/home/ole/.julia/v0.6/MINLPLibJuMP/instances/minlp2/waterno2_04.jl, waterno2_04.jl, 665, 0, 0, 823, Min, 145.4396290653248, 145.42821894687552, LOCALLY_SOLVED, 2459.1684250831604
/home/ole/.julia/v0.6/MINLPLibJuMP/instances/minlp2/waterx.jl, waterx.jl, 71, 0, 0, 55, Min, 930.5888424137922, 930.5888424137922, LOCALLY_SOLVED, 12.956825971603394
