/home/ole/.julia/v0.6/MINLPLibJuMP/instances/minlp2/blend531.jl, blend531.jl, 273, 104, 0, 737, Max, 20.039004239172538, 20.040874550879668, Optimal, 840.8171308040619
/home/ole/.julia/v0.6/MINLPLibJuMP/instances/minlp2/blend718.jl, blend718.jl, 223, 87, 0, 607, Max, 7.1586015001364, 13.841812955964613, UserLimit, 3600.066598892212
/home/ole/.julia/v0.6/MINLPLibJuMP/instances/minlp2/blend852.jl, blend852.jl, 305, 120, 0, 861, Max, 26.349005963105206, 54.00525125284921, UserLimit, 3602.205144882202
/home/ole/.julia/v0.6/MINLPLibJuMP/instances/minlp2/casctanks.jl, casctanks.jl, 501, 40, 0, 518, Min, 9.163479125958343, 9.163479125958343, Optimal, 21.54615807533264
/home/ole/.julia/v0.6/MINLPLibJuMP/instances/minlp2/chp_shorttermplan1a.jl, chp_shorttermplan1a.jl, 1009, 144, 0, 2069, Min, 215.33783495979335, 215.33783495979335, Optimal, 92.6416540145874
/home/ole/.julia/v0.6/MINLPLibJuMP/instances/minlp2/chp_shorttermplan1b.jl, chp_shorttermplan1b.jl, 1681, 288, 0, 3851, Min, 262.94999350935586, 262.94999350935586, Optimal, 234.11705493927002
/home/ole/.julia/v0.6/MINLPLibJuMP/instances/minlp2/clay0205h.jl, clay0205h.jl, 261, 50, 0, 366, Min, 8092.499850454546, 8092.499850454546, Optimal, 3385.2415499687195
/home/ole/.julia/v0.6/MINLPLibJuMP/instances/minlp2/clay0305h.jl, clay0305h.jl, 276, 55, 0, 396, Min, 9719.583141381734, 7874.999847482519, UserLimit, 3600.78582906723
/home/ole/.julia/v0.6/MINLPLibJuMP/instances/minlp2/contvar.jl, contvar.jl, 297, 88, 0, 285, Min, 809149.810993201, 809149.810993201, Optimal, 19.196295022964478
/home/ole/.julia/v0.6/MINLPLibJuMP/instances/minlp2/crossdock_15x7.jl, crossdock_15x7.jl, 211, 210, 0, 45, Min, 14440.999755561556, 14426.835139889585, UserLimit, 3600.712401151657
/home/ole/.julia/v0.6/MINLPLibJuMP/instances/minlp2/crudeoil_lee3_07.jl, crudeoil_lee3_07.jl, 1793, 98, 0, 3950, Max, 89.47286808875396, NaN, UserLimit, 2922.93363904953
/home/ole/.julia/v0.6/MINLPLibJuMP/instances/minlp2/crudeoil_li01.jl, crudeoil_li01.jl, 345, 48, 0, 696, Max, 5210.621239645089, NaN, UserLimit, 24.758687019348145
/home/ole/.julia/v0.6/MINLPLibJuMP/instances/minlp2/crudeoil_pooling_ct2.jl, crudeoil_pooling_ct2.jl, 404, 108, 0, 733, Max, 10209.525055011982, 10209.525055011982, Optimal, 2526.043543100357
/home/ole/.julia/v0.6/MINLPLibJuMP/instances/minlp2/crudeoil_pooling_ct4.jl, crudeoil_pooling_ct4.jl, 534, 138, 0, 925, Max, 13258.268817594222, 13258.268817594222, Optimal, 1195.2595210075378
/home/ole/.julia/v0.6/MINLPLibJuMP/instances/minlp2/crudeoil_pooling_dt4.jl, crudeoil_pooling_dt4.jl, 5063, 1326, 0, 7699, Max, 13231.650005124164, 13231.650005124164, UserLimit, 9345.061272144318
/home/ole/.julia/v0.6/MINLPLibJuMP/instances/minlp2/cvxnonsep_psig40r.jl, cvxnonsep_psig40r.jl, 83, 0, 20, 43, Min, 86.54510189234783, 86.53663200886696, Optimal, 3.306900978088379
/home/ole/.julia/v0.6/MINLPLibJuMP/instances/minlp2/deb10.jl, deb10.jl, 183, 22, 0, 130, Min, 209.42774109737223, 209.42774109737223, Optimal, 7.782328128814697
/home/ole/.julia/v0.6/MINLPLibJuMP/instances/minlp2/deb6.jl, deb6.jl, 476, 20, 0, 508, Min, 201.73926039567, 201.71909880008286, Optimal, 48.85991716384888
/home/ole/.julia/v0.6/MINLPLibJuMP/instances/minlp2/edgecross14-039.jl, edgecross14-039.jl, 183, 80, 0, 1457, Min, 109.99999584620475, 109.99999321396534, Optimal, 3.3474459648132324
/home/ole/.julia/v0.6/MINLPLibJuMP/instances/minlp2/edgecross14-058.jl, edgecross14-058.jl, 183, 182, 0, 1457, Min, 352.9999999925058, 352.99998742067953, Optimal, 7.599132061004639
/home/ole/.julia/v0.6/MINLPLibJuMP/instances/minlp2/edgecross14-078.jl, edgecross14-078.jl, 183, 155, 0, 1457, Min, 0.0, 0.0, Optimal, 1.905339002609253
/home/ole/.julia/v0.6/MINLPLibJuMP/instances/minlp2/edgecross14-098.jl, edgecross14-098.jl, 183, 182, 0, 1457, Min, 1354.999999992506, 1354.999974554571, Optimal, 3.8727598190307617
/home/ole/.julia/v0.6/MINLPLibJuMP/instances/minlp2/edgecross14-176.jl, edgecross14-176.jl, 183, 182, 0, 1457, Min, 5874.999999992506, 5874.999970186476, Optimal, 3.5838468074798584
/home/ole/.julia/v0.6/MINLPLibJuMP/instances/minlp2/edgecross20-040.jl, edgecross20-040.jl, 381, 380, 0, 4561, Min, 56.999999992505906, 56.99999258916758, Optimal, 11.574496030807495
/home/ole/.julia/v0.6/MINLPLibJuMP/instances/minlp2/edgecross22-048.jl, edgecross22-048.jl, 463, 462, 0, 6161, Min, 83.99999999250596, 83.9999888820398, Optimal, 18.034065008163452
/home/ole/.julia/v0.6/MINLPLibJuMP/instances/minlp2/edgecross24-057.jl, edgecross24-057.jl, 553, 552, 0, 8097, Min, 179.99999999250593, 179.99998453698393, Optimal, 58.23863101005554
/home/ole/.julia/v0.6/MINLPLibJuMP/instances/minlp2/eg_all_s.jl, eg_all_s.jl, 8, 0, 7, 28, Min, 7.657751809751292, 7.657751809751292, Optimal, 74.68927311897278
/home/ole/.julia/v0.6/MINLPLibJuMP/instances/minlp2/eg_disc2_s.jl, eg_disc2_s.jl, 8, 0, 3, 28, Min, 5.936371978040608, 5.936371978040608, Optimal, 6.698234796524048
/home/ole/.julia/v0.6/MINLPLibJuMP/instances/minlp2/eg_disc_s.jl, eg_disc_s.jl, 8, 0, 4, 28, Min, 5.760539383875914, 5.760539383875914, Optimal, 9.327597856521606
/home/ole/.julia/v0.6/MINLPLibJuMP/instances/minlp2/eg_int_s.jl, eg_int_s.jl, 8, 0, 3, 28, Min, 6.453102885012262, 6.453102885012262, Optimal, 9.040388107299805
/home/ole/.julia/v0.6/MINLPLibJuMP/instances/minlp2/ex1233.jl, ex1233.jl, 53, 12, 0, 65, Min, 155010.6712497753, 155010.6712497753, Optimal, 4.683606863021851
/home/ole/.julia/v0.6/MINLPLibJuMP/instances/minlp2/faclay20h.jl, faclay20h.jl, 191, 190, 0, 2281, Min, 0.0, 0.0, Optimal, 6.240699768066406
/home/ole/.julia/v0.6/MINLPLibJuMP/instances/minlp2/feedtray.jl, feedtray.jl, 98, 7, 0, 92, Min, 0.0, 0.0, Optimal, 1.8078069686889648
/home/ole/.julia/v0.6/MINLPLibJuMP/instances/minlp2/flay05h.jl, flay05h.jl, 383, 40, 0, 466, Min, 64.49806112094362, 62.51228271511051, UserLimit, 3600.147036075592
/home/ole/.julia/v0.6/MINLPLibJuMP/instances/minlp2/fo7_2.jl, fo7_2.jl, 115, 42, 0, 212, Min, 33.1889655685333, 12.424766555011887, UserLimit, 3600.041486978531
/home/ole/.julia/v0.6/MINLPLibJuMP/instances/minlp2/forest.jl, forest.jl, 237, 73, 0, 310, Max, 1.4396226486552456e7, 1.4396523724870527e7, Optimal, 17.511821031570435
/home/ole/.julia/v0.6/MINLPLibJuMP/instances/minlp2/gasnet_al3.jl, gasnet_al3.jl, 725, 136, 0, 831, Min, 0, NaN, Infeasible, 27.43926501274109
/home/ole/.julia/v0.6/MINLPLibJuMP/instances/minlp2/gasprod_sarawak16.jl, gasprod_sarawak16.jl, 1527, 38, 0, 2253, Min, -32271.21839202712, -32271.21839202712, Optimal, 311.932324886322
/home/ole/.julia/v0.6/MINLPLibJuMP/instances/minlp2/gasprod_sarawak81.jl, gasprod_sarawak81.jl, 7572, 38, 0, 11093, Min, -29431.247463254585, -29431.247463254585, Optimal, 3881.2506070137024
/home/ole/.julia/v0.6/MINLPLibJuMP/instances/minlp2/genpooling_meyer04.jl, genpooling_meyer04.jl, 119, 55, 0, 142, Min, 1.1126183567988311e6, 1.1126183567988311e6, Optimal, 23.50510597229004
/home/ole/.julia/v0.6/MINLPLibJuMP/instances/minlp2/genpooling_meyer10.jl, genpooling_meyer10.jl, 395, 187, 0, 424, Min, 1.0861871281191276e6, 1.0860929693449715e6, Optimal, 1267.3774330615997
/home/ole/.julia/v0.6/MINLPLibJuMP/instances/minlp2/genpooling_meyer15.jl, genpooling_meyer15.jl, 735, 352, 0, 769, Min, 943734.0245618531, 943699.997337576, Optimal, 264.5858211517334
/home/ole/.julia/v0.6/MINLPLibJuMP/instances/minlp2/ghg_2veh.jl, ghg_2veh.jl, 58, 18, 0, 63, Min, 7.770904445832903, 7.770904445832903, Optimal, 6.919081926345825
/home/ole/.julia/v0.6/MINLPLibJuMP/instances/minlp2/ghg_3veh.jl, ghg_3veh.jl, 97, 36, 0, 120, Min, 7.770545395598953, 7.770545395598953, Optimal, 19.978393077850342
/home/ole/.julia/v0.6/MINLPLibJuMP/instances/minlp2/graphpart_2g-0099-9211.jl, graphpart_2g-0099-9211.jl, 244, 243, 0, 82, Min, 0.0, 0.0, Optimal, 1.562932014465332
/home/ole/.julia/v0.6/MINLPLibJuMP/instances/minlp2/graphpart_2g-1010-0824.jl, graphpart_2g-1010-0824.jl, 301, 300, 0, 101, Min, -6.765374e6, -6.765374266844681e6, Optimal, 1.9864349365234375
/home/ole/.julia/v0.6/MINLPLibJuMP/instances/minlp2/graphpart_2pm-0099-0999.jl, graphpart_2pm-0099-0999.jl, 244, 243, 0, 82, Min, -60.0, -60.00000189316517, Optimal, 2.293055772781372
/home/ole/.julia/v0.6/MINLPLibJuMP/instances/minlp2/graphpart_3g-0444-0444.jl, graphpart_3g-0444-0444.jl, 193, 192, 0, 65, Min, 0.0, 0.0, Optimal, 1.5251100063323975
/home/ole/.julia/v0.6/MINLPLibJuMP/instances/minlp2/graphpart_3pm-0334-0334.jl, graphpart_3pm-0334-0334.jl, 109, 108, 0, 37, Min, 0.0, 0.0, Optimal, 1.2540738582611084
/home/ole/.julia/v0.6/MINLPLibJuMP/instances/minlp2/graphpart_3pm-0344-0344.jl, graphpart_3pm-0344-0344.jl, 145, 144, 0, 49, Min, -44.0, -44.00000159546991, Optimal, 1.717965841293335
/home/ole/.julia/v0.6/MINLPLibJuMP/instances/minlp2/graphpart_3pm-0444-0444.jl, graphpart_3pm-0444-0444.jl, 193, 192, 0, 65, Min, -64.0, -64.00000224718528, Optimal, 1.659437894821167
/home/ole/.julia/v0.6/MINLPLibJuMP/instances/minlp2/graphpart_clique-20.jl, graphpart_clique-20.jl, 61, 60, 0, 21, Min, 147.0, 146.9999869367713, Optimal, 1.7439730167388916
/home/ole/.julia/v0.6/MINLPLibJuMP/instances/minlp2/graphpart_clique-30.jl, graphpart_clique-30.jl, 91, 90, 0, 31, Min, 0.0, 0.0, Optimal, 1.5542571544647217
/home/ole/.julia/v0.6/MINLPLibJuMP/instances/minlp2/graphpart_clique-40.jl, graphpart_clique-40.jl, 121, 120, 0, 41, Min, 1183.0, 1182.9998982326897, Optimal, 2.154961109161377
/home/ole/.julia/v0.6/MINLPLibJuMP/instances/minlp2/graphpart_clique-50.jl, graphpart_clique-50.jl, 151, 150, 0, 51, Min, 2312.0, 2311.999799987518, Optimal, 2.453730821609497
/home/ole/.julia/v0.6/MINLPLibJuMP/instances/minlp2/graphpart_clique-60.jl, graphpart_clique-60.jl, 181, 180, 0, 61, Min, 0.0, 0.0, Optimal, 3.161882162094116
/home/ole/.julia/v0.6/MINLPLibJuMP/instances/minlp2/graphpart_clique-70.jl, graphpart_clique-70.jl, 211, 210, 0, 71, Min, 6348.0, 6347.999457056065, Optimal, 5.132235050201416
/home/ole/.julia/v0.6/MINLPLibJuMP/instances/minlp2/heatexch_gen2.jl, heatexch_gen2.jl, 149, 16, 0, 167, Min, 846519.2596495412, 846519.2596495412, Optimal, 61.64057397842407
/home/ole/.julia/v0.6/MINLPLibJuMP/instances/minlp2/heatexch_gen3.jl, heatexch_gen3.jl, 581, 60, 0, 511, Min, 0, 51396.09729043354, Infeasible, 219.50277018547058
/home/ole/.julia/v0.6/MINLPLibJuMP/instances/minlp2/heatexch_spec1.jl, heatexch_spec1.jl, 57, 12, 0, 65, Min, 154997.33363802725, 154997.33363802725, Optimal, 4.831904888153076
/home/ole/.julia/v0.6/MINLPLibJuMP/instances/minlp2/heatexch_spec2.jl, heatexch_spec2.jl, 77, 16, 0, 91, Min, 823665.7996351583, 823665.7996351583, Optimal, 9.079929113388062
/home/ole/.julia/v0.6/MINLPLibJuMP/instances/minlp2/hydroenergy1.jl, hydroenergy1.jl, 289, 96, 0, 429, Max, 209721.0102736471, 209721.0102736471, Optimal, 11.171968936920166
/home/ole/.julia/v0.6/MINLPLibJuMP/instances/minlp2/hydroenergy2.jl, hydroenergy2.jl, 577, 192, 0, 857, Max, 371811.87631538126, 371811.87631538126, Optimal, 65.20361399650574
/home/ole/.julia/v0.6/MINLPLibJuMP/instances/minlp2/hydroenergy3.jl, hydroenergy3.jl, 1009, 336, 0, 1499, Max, 744963.7591899049, 744963.7591899049, Optimal, 459.4134340286255
/home/ole/.julia/v0.6/MINLPLibJuMP/instances/minlp2/multiplants_mtg1a.jl, multiplants_mtg1a.jl, 194, 93, 0, 257, Max, 274.1638937017225, 274.1638937017225, Optimal, 85.07305598258972
/home/ole/.julia/v0.6/MINLPLibJuMP/instances/minlp2/multiplants_mtg1b.jl, multiplants_mtg1b.jl, 194, 93, 0, 257, Max, 450.54786258100495, 450.54786269969037, Optimal, 919.2459409236908
/home/ole/.julia/v0.6/MINLPLibJuMP/instances/minlp2/multiplants_mtg1c.jl, multiplants_mtg1c.jl, 245, 120, 0, 319, Max, 683.9712418007373, 683.9712596629516, Optimal, 385.8481318950653
/home/ole/.julia/v0.6/MINLPLibJuMP/instances/minlp2/multiplants_mtg2.jl, multiplants_mtg2.jl, 230, 112, 0, 307, Max, 7099.171224754133, 7099.840971713211, Optimal, 1369.2005999088287
/home/ole/.julia/v0.6/MINLPLibJuMP/instances/minlp2/multiplants_mtg5.jl, multiplants_mtg5.jl, 191, 78, 0, 309, Max, 5924.59990236122, 5925.048256130787, Optimal, 1278.0746049880981
/home/ole/.julia/v0.6/MINLPLibJuMP/instances/minlp2/multiplants_stg6.jl, multiplants_stg6.jl, 694, 384, 0, 388, Max, NaN, 6275.907112840003, UserLimit, 3622.50634598732
/home/ole/.julia/v0.6/MINLPLibJuMP/instances/minlp2/ndcc12.jl, ndcc12.jl, 645, 46, 0, 238, Min, 106.35415479599999, 106.35415479599999, Optimal, 49.170392990112305
/home/ole/.julia/v0.6/MINLPLibJuMP/instances/minlp2/ndcc12persp.jl, ndcc12persp.jl, 691, 46, 0, 284, Min, 106.35415479599999, 106.35415479599999, Optimal, 33.181699991226196
/home/ole/.julia/v0.6/MINLPLibJuMP/instances/minlp2/ndcc13.jl, ndcc13.jl, 631, 42, 0, 255, Min, 86.43260576256903, 86.42428364900476, Optimal, 792.7392568588257
/home/ole/.julia/v0.6/MINLPLibJuMP/instances/minlp2/ndcc13persp.jl, ndcc13persp.jl, 673, 42, 0, 297, Min, 84.91792761834151, 84.91003692643434, Optimal, 408.73736691474915
/home/ole/.julia/v0.6/MINLPLibJuMP/instances/minlp2/ndcc15.jl, ndcc15.jl, 681, 40, 0, 307, Min, 94.611207098, 94.611207098, Optimal, 118.90247797966003
/home/ole/.julia/v0.6/MINLPLibJuMP/instances/minlp2/ndcc15persp.jl, ndcc15persp.jl, 721, 40, 0, 347, Min, 94.611207098, 94.611207098, Optimal, 56.220829010009766
/home/ole/.julia/v0.6/MINLPLibJuMP/instances/minlp2/nous1.jl, nous1.jl, 51, 2, 0, 44, Min, 1.5670719573808831, 1.5670719573808831, Optimal, 5.238033056259155
/home/ole/.julia/v0.6/MINLPLibJuMP/instances/minlp2/nuclear14a.jl, nuclear14a.jl, 993, 600, 0, 634, Min, -1.1296569517186767, -1.1296554215442927, Optimal, 25.32072615623474
/home/ole/.julia/v0.6/MINLPLibJuMP/instances/minlp2/nuclear14.jl, nuclear14.jl, 1563, 576, 0, 1227, Min, -1.1295308503414252, -1.1295305640868647, Optimal, 44.58541178703308
/home/ole/.julia/v0.6/MINLPLibJuMP/instances/minlp2/nuclear25a.jl, nuclear25a.jl, 1059, 650, 0, 660, Min, -1.120693885076298, -1.1206947921922092, Optimal, 1557.211426973343
/home/ole/.julia/v0.6/MINLPLibJuMP/instances/minlp2/nuclear25.jl, nuclear25.jl, 1679, 625, 0, 1304, Min, -1.1204995647834752, -1.1204995647834752, Optimal, 518.5107090473175
/home/ole/.julia/v0.6/MINLPLibJuMP/instances/minlp2/nuclear49a.jl, nuclear49a.jl, 3342, 2450, 0, 1432, Min, -1.1514975477103424, -1.1514913426522297, Optimal, 248.1141529083252
/home/ole/.julia/v0.6/MINLPLibJuMP/instances/minlp2/nuclear49.jl, nuclear49.jl, 5736, 2401, 0, 3874, Min, -1.151302562705234, -1.1512942312387002, Optimal, 1914.3714349269867
/home/ole/.julia/v0.6/MINLPLibJuMP/instances/minlp2/nuclearva.jl, nuclearva.jl, 352, 168, 0, 318, Min, -1.0127516704575128, -1.0127516704575128, Optimal, 82.08124089241028
/home/ole/.julia/v0.6/MINLPLibJuMP/instances/minlp2/nuclearvb.jl, nuclearvb.jl, 352, 168, 0, 318, Min, -1.0253323792170663, -1.0253323792170663, Optimal, 23.581368923187256
/home/ole/.julia/v0.6/MINLPLibJuMP/instances/minlp2/nuclearvc.jl, nuclearvc.jl, 352, 168, 0, 318, Min, -1.0016377823526748, -1.0016377823526748, Optimal, 54.531261920928955
/home/ole/.julia/v0.6/MINLPLibJuMP/instances/minlp2/nuclearvd.jl, nuclearvd.jl, 352, 168, 0, 318, Min, -1.0383212428569684, -1.0383212428569684, Optimal, 27.690521001815796
/home/ole/.julia/v0.6/MINLPLibJuMP/instances/minlp2/nuclearve.jl, nuclearve.jl, 352, 168, 0, 318, Min, -1.031609306802121, -1.031609306802121, Optimal, 16.93012809753418
/home/ole/.julia/v0.6/MINLPLibJuMP/instances/minlp2/nuclearvf.jl, nuclearvf.jl, 352, 168, 0, 318, Min, -1.0131150484779816, -1.013136025099817, Optimal, 10.889965057373047
/home/ole/.julia/v0.6/MINLPLibJuMP/instances/minlp2/oil2.jl, oil2.jl, 937, 2, 0, 927, Min, -0.7332600129748182, -0.7332600129748182, Optimal, 11.071298122406006
/home/ole/.julia/v0.6/MINLPLibJuMP/instances/minlp2/oil.jl, oil.jl, 1536, 19, 0, 1547, Min, -0.8512523672067847, -0.8512523672067847, Optimal, 116.23800015449524
/home/ole/.julia/v0.6/MINLPLibJuMP/instances/minlp2/pooling_epa2.jl, pooling_epa2.jl, 332, 45, 0, 525, Min, -4036.331436571829, -4036.331436571829, Optimal, 52.13777208328247
/home/ole/.julia/v0.6/MINLPLibJuMP/instances/minlp2/portfol_classical050_1.jl, portfol_classical050_1.jl, 151, 50, 0, 104, Min, -0.0947601284026307, -0.0947676422023293, Optimal, 10.71778392791748
/home/ole/.julia/v0.6/MINLPLibJuMP/instances/minlp2/procurement1mot.jl, procurement1mot.jl, 785, 60, 0, 750, Max, 291.54165901281146, 291.57035132022685, Optimal, 521.2755098342896
/home/ole/.julia/v0.6/MINLPLibJuMP/instances/minlp2/product.jl, product.jl, 1554, 107, 0, 1926, Min, -2142.948107437577, -2142.9716406389193, Optimal, 2677.577919960022
/home/ole/.julia/v0.6/MINLPLibJuMP/instances/minlp2/qap.jl, qap.jl, 226, 225, 0, 31, Min, 390781.97979468456, 390781.97979468456, Optimal, 977.0395832061768
/home/ole/.julia/v0.6/MINLPLibJuMP/instances/minlp2/qapw.jl, qapw.jl, 451, 225, 0, 256, Min, 391825.98090740864, 391825.98090740864, Optimal, 222.2159230709076
/home/ole/.julia/v0.6/MINLPLibJuMP/instances/minlp2/routingdelay_bigm.jl, routingdelay_bigm.jl, 1124, 396, 0, 2978, Min, 147.21524890500697, 147.21524890500697, Optimal, 2072.2460629940033
/home/ole/.julia/v0.6/MINLPLibJuMP/instances/minlp2/routingdelay_proj.jl, routingdelay_proj.jl, 1124, 396, 0, 2978, Min, 146.6255690032893, 146.62556899029352, Optimal, -46.386664152145386
/home/ole/.julia/v0.6/MINLPLibJuMP/instances/minlp2/rsyn0815m04h.jl, rsyn0815m04h.jl, 1797, 376, 0, 3191, Max, 3410.8566178025826, 3411.084085803907, Optimal, 1010.909017086029
/home/ole/.julia/v0.6/MINLPLibJuMP/instances/minlp2/rsyn0820m02h.jl, rsyn0820m02h.jl, 979, 208, 0, 1501, Max, 1092.0918734261268, 1092.0918734261268, Optimal, 128.8737988471985
/home/ole/.julia/v0.6/MINLPLibJuMP/instances/minlp2/sfacloc1_2_80.jl, sfacloc1_2_80.jl, 232, 62, 0, 2089, Min, 12.752053260177858, 12.752053260177858, Optimal, 41.81490087509155
/home/ole/.julia/v0.6/MINLPLibJuMP/instances/minlp2/sfacloc1_2_90.jl, sfacloc1_2_90.jl, 200, 30, 0, 349, Min, 17.891542541855113, 17.891542541855113, Optimal, 4.9982030391693115
/home/ole/.julia/v0.6/MINLPLibJuMP/instances/minlp2/sfacloc1_2_95.jl, sfacloc1_2_95.jl, 172, 9, 0, 209, Min, 18.850070175425103, 18.85007020932991, Optimal, 3.081645965576172
/home/ole/.julia/v0.6/MINLPLibJuMP/instances/minlp2/sfacloc1_3_80.jl, sfacloc1_3_80.jl, 294, 62, 0, 2162, Min, 8.608684680979078, 8.608684680979078, Optimal, 46.26204490661621
/home/ole/.julia/v0.6/MINLPLibJuMP/instances/minlp2/sfacloc1_3_90.jl, sfacloc1_3_90.jl, 262, 30, 0, 422, Min, 11.771815147810884, 11.771815147810884, Optimal, 6.071990013122559
/home/ole/.julia/v0.6/MINLPLibJuMP/instances/minlp2/sfacloc1_3_95.jl, sfacloc1_3_95.jl, 234, 9, 0, 282, Min, 12.45671937794977, 12.456719418999729, Optimal, 3.7153940200805664
/home/ole/.julia/v0.6/MINLPLibJuMP/instances/minlp2/sfacloc1_4_80.jl, sfacloc1_4_80.jl, 356, 62, 0, 2235, Min, 8.209102874671867, 8.209102874671867, Optimal, 34.614667892456055
/home/ole/.julia/v0.6/MINLPLibJuMP/instances/minlp2/sfacloc1_4_90.jl, sfacloc1_4_90.jl, 324, 30, 0, 495, Min, 10.485044465573615, 10.485044465573615, Optimal, 5.021554946899414
/home/ole/.julia/v0.6/MINLPLibJuMP/instances/minlp2/sfacloc1_4_95.jl, sfacloc1_4_95.jl, 296, 9, 0, 355, Min, 11.682878800463804, 11.682878800463804, Optimal, 6.155500888824463
/home/ole/.julia/v0.6/MINLPLibJuMP/instances/minlp2/sfacloc2_3_80.jl, sfacloc2_3_80.jl, 324, 107, 0, 2269, Min, 12.17862090834871, 8.505721391527269, UserLimit, 3600.38404917717
/home/ole/.julia/v0.6/MINLPLibJuMP/instances/minlp2/sfacloc2_4_90.jl, sfacloc2_4_90.jl, 369, 90, 0, 600, Min, 13.411493681016603, 13.411493681016603, Optimal, 2029.298635005951
/home/ole/.julia/v0.6/MINLPLibJuMP/instances/minlp2/slay08h.jl, slay08h.jl, 633, 112, 0, 813, Min, 84960.21215773225, 84960.21215773225, Optimal, 215.67164421081543
/home/ole/.julia/v0.6/MINLPLibJuMP/instances/minlp2/slay09h.jl, slay09h.jl, 811, 144, 0, 1045, Min, 107805.75257932821, 107805.75257932821, Optimal, -3326.8663449287415
/home/ole/.julia/v0.6/MINLPLibJuMP/instances/minlp2/slay10h.jl, slay10h.jl, 1011, 180, 0, 1306, Min, 129761.14456673093, 129004.28260073128, UserLimit, 3601.0581431388855
/home/ole/.julia/v0.6/MINLPLibJuMP/instances/minlp2/slay10m.jl, slay10m.jl, 291, 180, 0, 406, Min, 129678.83274983132, 129678.83274983132, Optimal, 3162.2090549468994
/home/ole/.julia/v0.6/MINLPLibJuMP/instances/minlp2/space25a.jl, space25a.jl, 384, 240, 0, 202, Min, 484.3286234150625, 484.3286234150625, Optimal, 40.529637813568115
/home/ole/.julia/v0.6/MINLPLibJuMP/instances/minlp2/space25.jl, space25.jl, 894, 750, 0, 236, Min, 484.32864347884583, 484.32864347884583, Optimal, 421.7132408618927
/home/ole/.julia/v0.6/MINLPLibJuMP/instances/minlp2/squfl015-060.jl, squfl015-060.jl, 916, 15, 0, 961, Min, 366.6217711687693, 366.6168719091848, Optimal, 67.39745998382568
/home/ole/.julia/v0.6/MINLPLibJuMP/instances/minlp2/squfl015-080.jl, squfl015-080.jl, 1216, 15, 0, 1281, Min, 402.4884855384235, 402.4884855384235, Optimal, 183.33062887191772
/home/ole/.julia/v0.6/MINLPLibJuMP/instances/minlp2/squfl015-080persp.jl, squfl015-080persp.jl, 2416, 15, 0, 2481, Min, 402.48819582934806, 402.48819582934806, Optimal, 58.81896710395813
/home/ole/.julia/v0.6/MINLPLibJuMP/instances/minlp2/squfl020-040.jl, squfl020-040.jl, 821, 20, 0, 841, Min, 209.25484651745862, 209.23602025206887, Optimal, 38.687589168548584
/home/ole/.julia/v0.6/MINLPLibJuMP/instances/minlp2/squfl020-050.jl, squfl020-050.jl, 1021, 20, 0, 1051, Min, 230.20211501784564, 230.20211501784564, Optimal, 138.7883219718933
/home/ole/.julia/v0.6/MINLPLibJuMP/instances/minlp2/squfl020-150.jl, squfl020-150.jl, 3021, 20, 0, 3151, Min, 4584.013155895117, 539.1788426533437, UserLimit, 3600.9415080547333
/home/ole/.julia/v0.6/MINLPLibJuMP/instances/minlp2/squfl020-150persp.jl, squfl020-150persp.jl, 6021, 20, 0, 6151, Min, 557.8478156443348, 557.8478156443348, Optimal, 1211.3754999637604
/home/ole/.julia/v0.6/MINLPLibJuMP/instances/minlp2/squfl025-025.jl, squfl025-025.jl, 651, 25, 0, 651, Min, 168.8071783569934, 168.8071783569934, Optimal, 54.6936469078064
/home/ole/.julia/v0.6/MINLPLibJuMP/instances/minlp2/squfl025-030.jl, squfl025-030.jl, 776, 25, 0, 781, Min, 205.5015941461598, 205.48429397388588, Optimal, 74.56338000297546
/home/ole/.julia/v0.6/MINLPLibJuMP/instances/minlp2/squfl025-040.jl, squfl025-040.jl, 1026, 25, 0, 1041, Min, 197.33383429703017, 197.31855721369422, Optimal, 491.9900572299957
/home/ole/.julia/v0.6/MINLPLibJuMP/instances/minlp2/squfl030-100.jl, squfl030-100.jl, 3031, 30, 0, 3101, Min, 2334.026851663917, 315.50421169764087, UserLimit, 3600.9280791282654
/home/ole/.julia/v0.6/MINLPLibJuMP/instances/minlp2/squfl030-100persp.jl, squfl030-100persp.jl, 6031, 30, 0, 6101, Min, 363.0930196668578, 363.0930196668578, UserLimit, 7157.952878952026
/home/ole/.julia/v0.6/MINLPLibJuMP/instances/minlp2/squfl030-150.jl, squfl030-150.jl, 4531, 30, 0, 4651, Min, 4021.7423862228884, 341.5131432950762, UserLimit, 3601.7169060707092
/home/ole/.julia/v0.6/MINLPLibJuMP/instances/minlp2/squfl040-080.jl, squfl040-080.jl, 3241, 40, 0, 3281, Min, 2314.9633352339324, 226.5980611831303, UserLimit, 3601.0699241161346
/home/ole/.julia/v0.6/MINLPLibJuMP/instances/minlp2/sssd12-05.jl, sssd12-05.jl, 96, 75, 0, 53, Min, 281408.59933735296, 281407.936841882, Optimal, 40.50712990760803
/home/ole/.julia/v0.6/MINLPLibJuMP/instances/minlp2/sssd15-04.jl, sssd15-04.jl, 89, 72, 0, 48, Min, 205054.43456971523, 205053.9303751639, Optimal, 8.812552213668823
/home/ole/.julia/v0.6/MINLPLibJuMP/instances/minlp2/sssd15-06.jl, sssd15-06.jl, 133, 108, 0, 64, Min, 539635.4069255794, 539618.9976208048, Optimal, 1536.8827550411224
/home/ole/.julia/v0.6/MINLPLibJuMP/instances/minlp2/sssd18-06.jl, sssd18-06.jl, 151, 126, 0, 67, Min, 397992.2500605324, 397992.07510323887, Optimal, 1045.431123971939
/home/ole/.julia/v0.6/MINLPLibJuMP/instances/minlp2/sssd20-04.jl, sssd20-04.jl, 109, 92, 0, 53, Min, 347691.37069033657, 347691.12965551054, Optimal, 20.68076181411743
/home/ole/.julia/v0.6/MINLPLibJuMP/instances/minlp2/sssd25-04.jl, sssd25-04.jl, 129, 112, 0, 58, Min, 300176.52894031117, 300176.52894031117, Optimal, 26.468337059020996
/home/ole/.julia/v0.6/MINLPLibJuMP/instances/minlp2/supplychainp1_022020.jl, supplychainp1_022020.jl, 2941, 460, 0, 5301, Min, 3.991496514056508e6, 3.991496514056508e6, Optimal, 572.9210329055786
/home/ole/.julia/v0.6/MINLPLibJuMP/instances/minlp2/syn30m04h.jl, syn30m04h.jl, 1153, 240, 0, 2161, Max, 865.7230611252127, 865.7230611252127, Optimal, 37.98270606994629
/home/ole/.julia/v0.6/MINLPLibJuMP/instances/minlp2/syn40m04h.jl, syn40m04h.jl, 1529, 320, 0, 2905, Max, 901.7518150976775, 901.7518150976775, Optimal, 122.3711109161377
/home/ole/.julia/v0.6/MINLPLibJuMP/instances/minlp2/synheat.jl, synheat.jl, 57, 12, 0, 65, Min, 154997.33363802524, 154997.33363802524, Optimal, 4.818011045455933
/home/ole/.julia/v0.6/MINLPLibJuMP/instances/minlp2/tln5.jl, tln5.jl, 36, 5, 30, 31, Min, 10.59999991271595, 10.21999997964525, UserLimit, 3600.0401458740234
/home/ole/.julia/v0.6/MINLPLibJuMP/instances/minlp2/transswitch0009p.jl, transswitch0009p.jl, 70, 9, 0, 140, Min, 5296.686202386667, 5296.686201501535, Optimal, 2.8596580028533936
/home/ole/.julia/v0.6/MINLPLibJuMP/instances/minlp2/transswitch0009r.jl, transswitch0009r.jl, 70, 9, 0, 104, Min, 5296.686203261217, 5296.68620239729, Optimal, 5.140408992767334
/home/ole/.julia/v0.6/MINLPLibJuMP/instances/minlp2/transswitch0014p.jl, transswitch0014p.jl, 139, 20, 0, 278, Min, 8082.581681737022, 8082.301045241232, Optimal, 4.265615940093994
/home/ole/.julia/v0.6/MINLPLibJuMP/instances/minlp2/transswitch0014r.jl, transswitch0014r.jl, 139, 20, 0, 198, Min, 8082.581681722498, 8082.581681722498, Optimal, 45.01885485649109
/home/ole/.julia/v0.6/MINLPLibJuMP/instances/minlp2/transswitch0030p.jl, transswitch0030p.jl, 278, 41, 0, 556, Min, 573.9181315250014, 573.9181313391463, Optimal, 10.718167066574097
/home/ole/.julia/v0.6/MINLPLibJuMP/instances/minlp2/transswitch0030r.jl, transswitch0030r.jl, 278, 41, 0, 392, Min, 1.3096241748625574, NaN, UserLimit, 14.13274884223938
/home/ole/.julia/v0.6/MINLPLibJuMP/instances/minlp2/transswitch0039p.jl, transswitch0039p.jl, 329, 46, 0, 658, Min, 41866.12316908693, 41865.917756649105, Optimal, 15.149531126022339
/home/ole/.julia/v0.6/MINLPLibJuMP/instances/minlp2/transswitch0118p.jl, transswitch0118p.jl, 1240, 179, 0, 2480, Min, 129467.74661034119, 129456.09238685579, Optimal, 87.41793894767761
/home/ole/.julia/v0.6/MINLPLibJuMP/instances/minlp2/tspn05.jl, tspn05.jl, 21, 10, 0, 11, Min, 0.0, 0.0, Optimal, 1.2575719356536865
/home/ole/.julia/v0.6/MINLPLibJuMP/instances/minlp2/tspn08.jl, tspn08.jl, 45, 28, 0, 19, Min, 292.75326297161416, NaN, UserLimit, 3.649592876434326
/home/ole/.julia/v0.6/MINLPLibJuMP/instances/minlp2/tspn10.jl, tspn10.jl, 66, 45, 0, 22, Min, 0.0, 0.0, Optimal, 1.3294310569763184
/home/ole/.julia/v0.6/MINLPLibJuMP/instances/minlp2/tspn12.jl, tspn12.jl, 91, 66, 0, 27, Min, 0.0, 0.0, Optimal, 1.7312419414520264
/home/ole/.julia/v0.6/MINLPLibJuMP/instances/minlp2/tspn15.jl, tspn15.jl, 136, 105, 0, 35, Min, 0.0, 0.0, Optimal, 6.98254919052124
/home/ole/.julia/v0.6/MINLPLibJuMP/instances/minlp2/var_con10.jl, var_con10.jl, 574, 12, 0, 465, Min, 444.2137914264541, 444.2137914264541, Optimal, 20.474211931228638
/home/ole/.julia/v0.6/MINLPLibJuMP/instances/minlp2/var_con5.jl, var_con5.jl, 574, 12, 0, 465, Min, 278.1447474837273, 278.1447474837273, Optimal, 23.072806119918823
/home/ole/.julia/v0.6/MINLPLibJuMP/instances/minlp2/wastepaper5.jl, wastepaper5.jl, 105, 65, 0, 47, Min, 0.0010884251191544377, 0.0010884251191544377, Optimal, 25.24387502670288
/home/ole/.julia/v0.6/MINLPLibJuMP/instances/minlp2/wastepaper6.jl, wastepaper6.jl, 137, 90, 0, 55, Min, 0.0001323912326454062, 0.0001323912326454062, Optimal, 200.4625608921051
/home/ole/.julia/v0.6/MINLPLibJuMP/instances/minlp2/water4.jl, water4.jl, 196, 126, 0, 138, Min, 1044.6495311973817, 892.0071653435732, UserLimit, 3600.599596977234
/home/ole/.julia/v0.6/MINLPLibJuMP/instances/minlp2/watercontamination0303r.jl, watercontamination0303r.jl, 385, 14, 0, 557, Min, 424.5440928539069, 424.5440928539069, Optimal, 1978.8953502178192
/home/ole/.julia/v0.6/MINLPLibJuMP/instances/minlp2/waternd2.jl, waternd2.jl, 233, 72, 0, 250, Min, 1.0627060583212085e6, 1.0626942691662633e6, Optimal, 71.45081686973572
/home/ole/.julia/v0.6/MINLPLibJuMP/instances/minlp2/waterno2_03.jl, waterno2_03.jl, 499, 27, 0, 617, Min, 115.00451165282881, 115.00451165282881, Optimal, 211.74580907821655
/home/ole/.julia/v0.6/MINLPLibJuMP/instances/minlp2/waterno2_04.jl, waterno2_04.jl, 665, 36, 0, 823, Min, 145.43976481810864, 145.4335389516644, Optimal, 2206.4197251796722
/home/ole/.julia/v0.6/MINLPLibJuMP/instances/minlp2/waterx.jl, waterx.jl, 71, 14, 0, 55, Min, 983.6053613391203, 983.6053613391203, Optimal, 25.788208961486816
