/home/ole/.julia/v0.6/MINLPLibJuMP/instances/JuniperLibsm/blend531.jl, blend531.jl, 273, 104, 0, 737, max, 20.03900424675953, 20.040667675968844, Optimal, 496.905690908432
/home/ole/.julia/v0.6/MINLPLibJuMP/instances/JuniperLibsm/blend718.jl, blend718.jl, 223, 87, 0, 607, max, 7.393601889877441, 7.393601889877441, Optimal, 312.5393908023834
/home/ole/.julia/v0.6/MINLPLibJuMP/instances/JuniperLibsm/blend852.jl, blend852.jl, 305, 120, 0, 861, max, 53.962701263161954, 53.96805056897386, Optimal, 1415.0608580112457
/home/ole/.julia/v0.6/MINLPLibJuMP/instances/JuniperLibsm/casctanks.jl, casctanks.jl, 501, 40, 0, 518, min, 9.163479125958338, 9.163479125958338, Optimal, 18.04167914390564
/home/ole/.julia/v0.6/MINLPLibJuMP/instances/JuniperLibsm/chp_shorttermplan1a.jl, chp_shorttermplan1a.jl, 1009, 144, 0, 2069, min, 215.18291403223645, 215.18291403223645, Optimal, 78.20383787155151
/home/ole/.julia/v0.6/MINLPLibJuMP/instances/JuniperLibsm/chp_shorttermplan1b.jl, chp_shorttermplan1b.jl, 1681, 288, 0, 3851, min, 263.0975573840729, 263.0975573840729, Optimal, 140.3077290058136
/home/ole/.julia/v0.6/MINLPLibJuMP/instances/JuniperLibsm/clay0205h.jl, clay0205h.jl, 261, 50, 0, 366, min, 8092.499850454556, 8092.499850454556, Optimal, 838.1269428730011
/home/ole/.julia/v0.6/MINLPLibJuMP/instances/JuniperLibsm/clay0305h.jl, clay0305h.jl, 276, 55, 0, 396, min, 8092.499850239249, 8092.499850239249, Optimal, 1437.0135581493378
/home/ole/.julia/v0.6/MINLPLibJuMP/instances/JuniperLibsm/contvar.jl, contvar.jl, 297, 88, 0, 285, min, 809149.8109904176, 809149.8109904176, Optimal, 19.46233582496643
/home/ole/.julia/v0.6/MINLPLibJuMP/instances/JuniperLibsm/crossdock_15x7.jl, crossdock_15x7.jl, 211, 210, 0, 45, min, 14430.999761485398, 14430.999761485398, Optimal, 3067.448671102524
/home/ole/.julia/v0.6/MINLPLibJuMP/instances/JuniperLibsm/crudeoil_lee3_07.jl, crudeoil_lee3_07.jl, 1793, 98, 0, 3950, max, NaN, NaN, UserLimit, 3784.3702738285065
/home/ole/.julia/v0.6/MINLPLibJuMP/instances/JuniperLibsm/crudeoil_li01.jl, crudeoil_li01.jl, 345, 48, 0, 696, max, 5122.5645122644, 5122.9959849187235, Optimal, 503.2957880496979
/home/ole/.julia/v0.6/MINLPLibJuMP/instances/JuniperLibsm/crudeoil_pooling_ct2.jl, crudeoil_pooling_ct2.jl, 404, 108, 0, 733, max, 10246.220007003945, 10246.220007003945, Optimal, 305.0304479598999
/home/ole/.julia/v0.6/MINLPLibJuMP/instances/JuniperLibsm/crudeoil_pooling_ct4.jl, crudeoil_pooling_ct4.jl, 534, 138, 0, 925, max, 13258.268844182821, 13258.268844182821, Optimal, 1133.1117579936981
/home/ole/.julia/v0.6/MINLPLibJuMP/instances/JuniperLibsm/crudeoil_pooling_dt4.jl, crudeoil_pooling_dt4.jl, 5063, 1326, 0, 7699, max, 0, NaN, Infeasible, 1048.350646018982
/home/ole/.julia/v0.6/MINLPLibJuMP/instances/JuniperLibsm/cvxnonsep_psig40r.jl, cvxnonsep_psig40r.jl, 83, 0, 20, 43, min, 86.54510189234783, 86.54005040236973, Optimal, 0.9363248348236084
/home/ole/.julia/v0.6/MINLPLibJuMP/instances/JuniperLibsm/deb10.jl, deb10.jl, 183, 22, 0, 130, min, 209.427741097373, 209.427741097373, Optimal, 7.361017942428589
/home/ole/.julia/v0.6/MINLPLibJuMP/instances/JuniperLibsm/deb6.jl, deb6.jl, 476, 20, 0, 508, min, 201.73926040595745, 201.73926040595745, Optimal, 26.392502069473267
/home/ole/.julia/v0.6/MINLPLibJuMP/instances/JuniperLibsm/edgecross14-039.jl, edgecross14-039.jl, 183, 80, 0, 1457, min, 113.99999525711225, 113.99999337336918, Optimal, 2.377397060394287
/home/ole/.julia/v0.6/MINLPLibJuMP/instances/JuniperLibsm/edgecross14-058.jl, edgecross14-058.jl, 183, 182, 0, 1457, min, 352.9999999925058, 352.9999874206795, Optimal, 1.8242299556732178
/home/ole/.julia/v0.6/MINLPLibJuMP/instances/JuniperLibsm/edgecross14-078.jl, edgecross14-078.jl, 183, 155, 0, 1457, min, 724.9999793673412, 0.0, Optimal, 1.2256219387054443
/home/ole/.julia/v0.6/MINLPLibJuMP/instances/JuniperLibsm/edgecross14-098.jl, edgecross14-098.jl, 183, 182, 0, 1457, min, 1365.9999750686895, 0.0, Optimal, 1.3958940505981445
/home/ole/.julia/v0.6/MINLPLibJuMP/instances/JuniperLibsm/edgecross14-176.jl, edgecross14-176.jl, 183, 182, 0, 1457, min, 5874.999999992506, 5874.999970186589, Optimal, 2.334965944290161
/home/ole/.julia/v0.6/MINLPLibJuMP/instances/JuniperLibsm/edgecross20-040.jl, edgecross20-040.jl, 381, 380, 0, 4561, min, 56.999999992505906, 56.999992589167604, Optimal, 5.374504089355469
/home/ole/.julia/v0.6/MINLPLibJuMP/instances/JuniperLibsm/edgecross22-048.jl, edgecross22-048.jl, 463, 462, 0, 6161, min, 85.9999999925059, 85.99998891192259, Optimal, 8.803215980529785
/home/ole/.julia/v0.6/MINLPLibJuMP/instances/JuniperLibsm/edgecross24-057.jl, edgecross24-057.jl, 553, 552, 0, 8097, min, 179.99999999250593, 179.999984536984, Optimal, 12.838702917098999
/home/ole/.julia/v0.6/MINLPLibJuMP/instances/JuniperLibsm/eg_all_s.jl, eg_all_s.jl, 8, 0, 7, 28, min, 7.657751809751292, 7.657751809751292, Optimal, 16.644776105880737
/home/ole/.julia/v0.6/MINLPLibJuMP/instances/JuniperLibsm/eg_disc2_s.jl, eg_disc2_s.jl, 8, 0, 3, 28, min, 5.936371978040571, 5.936371978040571, Optimal, 6.709083080291748
/home/ole/.julia/v0.6/MINLPLibJuMP/instances/JuniperLibsm/eg_disc_s.jl, eg_disc_s.jl, 8, 0, 4, 28, min, 6.839043284612788, 6.839043284612788, Optimal, 92.01596403121948
/home/ole/.julia/v0.6/MINLPLibJuMP/instances/JuniperLibsm/eg_int_s.jl, eg_int_s.jl, 8, 0, 3, 28, min, 6.453102885012264, 6.453102885012264, Optimal, 9.239036083221436
/home/ole/.julia/v0.6/MINLPLibJuMP/instances/JuniperLibsm/ex1233.jl, ex1233.jl, 53, 12, 0, 65, min, 155010.6712497097, 155010.6712497097, Optimal, 5.355509996414185
/home/ole/.julia/v0.6/MINLPLibJuMP/instances/JuniperLibsm/faclay20h.jl, faclay20h.jl, 191, 190, 0, 2281, min, 16083.999181247533, 0.0, Optimal, 1.4711840152740479
/home/ole/.julia/v0.6/MINLPLibJuMP/instances/JuniperLibsm/feedtray.jl, feedtray.jl, 98, 7, 0, 92, min, -13.406005552128251, 0.0, Optimal, 1.1357128620147705
/home/ole/.julia/v0.6/MINLPLibJuMP/instances/JuniperLibsm/flay05h.jl, flay05h.jl, 383, 40, 0, 466, min, 64.4980611208556, 64.49508429623064, Optimal, 2352.2771928310394
/home/ole/.julia/v0.6/MINLPLibJuMP/instances/JuniperLibsm/fo7_2.jl, fo7_2.jl, 115, 42, 0, 212, min, 37.91567133498705, 14.04270968776199, UserLimit, 3600.020534992218
/home/ole/.julia/v0.6/MINLPLibJuMP/instances/JuniperLibsm/forest.jl, forest.jl, 237, 73, 0, 310, max, 1.4396226486552395e7, 1.4396523724860488e7, Optimal, 11.922896146774292
/home/ole/.julia/v0.6/MINLPLibJuMP/instances/JuniperLibsm/gasnet_al3.jl, gasnet_al3.jl, 725, 136, 0, 831, min, NaN, NaN, UserLimit, 33.98228406906128
/home/ole/.julia/v0.6/MINLPLibJuMP/instances/JuniperLibsm/gasprod_sarawak16.jl, gasprod_sarawak16.jl, 1527, 38, 0, 2253, min, -32271.218395440734, -32271.218395440734, Optimal, 66.79387712478638
/home/ole/.julia/v0.6/MINLPLibJuMP/instances/JuniperLibsm/gasprod_sarawak81.jl, gasprod_sarawak81.jl, 7572, 38, 0, 11093, min, -32273.00403278847, -32273.00403278847, Optimal, 627.5914278030396
/home/ole/.julia/v0.6/MINLPLibJuMP/instances/JuniperLibsm/genpooling_meyer04.jl, genpooling_meyer04.jl, 119, 55, 0, 142, min, 1.3687577188916984e6, 1.3687577188916984e6, Optimal, 52.21744704246521
/home/ole/.julia/v0.6/MINLPLibJuMP/instances/JuniperLibsm/genpooling_meyer10.jl, genpooling_meyer10.jl, 395, 187, 0, 424, min, 1.208895627199875e6, 1.200158836424574e6, UserLimit, 3600.7590651512146
/home/ole/.julia/v0.6/MINLPLibJuMP/instances/JuniperLibsm/genpooling_meyer15.jl, genpooling_meyer15.jl, 735, 352, 0, 769, min, 943734.0238208388, 943734.0238208388, Optimal, 340.8309118747711
/home/ole/.julia/v0.6/MINLPLibJuMP/instances/JuniperLibsm/ghg_2veh.jl, ghg_2veh.jl, 58, 18, 0, 63, min, 7.781621735588707, 7.78162168720389, Optimal, 3.231685161590576
/home/ole/.julia/v0.6/MINLPLibJuMP/instances/JuniperLibsm/ghg_3veh.jl, ghg_3veh.jl, 97, 36, 0, 120, min, 7.770545475003252, 7.770545475003252, Optimal, 11.696645021438599
/home/ole/.julia/v0.6/MINLPLibJuMP/instances/JuniperLibsm/graphpart_2g-0099-9211.jl, graphpart_2g-0099-9211.jl, 244, 243, 0, 82, min, -5.031205201331526e6, -5.031205201331526e6, Optimal, 20.421240091323853
/home/ole/.julia/v0.6/MINLPLibJuMP/instances/JuniperLibsm/graphpart_2g-1010-0824.jl, graphpart_2g-1010-0824.jl, 301, 300, 0, 101, min, -6.577088e6, -6.577088268510434e6, Optimal, 1.0125479698181152
/home/ole/.julia/v0.6/MINLPLibJuMP/instances/JuniperLibsm/graphpart_2pm-0099-0999.jl, graphpart_2pm-0099-0999.jl, 244, 243, 0, 82, min, -63.00000228043204, -63.000002282310255, Optimal, 62.67024898529053
/home/ole/.julia/v0.6/MINLPLibJuMP/instances/JuniperLibsm/graphpart_3g-0444-0444.jl, graphpart_3g-0444-0444.jl, 193, 192, 0, 65, min, -7.51282024489064e6, 0.0, Optimal, 0.7584431171417236
/home/ole/.julia/v0.6/MINLPLibJuMP/instances/JuniperLibsm/graphpart_3pm-0334-0334.jl, graphpart_3pm-0334-0334.jl, 109, 108, 0, 37, min, -36.000001216322715, -36.000001216322715, Optimal, 17.613620042800903
/home/ole/.julia/v0.6/MINLPLibJuMP/instances/JuniperLibsm/graphpart_3pm-0344-0344.jl, graphpart_3pm-0344-0344.jl, 145, 144, 0, 49, min, -48.00000165107733, -48.00000165107733, Optimal, 33.03890109062195
/home/ole/.julia/v0.6/MINLPLibJuMP/instances/JuniperLibsm/graphpart_3pm-0444-0444.jl, graphpart_3pm-0444-0444.jl, 193, 192, 0, 65, min, -62.0000022268702, -62.00000222901633, Optimal, 29.852076053619385
/home/ole/.julia/v0.6/MINLPLibJuMP/instances/JuniperLibsm/graphpart_clique-20.jl, graphpart_clique-20.jl, 61, 60, 0, 21, min, 146.99998779566562, 146.99998779566562, Optimal, 23.183191061019897
/home/ole/.julia/v0.6/MINLPLibJuMP/instances/JuniperLibsm/graphpart_clique-30.jl, graphpart_clique-30.jl, 91, 90, 0, 31, min, 494.99995755412147, 494.99995755412147, Optimal, 20.55187201499939
/home/ole/.julia/v0.6/MINLPLibJuMP/instances/JuniperLibsm/graphpart_clique-40.jl, graphpart_clique-40.jl, 121, 120, 0, 41, min, 1183.0, 1182.9998983632124, Optimal, 1.4414420127868652
/home/ole/.julia/v0.6/MINLPLibJuMP/instances/JuniperLibsm/graphpart_clique-50.jl, graphpart_clique-50.jl, 151, 150, 0, 51, min, 2312.0, 2311.999799991967, Optimal, 2.0498850345611572
/home/ole/.julia/v0.6/MINLPLibJuMP/instances/JuniperLibsm/graphpart_clique-60.jl, graphpart_clique-60.jl, 181, 180, 0, 61, min, 3989.999660099504, 0.0, Optimal, 2.2228169441223145
/home/ole/.julia/v0.6/MINLPLibJuMP/instances/JuniperLibsm/graphpart_clique-70.jl, graphpart_clique-70.jl, 211, 210, 0, 71, min, 6348.0, 6347.999457061567, Optimal, 3.758906841278076
/home/ole/.julia/v0.6/MINLPLibJuMP/instances/JuniperLibsm/heatexch_gen2.jl, heatexch_gen2.jl, 149, 16, 0, 167, min, 841218.1596395806, 841218.1596395806, Optimal, 32.922555923461914
/home/ole/.julia/v0.6/MINLPLibJuMP/instances/JuniperLibsm/heatexch_gen3.jl, heatexch_gen3.jl, 581, 60, 0, 511, min, 89251.77200968207, 89251.77200968207, Optimal, 150.09131693840027
/home/ole/.julia/v0.6/MINLPLibJuMP/instances/JuniperLibsm/heatexch_spec1.jl, heatexch_spec1.jl, 57, 12, 0, 65, min, 154997.33363867292, 154997.33363867292, Optimal, 5.428153038024902
/home/ole/.julia/v0.6/MINLPLibJuMP/instances/JuniperLibsm/heatexch_spec2.jl, heatexch_spec2.jl, 77, 16, 0, 91, min, 634976.3278214149, 634976.3278214149, Optimal, 9.453353881835938
/home/ole/.julia/v0.6/MINLPLibJuMP/instances/JuniperLibsm/hydroenergy1.jl, hydroenergy1.jl, 289, 96, 0, 429, max, 209721.01028478358, 209721.01028478358, Optimal, 7.682169198989868
/home/ole/.julia/v0.6/MINLPLibJuMP/instances/JuniperLibsm/hydroenergy2.jl, hydroenergy2.jl, 577, 192, 0, 857, max, 371811.8764798377, 371811.8764798377, Optimal, 26.787494897842407
/home/ole/.julia/v0.6/MINLPLibJuMP/instances/JuniperLibsm/hydroenergy3.jl, hydroenergy3.jl, 1009, 336, 0, 1499, max, 744963.7591548596, 744963.7591548596, Optimal, 164.8276059627533
/home/ole/.julia/v0.6/MINLPLibJuMP/instances/JuniperLibsm/multiplants_mtg1a.jl, multiplants_mtg1a.jl, 194, 93, 0, 257, max, 391.61356181525133, 391.61356181525133, Optimal, 754.8396708965302
/home/ole/.julia/v0.6/MINLPLibJuMP/instances/JuniperLibsm/multiplants_mtg1b.jl, multiplants_mtg1b.jl, 194, 93, 0, 257, max, 450.5478708907598, 450.54836382442295, Optimal, 611.8381090164185
/home/ole/.julia/v0.6/MINLPLibJuMP/instances/JuniperLibsm/multiplants_mtg1c.jl, multiplants_mtg1c.jl, 245, 120, 0, 319, max, 683.9712569135417, 683.9712784286329, Optimal, 351.91162300109863
/home/ole/.julia/v0.6/MINLPLibJuMP/instances/JuniperLibsm/multiplants_mtg2.jl, multiplants_mtg2.jl, 230, 112, 0, 307, max, 7099.186235691291, 7099.882151625801, Optimal, 1021.740993976593
/home/ole/.julia/v0.6/MINLPLibJuMP/instances/JuniperLibsm/multiplants_mtg5.jl, multiplants_mtg5.jl, 191, 78, 0, 309, max, 5924.599895554901, 5924.994635583657, Optimal, 439.6569228172302
/home/ole/.julia/v0.6/MINLPLibJuMP/instances/JuniperLibsm/multiplants_stg6.jl, multiplants_stg6.jl, 694, 384, 0, 388, max, NaN, 6018.34593285369, UserLimit, 3607.9975230693817
/home/ole/.julia/v0.6/MINLPLibJuMP/instances/JuniperLibsm/ndcc12.jl, ndcc12.jl, 645, 46, 0, 238, min, 106.35415479599999, 106.35415479599999, Optimal, 118.20474481582642
/home/ole/.julia/v0.6/MINLPLibJuMP/instances/JuniperLibsm/ndcc12persp.jl, ndcc12persp.jl, 691, 46, 0, 284, min, 106.35415480668088, 106.35415480668088, Optimal, 16.93570613861084
/home/ole/.julia/v0.6/MINLPLibJuMP/instances/JuniperLibsm/ndcc13.jl, ndcc13.jl, 631, 42, 0, 255, min, 84.62501274455138, 84.57417766300232, UserLimit, 3600.3314130306244
/home/ole/.julia/v0.6/MINLPLibJuMP/instances/JuniperLibsm/ndcc13persp.jl, ndcc13persp.jl, 673, 42, 0, 297, min, 84.6250127514101, 84.6250127514101, Optimal, 258.12835478782654
/home/ole/.julia/v0.6/MINLPLibJuMP/instances/JuniperLibsm/ndcc15.jl, ndcc15.jl, 681, 40, 0, 307, min, 94.611207098, 94.611207098, Optimal, 414.755163192749
/home/ole/.julia/v0.6/MINLPLibJuMP/instances/JuniperLibsm/ndcc15persp.jl, ndcc15persp.jl, 721, 40, 0, 347, min, 94.611207098, 94.611207098, Optimal, 41.88946485519409
/home/ole/.julia/v0.6/MINLPLibJuMP/instances/JuniperLibsm/nous1.jl, nous1.jl, 51, 2, 0, 44, min, 1.5670719556330668, 1.5670719556330668, Optimal, 5.5763819217681885
/home/ole/.julia/v0.6/MINLPLibJuMP/instances/JuniperLibsm/nuclear14a.jl, nuclear14a.jl, 993, 600, 0, 634, min, -1.1296569517186767, -1.1296554215442944, Optimal, 6.123775005340576
/home/ole/.julia/v0.6/MINLPLibJuMP/instances/JuniperLibsm/nuclear14.jl, nuclear14.jl, 1563, 576, 0, 1227, min, -1.129179344869554, -1.1292801302011355, Optimal, 133.42567801475525
/home/ole/.julia/v0.6/MINLPLibJuMP/instances/JuniperLibsm/nuclear25a.jl, nuclear25a.jl, 1059, 650, 0, 660, min, -1.12071618695744, -1.1207163049397795, Optimal, 267.58173084259033
/home/ole/.julia/v0.6/MINLPLibJuMP/instances/JuniperLibsm/nuclear25.jl, nuclear25.jl, 1679, 625, 0, 1304, min, -1.1206879439567303, -1.1206879439567303, Optimal, 408.0075640678406
/home/ole/.julia/v0.6/MINLPLibJuMP/instances/JuniperLibsm/nuclear49a.jl, nuclear49a.jl, 3342, 2450, 0, 1432, min, -1.151505430502321, -1.151499232940679, Optimal, 57.050382137298584
/home/ole/.julia/v0.6/MINLPLibJuMP/instances/JuniperLibsm/nuclear49.jl, nuclear49.jl, 5736, 2401, 0, 3874, min, NaN, -1.151086374872925, UserLimit, 5681.491374969482
/home/ole/.julia/v0.6/MINLPLibJuMP/instances/JuniperLibsm/nuclearva.jl, nuclearva.jl, 352, 168, 0, 318, min, -1.0068925588362614, -1.0069578945297155, Optimal, 9.355203866958618
/home/ole/.julia/v0.6/MINLPLibJuMP/instances/JuniperLibsm/nuclearvb.jl, nuclearvb.jl, 352, 168, 0, 318, min, -1.0264374851423717, -1.0264374851423717, Optimal, 73.93417000770569
/home/ole/.julia/v0.6/MINLPLibJuMP/instances/JuniperLibsm/nuclearvc.jl, nuclearvc.jl, 352, 168, 0, 318, min, -0.9970284193956025, -0.9970284193956025, Optimal, 28.33638596534729
/home/ole/.julia/v0.6/MINLPLibJuMP/instances/JuniperLibsm/nuclearvd.jl, nuclearvd.jl, 352, 168, 0, 318, min, -1.035899873691671, -1.035899873691671, Optimal, 18.698084115982056
/home/ole/.julia/v0.6/MINLPLibJuMP/instances/JuniperLibsm/nuclearve.jl, nuclearve.jl, 352, 168, 0, 318, min, -1.0372836176657665, -1.0372836176657665, Optimal, 27.926706075668335
/home/ole/.julia/v0.6/MINLPLibJuMP/instances/JuniperLibsm/nuclearvf.jl, nuclearvf.jl, 352, 168, 0, 318, min, -1.0172162313988526, -1.0172162313988526, Optimal, 22.259108066558838
/home/ole/.julia/v0.6/MINLPLibJuMP/instances/JuniperLibsm/oil2.jl, oil2.jl, 937, 2, 0, 927, min, -0.7332600129747351, -0.7332600129747351, Optimal, 7.475656032562256
/home/ole/.julia/v0.6/MINLPLibJuMP/instances/JuniperLibsm/oil.jl, oil.jl, 1536, 19, 0, 1547, min, -0.8513775535578311, -0.8513775535578311, Optimal, 82.89590311050415
/home/ole/.julia/v0.6/MINLPLibJuMP/instances/JuniperLibsm/pooling_epa2.jl, pooling_epa2.jl, 332, 45, 0, 525, min, -4567.355824068495, -4567.355824068495, Optimal, 104.96193599700928
/home/ole/.julia/v0.6/MINLPLibJuMP/instances/JuniperLibsm/portfol_classical050_1.jl, portfol_classical050_1.jl, 151, 50, 0, 104, min, -0.09476012840948089, -0.09476856622171821, Optimal, 8.762516021728516
/home/ole/.julia/v0.6/MINLPLibJuMP/instances/JuniperLibsm/procurement1mot.jl, procurement1mot.jl, 785, 60, 0, 750, max, 291.54165894199275, 291.54165894199275, Optimal, 194.65305709838867
/home/ole/.julia/v0.6/MINLPLibJuMP/instances/JuniperLibsm/product.jl, product.jl, 1554, 107, 0, 1926, min, -2142.9481076548145, -2143.0004938282314, Optimal, 1905.8268070220947
/home/ole/.julia/v0.6/MINLPLibJuMP/instances/JuniperLibsm/qap.jl, qap.jl, 226, 225, 0, 31, min, 393495.97929003317, 393495.97929003317, Optimal, 1695.4821300506592
/home/ole/.julia/v0.6/MINLPLibJuMP/instances/JuniperLibsm/qapw.jl, qapw.jl, 451, 225, 0, 256, min, 392979.9788273028, 392979.9788273028, Optimal, 349.5407180786133
/home/ole/.julia/v0.6/MINLPLibJuMP/instances/JuniperLibsm/routingdelay_bigm.jl, routingdelay_bigm.jl, 1124, 396, 0, 2978, min, 146.63141893316802, 146.61698724626547, Optimal, 303.9106590747833
/home/ole/.julia/v0.6/MINLPLibJuMP/instances/JuniperLibsm/routingdelay_proj.jl, routingdelay_proj.jl, 1124, 396, 0, 2978, min, 146.6255689944862, 146.6255689944862, Optimal, 364.7465629577637
/home/ole/.julia/v0.6/MINLPLibJuMP/instances/JuniperLibsm/rsyn0815m04h.jl, rsyn0815m04h.jl, 1797, 376, 0, 3191, max, 3410.856618835259, 3410.856618835259, Optimal, 67.61634993553162
/home/ole/.julia/v0.6/MINLPLibJuMP/instances/JuniperLibsm/rsyn0820m02h.jl, rsyn0820m02h.jl, 979, 208, 0, 1501, max, 1092.091873900004, 1092.091873900004, Optimal, 38.05928301811218
/home/ole/.julia/v0.6/MINLPLibJuMP/instances/JuniperLibsm/sfacloc1_2_80.jl, sfacloc1_2_80.jl, 232, 62, 0, 2089, min, 12.752053257353818, 12.752053257353818, Optimal, 29.607332944869995
/home/ole/.julia/v0.6/MINLPLibJuMP/instances/JuniperLibsm/sfacloc1_2_90.jl, sfacloc1_2_90.jl, 200, 30, 0, 349, min, 17.891542558636882, 17.891542558636882, Optimal, 3.9350931644439697
/home/ole/.julia/v0.6/MINLPLibJuMP/instances/JuniperLibsm/sfacloc1_2_95.jl, sfacloc1_2_95.jl, 172, 9, 0, 209, min, 18.850070166680137, 18.850070226517495, Optimal, 1.3280930519104004
/home/ole/.julia/v0.6/MINLPLibJuMP/instances/JuniperLibsm/sfacloc1_3_80.jl, sfacloc1_3_80.jl, 294, 62, 0, 2162, min, 8.608684698137065, 8.608684698137065, Optimal, 22.774183988571167
/home/ole/.julia/v0.6/MINLPLibJuMP/instances/JuniperLibsm/sfacloc1_3_90.jl, sfacloc1_3_90.jl, 262, 30, 0, 422, min, 11.771815138283623, 11.771815138283623, Optimal, 6.8610451221466064
/home/ole/.julia/v0.6/MINLPLibJuMP/instances/JuniperLibsm/sfacloc1_3_95.jl, sfacloc1_3_95.jl, 234, 9, 0, 282, min, 12.45671937819606, 12.456719418999722, Optimal, 1.627640962600708
/home/ole/.julia/v0.6/MINLPLibJuMP/instances/JuniperLibsm/sfacloc1_4_80.jl, sfacloc1_4_80.jl, 356, 62, 0, 2235, min, 8.211492707511594, 8.211492707511594, Optimal, 28.027427911758423
/home/ole/.julia/v0.6/MINLPLibJuMP/instances/JuniperLibsm/sfacloc1_4_90.jl, sfacloc1_4_90.jl, 324, 30, 0, 495, min, 10.45744677274596, 10.45744677274596, Optimal, 6.88287091255188
/home/ole/.julia/v0.6/MINLPLibJuMP/instances/JuniperLibsm/sfacloc1_4_95.jl, sfacloc1_4_95.jl, 296, 9, 0, 355, min, 11.682878804613209, 11.682878804613209, Optimal, 4.071709871292114
/home/ole/.julia/v0.6/MINLPLibJuMP/instances/JuniperLibsm/sfacloc2_3_80.jl, sfacloc2_3_80.jl, 324, 107, 0, 2269, min, 12.17862090834871, 10.51771705905195, UserLimit, 3600.5311160087585
/home/ole/.julia/v0.6/MINLPLibJuMP/instances/JuniperLibsm/sfacloc2_4_90.jl, sfacloc2_4_90.jl, 369, 90, 0, 600, min, 13.411493690331413, 13.411493690331413, Optimal, 420.6066880226135
/home/ole/.julia/v0.6/MINLPLibJuMP/instances/JuniperLibsm/slay08h.jl, slay08h.jl, 633, 112, 0, 813, min, 84960.21215773225, 84960.21215773225, Optimal, 89.84446096420288
/home/ole/.julia/v0.6/MINLPLibJuMP/instances/JuniperLibsm/slay09h.jl, slay09h.jl, 811, 144, 0, 1045, min, 107805.7525793282, 107805.7525793282, Optimal, 136.1995189189911
/home/ole/.julia/v0.6/MINLPLibJuMP/instances/JuniperLibsm/slay10h.jl, slay10h.jl, 1011, 180, 0, 1306, min, 129579.88309039582, 129579.88309039579, Optimal, 3334.762346982956
/home/ole/.julia/v0.6/MINLPLibJuMP/instances/JuniperLibsm/slay10m.jl, slay10m.jl, 291, 180, 0, 406, min, 129771.88019116728, 129771.88019116723, Optimal, 254.6122579574585
/home/ole/.julia/v0.6/MINLPLibJuMP/instances/JuniperLibsm/space25a.jl, space25a.jl, 384, 240, 0, 202, min, 484.3286422812259, 484.3286422812259, Optimal, 24.76592183113098
/home/ole/.julia/v0.6/MINLPLibJuMP/instances/JuniperLibsm/space25.jl, space25.jl, 894, 750, 0, 236, min, 484.32864366393505, 484.32864366393505, Optimal, 227.987774848938
/home/ole/.julia/v0.6/MINLPLibJuMP/instances/JuniperLibsm/squfl015-060.jl, squfl015-060.jl, 916, 15, 0, 961, min, 366.62177120699903, 366.62177120699903, Optimal, 15.207360029220581
/home/ole/.julia/v0.6/MINLPLibJuMP/instances/JuniperLibsm/squfl015-080.jl, squfl015-080.jl, 1216, 15, 0, 1281, min, 402.48848553746416, 402.48848553746416, Optimal, 63.81583619117737
/home/ole/.julia/v0.6/MINLPLibJuMP/instances/JuniperLibsm/squfl015-080persp.jl, squfl015-080persp.jl, 2416, 15, 0, 2481, min, 402.48819582934806, 402.48819582934806, Optimal, 24.702733993530273
/home/ole/.julia/v0.6/MINLPLibJuMP/instances/JuniperLibsm/squfl020-040.jl, squfl020-040.jl, 821, 20, 0, 841, min, 209.2548465350949, 209.2548465350949, Optimal, 10.300427913665771
/home/ole/.julia/v0.6/MINLPLibJuMP/instances/JuniperLibsm/squfl020-050.jl, squfl020-050.jl, 1021, 20, 0, 1051, min, 230.20211497124404, 230.20211497124404, Optimal, 31.591474056243896
/home/ole/.julia/v0.6/MINLPLibJuMP/instances/JuniperLibsm/squfl020-150.jl, squfl020-150.jl, 3021, 20, 0, 3151, min, 557.8485786688627, 557.8148159801922, Optimal, 1048.8069128990173
/home/ole/.julia/v0.6/MINLPLibJuMP/instances/JuniperLibsm/squfl020-150persp.jl, squfl020-150persp.jl, 6021, 20, 0, 6151, min, 557.8478238162106, 557.8478238162106, Optimal, 313.21204900741577
/home/ole/.julia/v0.6/MINLPLibJuMP/instances/JuniperLibsm/squfl025-025.jl, squfl025-025.jl, 651, 25, 0, 651, min, 168.80717835703604, 168.79448788293305, Optimal, 15.017673969268799
/home/ole/.julia/v0.6/MINLPLibJuMP/instances/JuniperLibsm/squfl025-030.jl, squfl025-030.jl, 776, 25, 0, 781, min, 205.50159415813127, 205.50159415813127, Optimal, 17.389662981033325
/home/ole/.julia/v0.6/MINLPLibJuMP/instances/JuniperLibsm/squfl025-040.jl, squfl025-040.jl, 1026, 25, 0, 1041, min, 197.33383429703017, 197.33383429703017, Optimal, 111.3397741317749
/home/ole/.julia/v0.6/MINLPLibJuMP/instances/JuniperLibsm/squfl030-100.jl, squfl030-100.jl, 3031, 30, 0, 3101, min, 363.093757381526, 363.0578488021947, Optimal, 3344.290719985962
/home/ole/.julia/v0.6/MINLPLibJuMP/instances/JuniperLibsm/squfl030-100persp.jl, squfl030-100persp.jl, 6031, 30, 0, 6101, min, 363.0930196668578, 363.0930196668578, Optimal, 798.5190250873566
/home/ole/.julia/v0.6/MINLPLibJuMP/instances/JuniperLibsm/squfl030-150.jl, squfl030-150.jl, 4531, 30, 0, 4651, min, 4021.742386222354, 402.16934647400205, UserLimit, 3600.615618944168
/home/ole/.julia/v0.6/MINLPLibJuMP/instances/JuniperLibsm/squfl040-080.jl, squfl040-080.jl, 3241, 40, 0, 3281, min, 263.8990723066602, 263.8754280199102, Optimal, 3002.77818107605
/home/ole/.julia/v0.6/MINLPLibJuMP/instances/JuniperLibsm/squfl040-080persp.jl, squfl040-080persp.jl, 6441, 40, 0, 6481, min, 263.89826475830586, 263.89826475830586, Optimal, 616.6820709705353
/home/ole/.julia/v0.6/MINLPLibJuMP/instances/JuniperLibsm/sssd12-05.jl, sssd12-05.jl, 96, 75, 0, 53, min, 281408.60126466525, 281408.0584094376, Optimal, 13.829977035522461
/home/ole/.julia/v0.6/MINLPLibJuMP/instances/JuniperLibsm/sssd15-04.jl, sssd15-04.jl, 89, 72, 0, 48, min, 205054.43455718574, 205054.43455718574, Optimal, 7.10832405090332
/home/ole/.julia/v0.6/MINLPLibJuMP/instances/JuniperLibsm/sssd15-06.jl, sssd15-06.jl, 133, 108, 0, 64, min, 539635.4087452613, 539633.5686350228, Optimal, 254.38193106651306
/home/ole/.julia/v0.6/MINLPLibJuMP/instances/JuniperLibsm/sssd18-06.jl, sssd18-06.jl, 151, 126, 0, 67, min, 397992.2482270263, 397992.0674009887, Optimal, 246.8949728012085
/home/ole/.julia/v0.6/MINLPLibJuMP/instances/JuniperLibsm/sssd20-04.jl, sssd20-04.jl, 109, 92, 0, 53, min, 347691.37042244687, 347691.37042244687, Optimal, 7.6138880252838135
/home/ole/.julia/v0.6/MINLPLibJuMP/instances/JuniperLibsm/sssd25-04.jl, sssd25-04.jl, 129, 112, 0, 58, min, 300176.52805450885, 300176.52805450885, Optimal, 14.670182943344116
/home/ole/.julia/v0.6/MINLPLibJuMP/instances/JuniperLibsm/supplychainp1_022020.jl, supplychainp1_022020.jl, 2941, 460, 0, 5301, min, 2.9969009563431228e6, 2.9969009563431228e6, Optimal, 408.63780307769775
/home/ole/.julia/v0.6/MINLPLibJuMP/instances/JuniperLibsm/syn30m04h.jl, syn30m04h.jl, 1153, 240, 0, 2161, max, 865.7230611263047, 865.7230611263047, Optimal, 24.198189973831177
/home/ole/.julia/v0.6/MINLPLibJuMP/instances/JuniperLibsm/syn40m04h.jl, syn40m04h.jl, 1529, 320, 0, 2905, max, 901.7518088559655, 901.7518088559655, Optimal, 54.61763405799866
/home/ole/.julia/v0.6/MINLPLibJuMP/instances/JuniperLibsm/synheat.jl, synheat.jl, 57, 12, 0, 65, min, 154997.33363864702, 154997.33363864702, Optimal, 5.408048868179321
/home/ole/.julia/v0.6/MINLPLibJuMP/instances/JuniperLibsm/tln5.jl, tln5.jl, 36, 5, 30, 31, min, 10.299999912503305, 10.299999912503305, Optimal, 211.02244997024536
/home/ole/.julia/v0.6/MINLPLibJuMP/instances/JuniperLibsm/transswitch0009p.jl, transswitch0009p.jl, 70, 9, 0, 140, min, 5296.686202386668, 5296.686201501535, Optimal, 1.372826099395752
/home/ole/.julia/v0.6/MINLPLibJuMP/instances/JuniperLibsm/transswitch0009r.jl, transswitch0009r.jl, 70, 9, 0, 104, min, 5296.686203261215, 5296.686202397293, Optimal, 13.268566846847534
/home/ole/.julia/v0.6/MINLPLibJuMP/instances/JuniperLibsm/transswitch0014p.jl, transswitch0014p.jl, 139, 20, 0, 278, min, 8082.581681737014, 8082.301045241401, Optimal, 1.2677910327911377
/home/ole/.julia/v0.6/MINLPLibJuMP/instances/JuniperLibsm/transswitch0014r.jl, transswitch0014r.jl, 139, 20, 0, 198, min, 8082.581685533298, 8082.3010490326915, Optimal, 18.279551029205322
/home/ole/.julia/v0.6/MINLPLibJuMP/instances/JuniperLibsm/transswitch0030p.jl, transswitch0030p.jl, 278, 41, 0, 556, min, 573.9181315250014, 573.9181313391443, Optimal, 4.962435007095337
/home/ole/.julia/v0.6/MINLPLibJuMP/instances/JuniperLibsm/transswitch0030r.jl, transswitch0030r.jl, 278, 41, 0, 392, min, 573.9181314383711, 573.9181314383711, Optimal, 36.39392709732056
/home/ole/.julia/v0.6/MINLPLibJuMP/instances/JuniperLibsm/transswitch0039p.jl, transswitch0039p.jl, 329, 46, 0, 658, min, 41866.12316908693, 41865.91775664911, Optimal, 6.162277936935425
/home/ole/.julia/v0.6/MINLPLibJuMP/instances/JuniperLibsm/transswitch0118p.jl, transswitch0118p.jl, 1240, 179, 0, 2480, min, 129467.74661034124, 129456.09238685579, Optimal, 5.339359998703003
/home/ole/.julia/v0.6/MINLPLibJuMP/instances/JuniperLibsm/tspn05.jl, tspn05.jl, 21, 10, 0, 11, min, 191.2552071564811, 0.0, Optimal, 0.6685879230499268
/home/ole/.julia/v0.6/MINLPLibJuMP/instances/JuniperLibsm/tspn08.jl, tspn08.jl, 45, 28, 0, 19, min, NaN, NaN, Error, 5.536640882492065
/home/ole/.julia/v0.6/MINLPLibJuMP/instances/JuniperLibsm/tspn10.jl, tspn10.jl, 66, 45, 0, 22, min, 225.4737298150943, 0.0, Optimal, 0.7340738773345947
/home/ole/.julia/v0.6/MINLPLibJuMP/instances/JuniperLibsm/tspn12.jl, tspn12.jl, 91, 66, 0, 27, min, 265.8578809455494, 0.0, Optimal, 0.7371711730957031
/home/ole/.julia/v0.6/MINLPLibJuMP/instances/JuniperLibsm/tspn15.jl, tspn15.jl, 136, 105, 0, 35, min, 328.9069489843708, 0.0, Optimal, 1.4318389892578125
/home/ole/.julia/v0.6/MINLPLibJuMP/instances/JuniperLibsm/var_con10.jl, var_con10.jl, 574, 12, 0, 465, min, 444.21379142646487, 444.21379142646487, Optimal, 13.720335960388184
/home/ole/.julia/v0.6/MINLPLibJuMP/instances/JuniperLibsm/var_con5.jl, var_con5.jl, 574, 12, 0, 465, min, 278.1447474837281, 278.1447474837281, Optimal, 11.907835006713867
/home/ole/.julia/v0.6/MINLPLibJuMP/instances/JuniperLibsm/wastepaper5.jl, wastepaper5.jl, 105, 65, 0, 47, min, 0.0008605172496780169, 0.0008605172496780169, Optimal, 19.319248914718628
/home/ole/.julia/v0.6/MINLPLibJuMP/instances/JuniperLibsm/wastepaper6.jl, wastepaper6.jl, 137, 90, 0, 55, min, 0.00013238824049332113, 0.00013238824049332113, Optimal, 95.81405591964722
/home/ole/.julia/v0.6/MINLPLibJuMP/instances/JuniperLibsm/water4.jl, water4.jl, 196, 126, 0, 138, min, 906.9983002286614, 906.9983002286614, Optimal, 1182.3307058811188
/home/ole/.julia/v0.6/MINLPLibJuMP/instances/JuniperLibsm/watercontamination0303r.jl, watercontamination0303r.jl, 385, 14, 0, 557, min, 424.54409164163513, 424.54409164163513, Optimal, 1674.6994490623474
/home/ole/.julia/v0.6/MINLPLibJuMP/instances/JuniperLibsm/waternd2.jl, waternd2.jl, 233, 72, 0, 250, min, 1.0627060583246336e6, 1.0627060583246336e6, Optimal, 44.53489685058594
/home/ole/.julia/v0.6/MINLPLibJuMP/instances/JuniperLibsm/waterno2_03.jl, waterno2_03.jl, 499, 27, 0, 617, min, 115.00451163988535, 115.00451163988535, Optimal, 90.53567099571228
/home/ole/.julia/v0.6/MINLPLibJuMP/instances/JuniperLibsm/waterno2_04.jl, waterno2_04.jl, 665, 36, 0, 823, min, 145.43976486247018, 145.4331134743857, Optimal, 785.8943328857422
/home/ole/.julia/v0.6/MINLPLibJuMP/instances/JuniperLibsm/waterx.jl, waterx.jl, 71, 14, 0, 55, min, 1009.780718966488, 1009.780718966488, Optimal, 23.87146520614624
