/home/ole/.julia/v0.6/MINLPLibJuMP/instances/minlp2/blend531.jl, blend531.jl, 273, 104, 0, 737, Max, 20.039004073033727, 20.040918311713057, LOCALLY_SOLVED, 258.4625301361084
/home/ole/.julia/v0.6/MINLPLibJuMP/instances/minlp2/blend718.jl, blend718.jl, 223, 87, 0, 607, Max, 7.393601962341344, 7.393830571257754, LOCALLY_SOLVED, 607.382483959198
/home/ole/.julia/v0.6/MINLPLibJuMP/instances/minlp2/blend852.jl, blend852.jl, 305, 120, 0, 861, Max, 32.42400408502006, 54.02043541274999, TIME_LIMIT, 3600.149983882904
/home/ole/.julia/v0.6/MINLPLibJuMP/instances/minlp2/casctanks.jl, casctanks.jl, 501, 40, 0, 518, Min, 9.163479125958293, 9.163479125958293, LOCALLY_SOLVED, 16.21462321281433
/home/ole/.julia/v0.6/MINLPLibJuMP/instances/minlp2/chp_shorttermplan1a.jl, chp_shorttermplan1a.jl, 1009, 144, 0, 2069, Min, 215.18291309172108, 215.18291309172108, LOCALLY_SOLVED, 74.90148711204529
/home/ole/.julia/v0.6/MINLPLibJuMP/instances/minlp2/chp_shorttermplan1b.jl, chp_shorttermplan1b.jl, 1681, 288, 0, 3851, Min, 262.9251636077397, 262.9251636077397, LOCALLY_SOLVED, 211.706866979599
/home/ole/.julia/v0.6/MINLPLibJuMP/instances/minlp2/clay0205h.jl, clay0205h.jl, 261, 50, 0, 366, Min, 8092.49985045857, 8092.499835062573, LOCALLY_SOLVED, 1891.5200951099396
/home/ole/.julia/v0.6/MINLPLibJuMP/instances/minlp2/clay0305h.jl, clay0305h.jl, 276, 55, 0, 396, Min, 8218.940092745283, 8218.940092730547, LOCALLY_SOLVED, 1011.5055758953094
/home/ole/.julia/v0.6/MINLPLibJuMP/instances/minlp2/contvar.jl, contvar.jl, 297, 88, 0, 285, Min, 809149.8109905105, 809149.8109905105, LOCALLY_SOLVED, 25.03631901741028
/home/ole/.julia/v0.6/MINLPLibJuMP/instances/minlp2/crossdock_15x7.jl, crossdock_15x7.jl, 211, 210, 0, 45, Min, 14438.999772981077, 14427.041225071842, TIME_LIMIT, 3600.0067970752716
/home/ole/.julia/v0.6/MINLPLibJuMP/instances/minlp2/crudeoil_lee3_07.jl, crudeoil_lee3_07.jl, 1793, 98, 0, 3950, Max, NaN, NaN, ITERATION_LIMIT, 2426.0120639801025
/home/ole/.julia/v0.6/MINLPLibJuMP/instances/minlp2/crudeoil_li01.jl, crudeoil_li01.jl, 345, 48, 0, 696, Max, 5117.180834409714, 5126.032811507267, TIME_LIMIT, 3600.152429819107
/home/ole/.julia/v0.6/MINLPLibJuMP/instances/minlp2/crudeoil_pooling_ct2.jl, crudeoil_pooling_ct2.jl, 404, 108, 0, 733, Max, 8100.000044379353, 8100.000044379353, LOCALLY_SOLVED, 750.5318920612335
/home/ole/.julia/v0.6/MINLPLibJuMP/instances/minlp2/crudeoil_pooling_ct4.jl, crudeoil_pooling_ct4.jl, 534, 138, 0, 925, Max, 13258.268845343524, 13258.268852466277, LOCALLY_SOLVED, 1089.2655329704285
/home/ole/.julia/v0.6/MINLPLibJuMP/instances/minlp2/crudeoil_pooling_dt4.jl, crudeoil_pooling_dt4.jl, 5063, 1326, 0, 7699, Max, 13244.15000513537, 13414.046716025883, TIME_LIMIT, 3778.1990098953247
/home/ole/.julia/v0.6/MINLPLibJuMP/instances/minlp2/cvxnonsep_psig40r.jl, cvxnonsep_psig40r.jl, 83, 0, 20, 43, Min, 86.54518080765723, 86.53768098867437, LOCALLY_SOLVED, 1.735793113708496
/home/ole/.julia/v0.6/MINLPLibJuMP/instances/minlp2/deb10.jl, deb10.jl, 183, 22, 0, 130, Min, 209.42773675229915, 209.42773675229915, LOCALLY_SOLVED, 2.979234218597412
/home/ole/.julia/v0.6/MINLPLibJuMP/instances/minlp2/deb6.jl, deb6.jl, 476, 20, 0, 508, Min, 201.73925885369087, 201.73454042267093, ALMOST_LOCALLY_SOLVED, 41.07877993583679
/home/ole/.julia/v0.6/MINLPLibJuMP/instances/minlp2/edgecross14-039.jl, edgecross14-039.jl, 183, 80, 0, 1457, Min, 113.9999952570897, 113.99999337336922, LOCALLY_SOLVED, 1.6599547863006592
/home/ole/.julia/v0.6/MINLPLibJuMP/instances/minlp2/edgecross14-058.jl, edgecross14-058.jl, 183, 182, 0, 1457, Min, 352.9999999925059, 352.99998742067953, LOCALLY_SOLVED, 1.640852928161621
/home/ole/.julia/v0.6/MINLPLibJuMP/instances/minlp2/edgecross14-078.jl, edgecross14-078.jl, 183, 155, 0, 1457, Min, 724.9999793673414, 724.9999793673414, LOCALLY_SOLVED, 1.557624101638794
/home/ole/.julia/v0.6/MINLPLibJuMP/instances/minlp2/edgecross14-098.jl, edgecross14-098.jl, 183, 182, 0, 1457, Min, 1365.9999750686895, 1365.9999750686895, LOCALLY_SOLVED, 1.652984857559204
/home/ole/.julia/v0.6/MINLPLibJuMP/instances/minlp2/edgecross14-176.jl, edgecross14-176.jl, 183, 182, 0, 1457, Min, 5874.999999992506, 5874.999970186589, LOCALLY_SOLVED, 1.9364299774169922
/home/ole/.julia/v0.6/MINLPLibJuMP/instances/minlp2/edgecross20-040.jl, edgecross20-040.jl, 381, 380, 0, 4561, Min, 56.99999999250592, 56.99999258916764, LOCALLY_SOLVED, 2.4670510292053223
/home/ole/.julia/v0.6/MINLPLibJuMP/instances/minlp2/edgecross22-048.jl, edgecross22-048.jl, 463, 462, 0, 6161, Min, 85.99999999250586, 85.99998891192274, LOCALLY_SOLVED, 3.2872819900512695
/home/ole/.julia/v0.6/MINLPLibJuMP/instances/minlp2/edgecross24-057.jl, edgecross24-057.jl, 553, 552, 0, 8097, Min, 179.9999999925059, 179.9999845369839, LOCALLY_SOLVED, 4.158975124359131
/home/ole/.julia/v0.6/MINLPLibJuMP/instances/minlp2/eg_all_s.jl, eg_all_s.jl, 8, 0, 7, 28, Min, 7.657751809751293, 7.657751809751293, LOCALLY_SOLVED, 18.778537034988403
/home/ole/.julia/v0.6/MINLPLibJuMP/instances/minlp2/eg_disc2_s.jl, eg_disc2_s.jl, 8, 0, 3, 28, Min, 5.936371978040559, 5.936371978040559, LOCALLY_SOLVED, 5.057451963424683
/home/ole/.julia/v0.6/MINLPLibJuMP/instances/minlp2/eg_disc_s.jl, eg_disc_s.jl, 8, 0, 4, 28, Min, 6.8390432846127895, 6.8390432846127895, LOCALLY_SOLVED, 25.631475925445557
/home/ole/.julia/v0.6/MINLPLibJuMP/instances/minlp2/eg_int_s.jl, eg_int_s.jl, 8, 0, 3, 28, Min, 6.4531028850122425, 6.4531028850122425, LOCALLY_SOLVED, 7.768402814865112
/home/ole/.julia/v0.6/MINLPLibJuMP/instances/minlp2/ex1233.jl, ex1233.jl, 53, 12, 0, 65, Min, 155010.66783024816, 155010.66783024816, LOCALLY_SOLVED, 2.3553030490875244
/home/ole/.julia/v0.6/MINLPLibJuMP/instances/minlp2/faclay20h.jl, faclay20h.jl, 191, 190, 0, 2281, Min, 16083.999181247531, 16083.999181247531, LOCALLY_SOLVED, 1.7470300197601318
/home/ole/.julia/v0.6/MINLPLibJuMP/instances/minlp2/feedtray.jl, feedtray.jl, 98, 7, 0, 92, Min, -13.406005552128411, -13.406005552128411, LOCALLY_SOLVED, 1.020508050918579
/home/ole/.julia/v0.6/MINLPLibJuMP/instances/minlp2/flay05h.jl, flay05h.jl, 383, 40, 0, 466, Min, 64.4980611205646, 63.29292607760738, TIME_LIMIT, 3600.0043251514435
/home/ole/.julia/v0.6/MINLPLibJuMP/instances/minlp2/fo7_2.jl, fo7_2.jl, 115, 42, 0, 212, Min, 51.2840664000344, 12.498968514773306, TIME_LIMIT, 3600.0261948108673
/home/ole/.julia/v0.6/MINLPLibJuMP/instances/minlp2/forest.jl, forest.jl, 237, 73, 0, 310, Max, 1.439622687644361e7, 1.4396226911504775e7, LOCALLY_SOLVED, 5.576640844345093
/home/ole/.julia/v0.6/MINLPLibJuMP/instances/minlp2/gasnet_al3.jl, gasnet_al3.jl, 725, 136, 0, 831, Min, NaN, NaN, ITERATION_LIMIT, 45.50489401817322
/home/ole/.julia/v0.6/MINLPLibJuMP/instances/minlp2/gasprod_sarawak16.jl, gasprod_sarawak16.jl, 1527, 38, 0, 2253, Min, -32271.21853398094, -32271.21853398094, LOCALLY_SOLVED, 73.89715695381165
/home/ole/.julia/v0.6/MINLPLibJuMP/instances/minlp2/gasprod_sarawak81.jl, gasprod_sarawak81.jl, 7572, 38, 0, 11093, Min, -32273.00416618168, -32273.00416618168, LOCALLY_SOLVED, 463.1731789112091
/home/ole/.julia/v0.6/MINLPLibJuMP/instances/minlp2/genpooling_meyer04.jl, genpooling_meyer04.jl, 119, 55, 0, 142, Min, 1.3882616760812018e6, 1.3882616760812018e6, LOCALLY_SOLVED, 70.14408493041992
/home/ole/.julia/v0.6/MINLPLibJuMP/instances/minlp2/genpooling_meyer10.jl, genpooling_meyer10.jl, 395, 187, 0, 424, Min, 1.2121707408936594e6, 1.2121707408936594e6, LOCALLY_SOLVED, 156.55485105514526
/home/ole/.julia/v0.6/MINLPLibJuMP/instances/minlp2/genpooling_meyer15.jl, genpooling_meyer15.jl, 735, 352, 0, 769, Min, 943734.01580157, 943734.01580157, LOCALLY_SOLVED, 128.22929286956787
/home/ole/.julia/v0.6/MINLPLibJuMP/instances/minlp2/ghg_2veh.jl, ghg_2veh.jl, 58, 18, 0, 63, Min, 7.781621735344037, 7.781621686959219, LOCALLY_SOLVED, 2.8536579608917236
/home/ole/.julia/v0.6/MINLPLibJuMP/instances/minlp2/ghg_3veh.jl, ghg_3veh.jl, 97, 36, 0, 120, Min, 7.770545484672646, 7.770545484672646, LOCALLY_SOLVED, 8.258311986923218
/home/ole/.julia/v0.6/MINLPLibJuMP/instances/minlp2/graphpart_2g-0099-9211.jl, graphpart_2g-0099-9211.jl, 244, 243, 0, 82, Min, -5.031205202927576e6, -5.031205202927576e6, LOCALLY_SOLVED, 55.40298390388489
/home/ole/.julia/v0.6/MINLPLibJuMP/instances/minlp2/graphpart_2g-1010-0824.jl, graphpart_2g-1010-0824.jl, 301, 300, 0, 101, Min, -6.577088268508646e6, -6.577088268510434e6, LOCALLY_SOLVED, 1.6045198440551758
/home/ole/.julia/v0.6/MINLPLibJuMP/instances/minlp2/graphpart_2pm-0099-0999.jl, graphpart_2pm-0099-0999.jl, 244, 243, 0, 82, Min, -63.000002265613624, -63.000002265613624, LOCALLY_SOLVED, 101.5893030166626
/home/ole/.julia/v0.6/MINLPLibJuMP/instances/minlp2/graphpart_3g-0444-0444.jl, graphpart_3g-0444-0444.jl, 193, 192, 0, 65, Min, -7.51282024489064e6, -7.51282024489064e6, LOCALLY_SOLVED, 1.2452998161315918
/home/ole/.julia/v0.6/MINLPLibJuMP/instances/minlp2/graphpart_3pm-0334-0334.jl, graphpart_3pm-0334-0334.jl, 109, 108, 0, 37, Min, -36.00000121550089, -36.00000121550089, LOCALLY_SOLVED, 25.402530908584595
/home/ole/.julia/v0.6/MINLPLibJuMP/instances/minlp2/graphpart_3pm-0344-0344.jl, graphpart_3pm-0344-0344.jl, 145, 144, 0, 49, Min, -48.000001612116215, -48.000001612116215, LOCALLY_SOLVED, 54.34212112426758
/home/ole/.julia/v0.6/MINLPLibJuMP/instances/minlp2/graphpart_3pm-0444-0444.jl, graphpart_3pm-0444-0444.jl, 193, 192, 0, 65, Min, -65.00000226231734, -65.00000226231734, LOCALLY_SOLVED, 96.28591704368591
/home/ole/.julia/v0.6/MINLPLibJuMP/instances/minlp2/graphpart_clique-20.jl, graphpart_clique-20.jl, 61, 60, 0, 21, Min, 146.99998807657522, 146.99998687617943, LOCALLY_SOLVED, 17.677950143814087
/home/ole/.julia/v0.6/MINLPLibJuMP/instances/minlp2/graphpart_clique-30.jl, graphpart_clique-30.jl, 91, 90, 0, 31, Min, 494.9999575541526, 494.9999575541526, LOCALLY_SOLVED, 23.561758995056152
/home/ole/.julia/v0.6/MINLPLibJuMP/instances/minlp2/graphpart_clique-40.jl, graphpart_clique-40.jl, 121, 120, 0, 41, Min, 1182.9998983578387, 1182.9998983632122, LOCALLY_SOLVED, 1.6493518352508545
/home/ole/.julia/v0.6/MINLPLibJuMP/instances/minlp2/graphpart_clique-50.jl, graphpart_clique-50.jl, 151, 150, 0, 51, Min, 2311.9997999854772, 2311.9997999919674, LOCALLY_SOLVED, 2.0210611820220947
/home/ole/.julia/v0.6/MINLPLibJuMP/instances/minlp2/graphpart_clique-60.jl, graphpart_clique-60.jl, 181, 180, 0, 61, Min, 3989.9996600995064, 3989.9996600995064, LOCALLY_SOLVED, 2.1295480728149414
/home/ole/.julia/v0.6/MINLPLibJuMP/instances/minlp2/graphpart_clique-70.jl, graphpart_clique-70.jl, 211, 210, 0, 71, Min, 6347.999457056539, 6347.999457061565, LOCALLY_SOLVED, 3.528381109237671
/home/ole/.julia/v0.6/MINLPLibJuMP/instances/minlp2/heatexch_gen2.jl, heatexch_gen2.jl, 149, 16, 0, 167, Min, 850714.1059525484, 850714.1059525484, LOCALLY_SOLVED, 56.25500702857971
/home/ole/.julia/v0.6/MINLPLibJuMP/instances/minlp2/heatexch_gen3.jl, heatexch_gen3.jl, 581, 60, 0, 511, Min, 308236.2290870186, 308236.2290870186, ALMOST_LOCALLY_SOLVED, 123.3459541797638
/home/ole/.julia/v0.6/MINLPLibJuMP/instances/minlp2/heatexch_spec1.jl, heatexch_spec1.jl, 57, 12, 0, 65, Min, 154997.32922567436, 154997.32922567436, LOCALLY_SOLVED, 1.746877908706665
/home/ole/.julia/v0.6/MINLPLibJuMP/instances/minlp2/heatexch_spec2.jl, heatexch_spec2.jl, 77, 16, 0, 91, Min, 634976.3196235901, 634976.3196235901, LOCALLY_SOLVED, 4.400177955627441
/home/ole/.julia/v0.6/MINLPLibJuMP/instances/minlp2/hydroenergy1.jl, hydroenergy1.jl, 289, 96, 0, 429, Max, 209721.0138668055, 209721.0138668055, LOCALLY_SOLVED, 4.932343006134033
/home/ole/.julia/v0.6/MINLPLibJuMP/instances/minlp2/hydroenergy2.jl, hydroenergy2.jl, 577, 192, 0, 857, Max, 371811.879897562, 371811.879897562, LOCALLY_SOLVED, 20.473549127578735
/home/ole/.julia/v0.6/MINLPLibJuMP/instances/minlp2/hydroenergy3.jl, hydroenergy3.jl, 1009, 336, 0, 1499, Max, 744963.0403858345, 744963.0403858345, LOCALLY_SOLVED, 74.06115293502808
/home/ole/.julia/v0.6/MINLPLibJuMP/instances/minlp2/multiplants_mtg1a.jl, multiplants_mtg1a.jl, 194, 93, 0, 257, Max, 391.6135575755686, 391.6135575755686, LOCALLY_SOLVED, 649.7071290016174
/home/ole/.julia/v0.6/MINLPLibJuMP/instances/minlp2/multiplants_mtg1b.jl, multiplants_mtg1b.jl, 194, 93, 0, 257, Max, 450.54787715403296, 450.5478819553044, ALMOST_LOCALLY_SOLVED, 2169.1489231586456
/home/ole/.julia/v0.6/MINLPLibJuMP/instances/minlp2/multiplants_mtg1c.jl, multiplants_mtg1c.jl, 245, 120, 0, 319, Max, 683.9712662694898, 683.9712697243489, LOCALLY_SOLVED, 404.972158908844
/home/ole/.julia/v0.6/MINLPLibJuMP/instances/minlp2/multiplants_mtg2.jl, multiplants_mtg2.jl, 230, 112, 0, 307, Max, 7099.18626248301, 7099.882159783031, LOCALLY_SOLVED, 1791.0009310245514
/home/ole/.julia/v0.6/MINLPLibJuMP/instances/minlp2/multiplants_mtg5.jl, multiplants_mtg5.jl, 191, 78, 0, 309, Max, 5924.599913863718, 5925.048284182941, LOCALLY_SOLVED, 691.0091371536255
/home/ole/.julia/v0.6/MINLPLibJuMP/instances/minlp2/multiplants_stg6.jl, multiplants_stg6.jl, 694, 384, 0, 388, Max, NaN, 6241.646889355673, TIME_LIMIT, 3605.2099239826202
/home/ole/.julia/v0.6/MINLPLibJuMP/instances/minlp2/ndcc12.jl, ndcc12.jl, 645, 46, 0, 238, Min, 106.35415479599999, 106.35415479599999, LOCALLY_SOLVED, 97.96963381767273
/home/ole/.julia/v0.6/MINLPLibJuMP/instances/minlp2/ndcc12persp.jl, ndcc12persp.jl, 691, 46, 0, 284, Min, 106.35415479599999, 106.35415479599999, LOCALLY_SOLVED, 19.79248881340027
/home/ole/.julia/v0.6/MINLPLibJuMP/instances/minlp2/ndcc13.jl, ndcc13.jl, 631, 42, 0, 255, Min, 90.13302668800004, 81.30407273262055, TIME_LIMIT, 3601.0657238960266
/home/ole/.julia/v0.6/MINLPLibJuMP/instances/minlp2/ndcc13persp.jl, ndcc13persp.jl, 673, 42, 0, 297, Min, 84.6250132985228, 84.62080533882879, ALMOST_LOCALLY_SOLVED, 498.4005489349365
/home/ole/.julia/v0.6/MINLPLibJuMP/instances/minlp2/ndcc15.jl, ndcc15.jl, 681, 40, 0, 307, Min, 94.611207098, 94.611207098, LOCALLY_SOLVED, 917.5415661334991
/home/ole/.julia/v0.6/MINLPLibJuMP/instances/minlp2/ndcc15persp.jl, ndcc15persp.jl, 721, 40, 0, 347, Min, 94.611207098, 94.60324923709022, LOCALLY_SOLVED, 80.74137091636658
/home/ole/.julia/v0.6/MINLPLibJuMP/instances/minlp2/nous1.jl, nous1.jl, 51, 2, 0, 44, Min, 1.5670719573030272, 1.5670719573030272, LOCALLY_SOLVED, 1.883193016052246
/home/ole/.julia/v0.6/MINLPLibJuMP/instances/minlp2/nuclear14.jl, nuclear14.jl, 1563, 576, 0, 1227, Min, -1.1296178546989697, -1.1296178546989697, LOCALLY_SOLVED, 219.05214190483093
/home/ole/.julia/v0.6/MINLPLibJuMP/instances/minlp2/nuclear14a.jl, nuclear14a.jl, 993, 600, 0, 634, Min, -1.1296569513425547, -1.1296554215442938, LOCALLY_SOLVED, 5.6910459995269775
/home/ole/.julia/v0.6/MINLPLibJuMP/instances/minlp2/nuclear25.jl, nuclear25.jl, 1679, 625, 0, 1304, Min, -1.120018125153951, -1.119975784045146, LOCALLY_SOLVED, 19.541494846343994
/home/ole/.julia/v0.6/MINLPLibJuMP/instances/minlp2/nuclear25a.jl, nuclear25a.jl, 1059, 650, 0, 660, Min, -1.1207072851031596, -1.1207072851031596, LOCALLY_SOLVED, 505.6608500480652
/home/ole/.julia/v0.6/MINLPLibJuMP/instances/minlp2/nuclear49.jl, nuclear49.jl, 5736, 2401, 0, 3874, Min, -1.1510900565103825, -1.1513835320416546, TIME_LIMIT, 3620.303689956665
/home/ole/.julia/v0.6/MINLPLibJuMP/instances/minlp2/nuclear49a.jl, nuclear49a.jl, 3342, 2450, 0, 1432, Min, NaN, -1.1514664764854687, TIME_LIMIT, 3600.269138097763
/home/ole/.julia/v0.6/MINLPLibJuMP/instances/minlp2/nuclearva.jl, nuclearva.jl, 352, 168, 0, 318, Min, -1.013819972751791, -1.013819972751791, LOCALLY_SOLVED, 74.82899403572083
/home/ole/.julia/v0.6/MINLPLibJuMP/instances/minlp2/nuclearvb.jl, nuclearvb.jl, 352, 168, 0, 318, Min, -1.026299320709354, -1.026299320709354, LOCALLY_SOLVED, 99.88753509521484
/home/ole/.julia/v0.6/MINLPLibJuMP/instances/minlp2/nuclearvc.jl, nuclearvc.jl, 352, 168, 0, 318, Min, -0.9997203053959882, -0.9997203053959882, LOCALLY_SOLVED, 22.531697034835815
/home/ole/.julia/v0.6/MINLPLibJuMP/instances/minlp2/nuclearvd.jl, nuclearvd.jl, 352, 168, 0, 318, Min, -1.0330864403247748, -1.0330864403247748, LOCALLY_SOLVED, 84.70160508155823
/home/ole/.julia/v0.6/MINLPLibJuMP/instances/minlp2/nuclearve.jl, nuclearve.jl, 352, 168, 0, 318, Min, -1.0395649344638807, -1.0395649344638807, LOCALLY_SOLVED, 50.54239296913147
/home/ole/.julia/v0.6/MINLPLibJuMP/instances/minlp2/nuclearvf.jl, nuclearvf.jl, 352, 168, 0, 318, Min, -1.018678110257748, -1.018678110257748, LOCALLY_SOLVED, 21.240367889404297
/home/ole/.julia/v0.6/MINLPLibJuMP/instances/minlp2/oil.jl, oil.jl, 1536, 19, 0, 1547, Min, -0.8513810846594828, -1.043492541933115, TIME_LIMIT, 3600.390631914139
/home/ole/.julia/v0.6/MINLPLibJuMP/instances/minlp2/oil2.jl, oil2.jl, 937, 2, 0, 927, Min, -0.7332600152490502, -0.7332600152490502, LOCALLY_SOLVED, 8.204562902450562
/home/ole/.julia/v0.6/MINLPLibJuMP/instances/minlp2/pooling_epa2.jl, pooling_epa2.jl, 332, 45, 0, 525, Min, -4458.3613855121785, -4458.361385512181, LOCALLY_SOLVED, 125.52249383926392
/home/ole/.julia/v0.6/MINLPLibJuMP/instances/minlp2/portfol_classical050_1.jl, portfol_classical050_1.jl, 151, 50, 0, 104, Min, -0.09476012801174975, -0.09476774997653978, LOCALLY_SOLVED, 10.870161056518555
/home/ole/.julia/v0.6/MINLPLibJuMP/instances/minlp2/procurement1mot.jl, procurement1mot.jl, 785, 60, 0, 750, Max, 291.5416606667603, 291.56656578580373, LOCALLY_SOLVED, 1352.9963669776917
/home/ole/.julia/v0.6/MINLPLibJuMP/instances/minlp2/product.jl, product.jl, 1554, 107, 0, 1926, Min, -2139.8409636904835, -2144.779885954125, TIME_LIMIT, 3600.779358148575
/home/ole/.julia/v0.6/MINLPLibJuMP/instances/minlp2/qap.jl, qap.jl, 226, 225, 0, 31, Min, 393495.98898586293, 391125.73473452806, TIME_LIMIT, 3601.5365998744965
/home/ole/.julia/v0.6/MINLPLibJuMP/instances/minlp2/qapw.jl, qapw.jl, 451, 225, 0, 256, Min, 392833.9770376725, 392833.9770376725, LOCALLY_SOLVED, 376.74263095855713
/home/ole/.julia/v0.6/MINLPLibJuMP/instances/minlp2/routingdelay_bigm.jl, routingdelay_bigm.jl, 1124, 396, 0, 2978, Min, 146.62556893769946, 146.6255689320443, LOCALLY_SOLVED, 250.37256002426147
/home/ole/.julia/v0.6/MINLPLibJuMP/instances/minlp2/routingdelay_proj.jl, routingdelay_proj.jl, 1124, 396, 0, 2978, Min, 146.62556898953068, 146.62556898470433, LOCALLY_SOLVED, 234.58992195129395
/home/ole/.julia/v0.6/MINLPLibJuMP/instances/minlp2/rsyn0815m04h.jl, rsyn0815m04h.jl, 1797, 376, 0, 3191, Max, 3410.8566249655464, 3410.8566249655464, LOCALLY_SOLVED, 83.40070486068726
/home/ole/.julia/v0.6/MINLPLibJuMP/instances/minlp2/rsyn0820m02h.jl, rsyn0820m02h.jl, 979, 208, 0, 1501, Max, 1092.091873980411, 1092.091873980411, LOCALLY_SOLVED, 26.490722179412842
/home/ole/.julia/v0.6/MINLPLibJuMP/instances/minlp2/sfacloc1_2_80.jl, sfacloc1_2_80.jl, 232, 62, 0, 2089, Min, 12.752053221034439, 12.752053221034439, LOCALLY_SOLVED, 17.163964986801147
/home/ole/.julia/v0.6/MINLPLibJuMP/instances/minlp2/sfacloc1_2_90.jl, sfacloc1_2_90.jl, 200, 30, 0, 349, Min, 17.891542502751584, 17.891542502751584, LOCALLY_SOLVED, 2.5869839191436768
/home/ole/.julia/v0.6/MINLPLibJuMP/instances/minlp2/sfacloc1_2_95.jl, sfacloc1_2_95.jl, 172, 9, 0, 209, Min, 18.850070116757625, 18.850070168453332, LOCALLY_SOLVED, 1.217806100845337
/home/ole/.julia/v0.6/MINLPLibJuMP/instances/minlp2/sfacloc1_3_80.jl, sfacloc1_3_80.jl, 294, 62, 0, 2162, Min, 8.608684653848995, 8.608684653848995, LOCALLY_SOLVED, 17.978853940963745
/home/ole/.julia/v0.6/MINLPLibJuMP/instances/minlp2/sfacloc1_3_90.jl, sfacloc1_3_90.jl, 262, 30, 0, 422, Min, 11.771815033816475, 11.771815033816475, LOCALLY_SOLVED, 3.2073769569396973
/home/ole/.julia/v0.6/MINLPLibJuMP/instances/minlp2/sfacloc1_3_95.jl, sfacloc1_3_95.jl, 234, 9, 0, 282, Min, 12.45671907995886, 12.456719305664736, LOCALLY_SOLVED, 1.535362958908081
/home/ole/.julia/v0.6/MINLPLibJuMP/instances/minlp2/sfacloc1_4_80.jl, sfacloc1_4_80.jl, 356, 62, 0, 2235, Min, 8.22540418012122, 8.22540418012122, LOCALLY_SOLVED, 36.419921875
/home/ole/.julia/v0.6/MINLPLibJuMP/instances/minlp2/sfacloc1_4_90.jl, sfacloc1_4_90.jl, 324, 30, 0, 495, Min, 10.545190078108883, 10.545190078108883, LOCALLY_SOLVED, 5.2398271560668945
/home/ole/.julia/v0.6/MINLPLibJuMP/instances/minlp2/sfacloc1_4_95.jl, sfacloc1_4_95.jl, 296, 9, 0, 355, Min, 11.682878639461185, 11.682878639461185, LOCALLY_SOLVED, 2.079425811767578
/home/ole/.julia/v0.6/MINLPLibJuMP/instances/minlp2/sfacloc2_3_80.jl, sfacloc2_3_80.jl, 324, 107, 0, 2269, Min, 11.05851044572309, 11.05851044572309, LOCALLY_SOLVED, 1297.4582839012146
/home/ole/.julia/v0.6/MINLPLibJuMP/instances/minlp2/sfacloc2_4_90.jl, sfacloc2_4_90.jl, 369, 90, 0, 600, Min, 13.411493700386133, 13.411493700386133, LOCALLY_SOLVED, 1020.2210030555725
/home/ole/.julia/v0.6/MINLPLibJuMP/instances/minlp2/slay08h.jl, slay08h.jl, 633, 112, 0, 813, Min, 84960.21215773227, 84960.21215773224, LOCALLY_SOLVED, 44.5227530002594
/home/ole/.julia/v0.6/MINLPLibJuMP/instances/minlp2/slay09h.jl, slay09h.jl, 811, 144, 0, 1045, Min, 107805.75257932821, 107805.7525793282, LOCALLY_SOLVED, 83.11765694618225
/home/ole/.julia/v0.6/MINLPLibJuMP/instances/minlp2/slay10h.jl, slay10h.jl, 1011, 180, 0, 1306, Min, 129579.88309039584, 129579.88309039577, LOCALLY_SOLVED, 783.3136560916901
/home/ole/.julia/v0.6/MINLPLibJuMP/instances/minlp2/slay10m.jl, slay10m.jl, 291, 180, 0, 406, Min, 129579.88109178058, 129579.88109178051, LOCALLY_SOLVED, 397.850713968277
/home/ole/.julia/v0.6/MINLPLibJuMP/instances/minlp2/space25.jl, space25.jl, 894, 750, 0, 236, Min, 484.3286437927814, 484.3286437927814, LOCALLY_SOLVED, 247.50347995758057
/home/ole/.julia/v0.6/MINLPLibJuMP/instances/minlp2/space25a.jl, space25a.jl, 384, 240, 0, 202, Min, 484.3286437556104, 484.3286437556104, LOCALLY_SOLVED, 31.654793977737427
/home/ole/.julia/v0.6/MINLPLibJuMP/instances/minlp2/squfl015-060.jl, squfl015-060.jl, 916, 15, 0, 961, Min, 366.621771206999, 366.621771206999, LOCALLY_SOLVED, 29.002399921417236
/home/ole/.julia/v0.6/MINLPLibJuMP/instances/minlp2/squfl015-080.jl, squfl015-080.jl, 1216, 15, 0, 1281, Min, 402.48848553746416, 402.45531703884916, LOCALLY_SOLVED, 93.26241612434387
/home/ole/.julia/v0.6/MINLPLibJuMP/instances/minlp2/squfl015-080persp.jl, squfl015-080persp.jl, 2416, 15, 0, 2481, Min, 402.48819582934806, 402.48819582934806, LOCALLY_SOLVED, 23.51503300666809
/home/ole/.julia/v0.6/MINLPLibJuMP/instances/minlp2/squfl020-040.jl, squfl020-040.jl, 821, 20, 0, 841, Min, 209.25484651852003, 209.25484651852003, LOCALLY_SOLVED, 14.414128065109253
/home/ole/.julia/v0.6/MINLPLibJuMP/instances/minlp2/squfl020-050.jl, squfl020-050.jl, 1021, 20, 0, 1051, Min, 230.20211501901917, 230.20211501901917, LOCALLY_SOLVED, 60.09745502471924
/home/ole/.julia/v0.6/MINLPLibJuMP/instances/minlp2/squfl020-150.jl, squfl020-150.jl, 3021, 20, 0, 3151, Min, 557.8485786688627, 557.7937565114746, LOCALLY_SOLVED, 1899.4890880584717
/home/ole/.julia/v0.6/MINLPLibJuMP/instances/minlp2/squfl020-150persp.jl, squfl020-150persp.jl, 6021, 20, 0, 6151, Min, 557.8478238162107, 557.8478238162107, LOCALLY_SOLVED, 200.92541980743408
/home/ole/.julia/v0.6/MINLPLibJuMP/instances/minlp2/squfl025-025.jl, squfl025-025.jl, 651, 25, 0, 651, Min, 168.80717835690118, 168.80717835690118, LOCALLY_SOLVED, 27.11227512359619
/home/ole/.julia/v0.6/MINLPLibJuMP/instances/minlp2/squfl025-030.jl, squfl025-030.jl, 776, 25, 0, 781, Min, 205.5015941442071, 205.5015941442071, LOCALLY_SOLVED, 31.901089191436768
/home/ole/.julia/v0.6/MINLPLibJuMP/instances/minlp2/squfl025-040.jl, squfl025-040.jl, 1026, 25, 0, 1041, Min, 197.33383429785118, 197.31723093993568, LOCALLY_SOLVED, 233.68611598014832
/home/ole/.julia/v0.6/MINLPLibJuMP/instances/minlp2/squfl030-100.jl, squfl030-100.jl, 3031, 30, 0, 3101, Min, 2334.0268516639185, 348.8781560355125, TIME_LIMIT, 3600.003569841385
/home/ole/.julia/v0.6/MINLPLibJuMP/instances/minlp2/squfl030-100persp.jl, squfl030-100persp.jl, 6031, 30, 0, 6101, Min, 363.0930196668578, 363.0930196668578, LOCALLY_SOLVED, 447.7054011821747
/home/ole/.julia/v0.6/MINLPLibJuMP/instances/minlp2/squfl030-150.jl, squfl030-150.jl, 4531, 30, 0, 4651, Min, 4021.742386222354, 384.33321688060755, TIME_LIMIT, 3600.095449924469
/home/ole/.julia/v0.6/MINLPLibJuMP/instances/minlp2/squfl040-080.jl, squfl040-080.jl, 3241, 40, 0, 3281, Min, 265.2185053178396, 257.05847903589785, TIME_LIMIT, 3600.0953738689423
/home/ole/.julia/v0.6/MINLPLibJuMP/instances/minlp2/squfl040-080persp.jl, squfl040-080persp.jl, 6441, 40, 0, 6481, Min, 263.89826475830586, 263.89826475830586, LOCALLY_SOLVED, 243.71537613868713
/home/ole/.julia/v0.6/MINLPLibJuMP/instances/minlp2/sssd12-05.jl, sssd12-05.jl, 96, 75, 0, 53, Min, 281408.603780343, 281407.83994148555, LOCALLY_SOLVED, 72.4190890789032
/home/ole/.julia/v0.6/MINLPLibJuMP/instances/minlp2/sssd15-04.jl, sssd15-04.jl, 89, 72, 0, 48, Min, 205054.4345738232, 205054.43063709963, LOCALLY_SOLVED, 12.74630880355835
/home/ole/.julia/v0.6/MINLPLibJuMP/instances/minlp2/sssd15-06.jl, sssd15-06.jl, 133, 108, 0, 64, Min, 539644.6263682835, 539630.1435745221, LOCALLY_SOLVED, 1850.39342212677
/home/ole/.julia/v0.6/MINLPLibJuMP/instances/minlp2/sssd18-06.jl, sssd18-06.jl, 151, 126, 0, 67, Min, 397992.24769201584, 397992.0702504513, LOCALLY_SOLVED, 827.0866348743439
/home/ole/.julia/v0.6/MINLPLibJuMP/instances/minlp2/sssd20-04.jl, sssd20-04.jl, 109, 92, 0, 53, Min, 347691.36842039035, 347691.36842039035, LOCALLY_SOLVED, 28.685023069381714
/home/ole/.julia/v0.6/MINLPLibJuMP/instances/minlp2/sssd25-04.jl, sssd25-04.jl, 129, 112, 0, 58, Min, 300176.52804454585, 300176.52804454585, LOCALLY_SOLVED, 34.93516516685486
/home/ole/.julia/v0.6/MINLPLibJuMP/instances/minlp2/supplychainp1_022020.jl, supplychainp1_022020.jl, 2941, 460, 0, 5301, Min, 2.99690095059926e6, 2.99690095059926e6, LOCALLY_SOLVED, 66.36503887176514
/home/ole/.julia/v0.6/MINLPLibJuMP/instances/minlp2/syn30m04h.jl, syn30m04h.jl, 1153, 240, 0, 2161, Max, 865.7230655660478, 865.7230655660478, LOCALLY_SOLVED, 16.89829397201538
/home/ole/.julia/v0.6/MINLPLibJuMP/instances/minlp2/syn40m04h.jl, syn40m04h.jl, 1529, 320, 0, 2905, Max, 901.751815761236, 901.751815761236, LOCALLY_SOLVED, 77.5557849407196
/home/ole/.julia/v0.6/MINLPLibJuMP/instances/minlp2/synheat.jl, synheat.jl, 57, 12, 0, 65, Min, 154997.32922567442, 154997.32922567442, LOCALLY_SOLVED, 1.9096870422363281
/home/ole/.julia/v0.6/MINLPLibJuMP/instances/minlp2/tln5.jl, tln5.jl, 36, 5, 30, 31, Min, 10.299999981294182, 10.299999845042894, LOCALLY_SOLVED, 761.3058969974518
/home/ole/.julia/v0.6/MINLPLibJuMP/instances/minlp2/transswitch0009p.jl, transswitch0009p.jl, 70, 9, 0, 140, Min, 5296.686202225454, 5296.686201340326, LOCALLY_SOLVED, 1.0168249607086182
/home/ole/.julia/v0.6/MINLPLibJuMP/instances/minlp2/transswitch0009r.jl, transswitch0009r.jl, 70, 9, 0, 104, Min, 5296.686203268171, 5296.6862023972935, LOCALLY_SOLVED, 14.099338054656982
/home/ole/.julia/v0.6/MINLPLibJuMP/instances/minlp2/transswitch0014p.jl, transswitch0014p.jl, 139, 20, 0, 278, Min, 8082.5816813058755, 8082.301044810768, LOCALLY_SOLVED, 1.0448529720306396
/home/ole/.julia/v0.6/MINLPLibJuMP/instances/minlp2/transswitch0014r.jl, transswitch0014r.jl, 139, 20, 0, 198, Min, 8082.581685533338, 8082.301049033785, LOCALLY_SOLVED, 21.055325984954834
/home/ole/.julia/v0.6/MINLPLibJuMP/instances/minlp2/transswitch0030p.jl, transswitch0030p.jl, 278, 41, 0, 556, Min, 573.9181315155311, 573.9181313296771, LOCALLY_SOLVED, 2.792646884918213
/home/ole/.julia/v0.6/MINLPLibJuMP/instances/minlp2/transswitch0030r.jl, transswitch0030r.jl, 278, 41, 0, 392, Min, 574.5960634510772, 574.5960634510772, LOCALLY_SOLVED, 50.90835499763489
/home/ole/.julia/v0.6/MINLPLibJuMP/instances/minlp2/transswitch0039p.jl, transswitch0039p.jl, 329, 46, 0, 658, Min, 41866.123136497125, 41865.91772399375, LOCALLY_SOLVED, 5.5919718742370605
/home/ole/.julia/v0.6/MINLPLibJuMP/instances/minlp2/transswitch0118p.jl, transswitch0118p.jl, 1240, 179, 0, 2480, Min, 129467.74660709228, 129456.09238361513, LOCALLY_SOLVED, 5.137104034423828
/home/ole/.julia/v0.6/MINLPLibJuMP/instances/minlp2/tspn05.jl, tspn05.jl, 21, 10, 0, 11, Min, 191.25520715648022, 191.25520715648022, LOCALLY_SOLVED, 1.0828630924224854
/home/ole/.julia/v0.6/MINLPLibJuMP/instances/minlp2/tspn08.jl, tspn08.jl, 45, 28, 0, 19, Min, NaN, NaN, ITERATION_LIMIT, 7.099751949310303
/home/ole/.julia/v0.6/MINLPLibJuMP/instances/minlp2/tspn10.jl, tspn10.jl, 66, 45, 0, 22, Min, 225.47372956548202, 225.47372956548202, LOCALLY_SOLVED, 1.2470088005065918
/home/ole/.julia/v0.6/MINLPLibJuMP/instances/minlp2/tspn12.jl, tspn12.jl, 91, 66, 0, 27, Min, 265.85788073261944, 265.85788073261944, LOCALLY_SOLVED, 1.1852929592132568
/home/ole/.julia/v0.6/MINLPLibJuMP/instances/minlp2/tspn15.jl, tspn15.jl, 136, 105, 0, 35, Min, 334.291506595238, 334.291506595238, LOCALLY_SOLVED, 4.755811929702759
/home/ole/.julia/v0.6/MINLPLibJuMP/instances/minlp2/var_con10.jl, var_con10.jl, 574, 12, 0, 465, Min, 444.21378724184274, 444.20044204630545, LOCALLY_SOLVED, 15.784575939178467
/home/ole/.julia/v0.6/MINLPLibJuMP/instances/minlp2/var_con5.jl, var_con5.jl, 574, 12, 0, 465, Min, 278.14474452995574, 278.14474452995574, LOCALLY_SOLVED, 14.210831880569458
/home/ole/.julia/v0.6/MINLPLibJuMP/instances/minlp2/wastepaper5.jl, wastepaper5.jl, 105, 65, 0, 47, Min, 0.000821211604871512, 0.000821211604871512, LOCALLY_SOLVED, 30.183687925338745
/home/ole/.julia/v0.6/MINLPLibJuMP/instances/minlp2/wastepaper6.jl, wastepaper6.jl, 137, 90, 0, 55, Min, 0.00013758813911582285, 0.00013758813911582285, LOCALLY_SOLVED, 83.69453406333923
/home/ole/.julia/v0.6/MINLPLibJuMP/instances/minlp2/water4.jl, water4.jl, 196, 126, 0, 138, Min, 1044.6495271935485, 902.9415911538485, TIME_LIMIT, 3600.194044113159
/home/ole/.julia/v0.6/MINLPLibJuMP/instances/minlp2/watercontamination0303r.jl, watercontamination0303r.jl, 385, 14, 0, 557, Min, 424.54398399232434, 424.54398399232434, LOCALLY_SOLVED, 2755.4543011188507
/home/ole/.julia/v0.6/MINLPLibJuMP/instances/minlp2/waternd2.jl, waternd2.jl, 233, 72, 0, 250, Min, 1.0627060583212008e6, 1.062694065528858e6, LOCALLY_SOLVED, 36.36964702606201
/home/ole/.julia/v0.6/MINLPLibJuMP/instances/minlp2/waterno2_03.jl, waterno2_03.jl, 499, 27, 0, 617, Min, 115.0044290418898, 115.0044290418898, LOCALLY_SOLVED, 154.16793203353882
/home/ole/.julia/v0.6/MINLPLibJuMP/instances/minlp2/waterno2_04.jl, waterno2_04.jl, 665, 36, 0, 823, Min, 145.439629065325, 145.43080036206945, LOCALLY_SOLVED, 1922.5298600196838
/home/ole/.julia/v0.6/MINLPLibJuMP/instances/minlp2/waterx.jl, waterx.jl, 71, 14, 0, 55, Min, 930.5888424137922, 930.5888424137922, LOCALLY_SOLVED, 11.323724031448364
